Datetime,Open,High,Low,Close,Volume
2013-11-27,67.55313049251784,67.57439152587008,67.03589220286386,67.29805755615234,4603800
2013-11-29,67.47517735652644,67.66648336024765,66.90833554301945,67.07130432128906,4106800
2013-12-02,66.89420082617258,67.0713383069251,66.58243713018992,66.80208587646484,5827400
2013-12-03,66.74536846695352,67.0004467489565,66.25647293128475,66.58240509033203,9061100
2013-12-04,66.43364479937155,66.78083276110836,65.98725487133142,66.3415298461914,6218500
2013-12-05,66.19273907243449,66.34153392232102,65.65424496974248,65.87389373779297,8666200
2013-12-06,66.3202739131028,66.94380132575687,66.19273470649694,66.91545867919922,7280400
2013-12-09,66.81626211915099,66.94380132575687,66.39112782659338,66.91545867919922,6974500
2013-12-10,67.01464451581478,67.16343933207753,66.57534167317748,66.702880859375,7576600
2013-12-11,66.88709807156944,66.92252231589877,65.91638295941098,65.97306823730469,9424300
2013-12-12,65.78175081006923,65.79592483116002,64.52762023379158,64.59139251708984,12285700
2013-12-13,64.80394644347682,65.08736736759496,64.53469953875707,64.72600555419922,7909000
2013-12-16,64.77559757331974,65.41329323973149,64.591378585315,64.74017333984375,6623000
2013-12-17,64.69058529679957,64.7118409214002,64.1237434136936,64.23711395263672,8794000
2013-12-18,64.44259441779187,65.6542191875668,63.60650553784845,65.64004516601562,9691100
2013-12-19,65.46999099406995,65.46999099406995,64.77560993462126,65.17240142822266,7341000
2013-12-20,65.15113155547768,65.71797338037948,65.15113155547768,65.25032806396484,11265000
2013-12-23,65.5833781839843,65.6684061195914,65.0165414973574,65.20784759521484,5312200
2013-12-24,65.3141386631441,65.4629335131872,65.08031586773035,65.22911071777344,3147300
2013-12-26,65.17950164328964,65.56920623779297,65.02361980548831,65.56920623779297,3459100
2013-12-27,65.73214459093232,65.8667707459725,65.31410291804578,65.43455505371094,3511300
2013-12-30,65.29994287886447,65.39913940429688,64.99526629194916,65.39913940429688,4370100
2013-12-31,65.30705559461775,65.34248525878094,64.58433693563545,64.8960952758789,6348200
2014-01-02,64.57723901905716,64.99528628121122,64.4851294759146,64.49929809570312,5919600
2014-01-03,64.683513211199,65.34246475488361,64.66225758169402,65.0802993774414,5637600
2014-01-06,65.1369739371704,65.71798447315366,65.09446268515863,65.42039489746094,7443500
2014-01-07,65.92347111450889,67.0429810462099,65.88804146375914,66.80915832519531,11063300
2014-01-08,66.7241302505083,67.02880686650263,66.51865016941392,66.71704864501953,9096700
2014-01-09,67.2697054221606,67.5814635918486,66.66743389572133,67.12091064453125,7944700
2014-01-10,67.0571673258777,67.29807712165899,66.70289234828712,67.12802124023438,6697400
2014-01-13,66.86583726225845,67.30513461737858,66.64618317889315,66.95794677734375,9589200
2014-01-14,67.0288026536337,67.24136973266239,66.83040959630313,67.11383056640625,7567300
2014-01-15,67.06422580915456,67.50352313476809,66.96502929009313,67.1705093383789,7390700
2014-01-16,67.02879390175436,67.3759817067509,66.76663399842835,67.05713653564453,8401100
2014-01-17,67.11384721633517,67.43269250817352,66.87293743994957,67.35475158691406,13714400
2014-01-21,67.26262718402859,67.38307934270317,65.62587901084612,66.62493133544922,16368400
2014-01-22,66.59658349511578,66.99337499535194,66.27773829863439,66.83040618896484,8875500
2014-01-23,66.41945678289683,66.4619734468734,65.47708965667768,65.71090698242188,9322300
2014-01-24,65.27161777959732,65.61880571189437,64.20170593261719,64.20170593261719,10604200
2014-01-27,63.98204137286219,64.30797359279067,63.66319075789791,63.72696304321289,8685200
2014-01-28,64.18044979825987,64.19461841738676,63.62069474113203,63.8403434753418,8254400
2014-01-29,63.393947300916096,63.56399772810462,62.72790880286976,62.990074157714844,11160100
2014-01-30,63.50021573195368,63.61358085449645,63.068000052787966,63.41518783569336,6874900
2014-01-31,63.06804248658746,63.30185989846412,62.45868900124397,62.6854248046875,12193800
2014-02-03,62.88378160642451,62.905037231052845,61.36748578381568,61.487937927246094,13944600
2014-02-04,61.59422524434479,61.842216556601905,60.99904068912255,61.374576568603516,11436400
2014-02-05,61.28244646348394,62.118535113211166,61.27536486046359,61.842201232910156,10667300
2014-02-06,62.09020764562793,62.890872258357504,62.033527778605205,62.883785247802734,10037900
2014-02-07,63.00425090205228,63.797828674316406,62.78460218002289,63.797828674316406,9435100
2014-02-10,63.93952844295297,64.53471304878047,63.62777022638202,64.52762603759766,8080200
2014-02-11,64.5418162907579,65.87389373779297,64.44261972416687,65.87389373779297,11556300
2014-02-12,65.85967650329219,65.88801913312501,65.15112697488323,65.48414611816406,7696100
2014-02-13,65.18658782738973,65.62589069144725,64.98110771706313,65.5833740234375,5926000
2014-02-14,65.61170421596294,65.85969554143244,65.2078310842539,65.7250747680664,5485100
2014-02-18,65.73217385475064,65.78885914587788,65.25035969178292,65.30704498291016,6926500
2014-02-19,65.29284219227507,65.71797084162613,64.88188215538729,64.93148040771484,7693400
2014-02-20,64.96695285754791,65.70384552470699,64.69770039108522,65.45584869384766,8160100
2014-02-21,65.55573070712593,65.8340530976535,65.26313230212278,65.3130874633789,7381500
2014-02-24,65.26312268761403,65.69844850501592,65.01334691813018,65.0204849243164,8406700
2014-02-25,65.36303299540756,65.56285905569807,64.69934542708053,65.0204849243164,6383400
2014-02-26,65.0204849243164,65.32735385388325,64.77784171631538,65.0204849243164,6334100
2014-02-27,65.05618608235758,65.24173073283615,64.76358764592595,65.19891357421875,7040300
2014-02-28,65.24173769659453,66.1123896461116,64.98482382805817,65.74129486083984,9643700
2014-03-03,65.03477526424638,65.64138074632109,64.82068401590097,65.34164428710938,7506700
2014-03-04,65.99104518359971,66.69755532631889,65.83404171972805,66.6119155883789,8796300
2014-03-05,66.56198708583398,66.58340111242018,65.92684041474655,66.07670593261719,6842500
2014-03-06,66.50489870810807,66.83317633142836,66.24084682981102,66.29080200195312,7718300
2014-03-07,66.63334847481674,66.71185022898175,66.1480673784807,66.59766387939453,6792000
2014-03-10,66.49061664648994,66.71898390476733,66.21943222875584,66.69043731689453,4878200
2014-03-11,66.87597473361575,66.90452131607508,66.43351087255205,66.7189712524414,5837200
2014-03-12,66.24083293656142,66.8117537367603,66.11951403604805,66.79747772216797,6154900
2014-03-13,66.97590089007468,67.22567673978742,66.35503027003236,66.36930084228516,7659400
2014-03-14,66.28365878149553,66.68330557191484,65.9839277722098,66.23370361328125,7337800
2014-03-17,66.55483884085795,67.21139393913681,66.49774567282392,67.0329818725586,5872600
2014-03-18,67.01156877435437,67.25420655507163,66.71183782945523,67.04011535644531,5891900
2014-03-19,67.00445622173287,67.33987188284145,66.31221631599061,66.79035949707031,5937600
2014-03-20,66.74042367503583,67.21857243948241,66.34078214745773,67.16861724853516,5727400
2014-03-21,67.63245427095165,68.46028900146484,66.99730765120155,68.46028900146484,23988800
2014-03-24,68.01068498146637,68.10345730011848,67.46831075043576,67.93931579589844,13944100
2014-03-25,68.29615701181298,69.72345396457568,68.29615701181298,69.49508666992188,14167300
2014-03-26,69.58786014496266,70.27296198647677,69.25958251953125,69.25958251953125,11215100
2014-03-27,69.28097095823938,69.72342937292781,68.69577963179351,69.42369842529297,8694600
2014-03-28,69.58785036808152,70.09454003036593,69.19534160765468,69.53789520263672,8816000
2014-03-31,69.9375582660716,70.36574630937159,69.6592357656913,70.10169982910156,7545700
2014-04-01,70.15878370937227,70.42283561979828,69.48795780822671,69.89473724365234,7068500
2014-04-02,69.94469627612675,70.21588076645192,69.48796163731258,70.10169982910156,7995600
2014-04-03,69.9161491776969,70.1801956560676,69.60214207400595,70.12310791015625,5471200
2014-04-04,70.38000711664064,70.92237598005639,70.16591041891509,70.23727416992188,10309700
2014-04-07,70.21583282228671,70.90807231789414,69.81619164738044,69.8590087890625,11409200
2014-04-08,69.95895335714702,70.45851051522605,69.5807205677776,69.98036193847656,9601800
2014-04-09,70.237245887358,70.65116309911181,69.7805115311824,70.615478515625,8921300
2014-04-10,70.55128644532648,70.60124161921014,68.88134623533372,68.89562225341797,9667800
2014-04-11,68.65295508073467,69.36660328508619,68.5459122058449,69.131103515625,8710700
2014-04-14,69.42371710545693,69.48081028552224,68.68866010740842,69.32380676269531,8617200
2014-04-15,70.25867095577375,70.80104517284126,69.97321599966858,70.79390716552734,13999100
2014-04-16,71.05797747347586,71.1578878230433,69.98750477550563,70.47278594970703,11308000
2014-04-17,70.42995985156337,71.11506163800917,70.42995985156337,70.62264251708984,9153500
2014-04-21,70.65832727830158,71.457609975331,70.41568399905694,71.36483764648438,7031400
2014-04-22,71.36482160673769,71.90005776878823,71.17927154604311,71.49327850341797,7937900
2014-04-23,71.53607537417639,71.76444252078956,71.30770822756323,71.52180480957031,5876000
2014-04-24,71.53613207140222,71.62890987133237,71.04371825403828,71.33631134033203,6149900
2014-04-25,71.34343037761991,71.55038906396318,70.93665101334663,71.21497344970703,5895900
2014-04-28,71.76449151500752,72.43532284822308,71.45048987698178,72.32113647460938,8792900
2014-04-29,72.5281026061848,72.77788396281785,72.04995936839595,72.09991455078125,7811200
2014-04-30,71.96428593326861,72.55661527940438,71.86437561521005,72.28543090820312,8513600
2014-05-01,71.91433895299262,72.09988904107696,71.31487697646496,71.7430648803711,6590500
2014-05-02,71.4861516322511,71.63601712760557,70.56554463675532,70.8724136352539,8744200
2014-05-05,70.85814795255894,71.4861565637542,70.67973585844273,71.36483764648438,5438200
2014-05-06,71.37910106347182,71.37910106347182,71.01514434814453,71.01514434814453,5795900
2014-05-07,71.25780346534822,72.11418495415634,70.90097920618804,72.01427459716797,8720800
2014-05-08,71.84299099266839,72.14272204677884,71.62176170673531,71.72167205810547,5667900
2014-05-09,71.97858999336951,72.25691247993797,71.65745033800779,72.01427459716797,5691700
2014-05-12,72.24978214358312,72.24978214358312,71.6645905141979,71.73595428466797,7437300
2014-05-13,72.00713147659702,72.42818145906213,71.81444334129158,72.09276580810547,6183200
2014-05-14,72.0427749670341,72.14982327312912,71.91431808866069,71.98568725585938,4187200
2014-05-15,71.82158468418736,71.96431220646348,71.65744857804042,71.85726928710938,7007600
2014-05-16,71.77161717968869,71.99998444293054,71.46474815926635,71.77875518798828,6516900
2014-05-19,71.521840342141,72.02853003026914,71.45760915774747,71.82157135009766,6997200
2014-05-20,71.94287704933258,72.06420138763076,71.33627713665754,71.5432357788086,5438400
2014-05-21,71.79301216888612,72.22120002581705,71.74305700965591,72.17838287353516,5302500
2014-05-22,72.27901905546359,72.58802680736105,71.91970797105503,72.55209350585938,5124900
2014-05-23,72.60956759195102,72.69580420576948,72.34367547799889,72.56645202636719,5275700
2014-05-27,72.65269122233953,72.8395344983613,72.05623357984976,72.44429016113281,4524400
2014-05-28,72.3436606245617,72.53050384148072,71.94842189500757,72.07777404785156,4352700
2014-05-29,72.2646356346571,72.43710888381078,71.97000342865958,72.40836334228516,3685200
2014-05-30,72.36522277670178,72.9688680206748,72.25743387835837,72.911376953125,5973900
2014-06-02,72.96889325243961,73.48630207400166,72.58802439285972,73.42162322998047,5845400
2014-06-03,73.23475092010268,73.73059623830504,73.1844421303126,73.62998962402344,6681300
2014-06-04,73.46472351557004,73.80965897731696,73.25632249454989,73.78810119628906,5608600
2014-06-05,73.85997488640264,74.27677699950401,73.6012705046605,74.1761703491211,4730900
2014-06-06,74.19772611434966,74.25521719376121,73.90308844435381,74.14742279052734,4624000
2014-06-09,74.06837594295332,74.18335810490595,73.78811377650788,74.1761703491211,3748800
2014-06-10,74.35582567744729,74.82293111456075,73.85278694415155,74.80855560302734,5792100
2014-06-11,74.60013956214236,74.84447386526995,74.11147643853734,74.24801635742188,5960500
2014-06-12,74.1474108311964,74.16896861183588,73.66593545474745,73.68030548095703,5930700
2014-06-13,73.66593545474745,73.76654208616513,73.42160114798291,73.68030548095703,4301600
2014-06-16,73.67309077289109,73.9389827630173,73.18442782079181,73.62278747558594,5645500
2014-06-17,73.39287536859038,73.44317869783973,72.85390877692527,73.24915313720703,4834600
2014-06-18,73.234760181515,73.8958910111589,73.19882689359197,73.88151550292969,5445000
2014-06-19,73.96777321508516,74.64327974575082,73.88153658904757,74.60015869140625,5481500
2014-06-20,75.00256720718102,75.8002379285285,74.78697845121961,75.64932250976562,12459700
2014-06-23,75.39063216925005,75.54154212235947,75.05287897210738,75.27565002441406,6063200
2014-06-24,75.18942822009146,75.62060586547204,75.13194261900536,75.16068267822266,5915000
2014-06-25,74.90198157148123,76.0805213403041,74.90198157148123,76.00147247314453,6411100
2014-06-26,76.05895114112992,76.15237551161438,75.4768690656843,75.92241668701172,5106900
2014-06-27,75.793076408377,75.87930755448834,75.06007877052046,75.44813537597656,6463000
2014-06-30,75.9008577187677,76.17393210539124,75.1103691315534,75.18223571777344,6877800
2014-07-01,75.56309670652595,76.1739242478323,75.44811456655525,76.08050537109375,5129200
2014-07-02,75.95832110444161,76.15235205826653,75.67087677420332,76.07330322265625,3764900
2014-07-03,76.0805243506345,76.35359877721255,75.53437001482682,75.75714111328125,4199100
2014-07-07,75.75712535547207,76.7057061189599,75.64933096544269,76.51168060302734,7014900
2014-07-08,76.32484052337661,76.35358606075285,75.82898959827503,75.97271728515625,6268400
2014-07-09,76.17392932881258,76.32483928560254,75.97271605309264,76.20267486572266,5720900
2014-07-10,75.51281124483684,76.17394225803245,75.11037914244044,76.03022003173828,4955100
2014-07-11,76.05898541442247,76.18115537836518,75.35473859539262,75.52720642089844,5461000
2014-07-14,75.72837829589844,75.80742714815311,75.534352783869,75.72837829589844,7784800
2014-07-15,75.62060811080354,75.79307588448579,73.85279287061674,74.21929168701172,14219700
2014-07-16,74.39894322115332,74.49954987395213,73.26351901653658,73.45755004882812,11946800
2014-07-17,73.22757290819456,73.37129509553037,72.04903342756093,72.12808227539062,11218900
2014-07-18,72.34370736196222,73.2707308091362,72.1281239563784,73.15575408935547,8408400
2014-07-21,72.89698063615904,72.99758722676091,72.59515538170541,72.77481079101562,6379900
2014-07-22,73.23474247356486,73.68747218561641,73.14131814061473,73.63716888427734,6554100
2014-07-23,73.87437229580972,73.96779121809902,73.21323563391059,73.4360122680664,4815300
2014-07-24,73.54379056454921,73.82405825610257,73.31383168845964,73.44318389892578,5177200
2014-07-25,73.49346329256797,73.58688765353847,73.15571558664855,73.37848663330078,3951500
2014-07-28,73.22038892948942,73.58688765353847,73.05510895379592,73.37848663330078,4634800
2014-07-29,73.62281412657116,73.66593517033382,73.07666541031239,73.27069091796875,6053900
2014-07-30,73.4934666426464,73.910268702121,73.16290119354083,73.51502990722656,5994800
2014-07-31,73.13416517179918,73.18446849706316,71.89813982493416,71.9268798828125,9141500
2014-08-01,71.68972235200194,72.15682768400667,70.9998459852188,71.79032897949219,8610700
2014-08-04,71.85503342631274,72.1352956503165,71.37355786021938,71.97720336914062,6790800
2014-08-05,71.74002924620726,72.03466138923345,71.53881598118444,71.73284149169922,6230900
2014-08-06,71.62505372360583,72.45865787876323,71.57475040270157,72.37242126464844,7412100
2014-08-07,72.64550367175858,72.71737026611338,71.56038827493894,71.81190490722656,7417800
2014-08-08,72.01311774155747,72.68862424897974,71.69692227295108,72.63832092285156,5618400
2014-08-11,73.02638155618025,73.14135824400466,72.58802162588066,72.69581604003906,5703000
2014-08-12,72.58084121980853,72.7389389788978,72.08499015405619,72.31494903564453,4577700
2014-08-13,72.68864063237775,73.26353513446864,72.68864063237775,73.11262512207031,4563700
2014-08-14,73.2203933718713,73.3353755207649,72.94013123725645,73.31381225585938,5239400
2014-08-15,73.45036292945532,73.61564842200096,72.437108636728,72.70299530029297,6986000
2014-08-18,73.24195828120688,73.81685811631634,73.11979384810775,73.80248260498047,5979500
2014-08-19,73.82403886154704,73.98931884765625,73.31381242794737,73.98931884765625,5670000
2014-08-20,73.92465458644698,74.23366229698914,73.80248466728283,74.16898345947266,5183000
2014-08-21,74.25521460496851,75.03850997470084,74.25521460496851,74.87322998046875,8357600
2014-08-22,74.97450939678845,75.26390357758149,74.49701369025459,74.591064453125,5076300
2014-08-25,74.98898869079028,75.10474306137588,74.58383459440223,74.68512725830078,3678200
2014-08-26,74.85875498919377,75.03962566210872,74.64170797380189,74.83705139160156,3512400
2014-08-27,74.9528084083601,75.03962832154076,74.45360908684277,74.67788696289062,4786100
2014-08-28,74.44636549540134,74.65617612544219,74.3089020261283,74.48253631591797,3482200
2014-08-29,74.59106970982091,75.06857096974086,74.52595891241472,75.04686737060547,5287800
2014-09-02,74.73576760755667,75.03239265417592,74.53318780823079,74.7791748046875,4644800
2014-09-03,75.11199546510272,75.31456979666314,74.90942113354231,75.06858825683594,4725800
2014-09-04,75.23497310642698,75.31455665418638,75.06857515728322,75.12644958496094,6147700
2014-09-05,75.18430972894298,75.54605102539062,74.76468850032751,75.54605102539062,5744400
2014-09-08,75.54604345940524,75.66180331214746,75.11919142181891,75.27835845947266,4900300
2014-09-09,75.53159983543898,75.53159983543898,74.91664060488635,75.0975112915039,5999400
2014-09-10,75.37967501617815,76.21167582389798,75.21327154279274,75.95845794677734,7402200
2014-09-11,75.80651939643651,75.88610293813706,75.3145509203491,75.64012145996094,4834100
2014-09-12,75.63287186217025,75.82820973599291,75.21325062834771,75.66181182861328,5929200
2014-09-15,75.66905863849004,75.9005784188601,75.49542432294785,75.76311492919922,4525500
2014-09-16,75.59669273098008,76.64574577677526,75.45923479512238,76.60233306884766,6081400
2014-09-17,76.60236146261416,77.14497359509706,76.5444870301487,76.82664489746094,6627800
2014-09-18,76.81942737442688,77.70931391875433,76.7109038173522,77.66590118408203,6628700
2014-09-19,78.05655907374016,78.40383324741742,77.86122114586502,78.12890625,13033400
2014-09-22,78.13615159836456,78.31702231965707,77.97698448046933,78.04933166503906,5788300
2014-09-23,77.96973841045174,78.20848905760562,77.55012258423253,77.7454605102539,8108100
2014-09-24,77.91908374372484,78.69321000360613,77.65862953294844,78.59915924072266,5890900
2014-09-25,78.51959661534106,78.53406936409148,77.46331226575136,77.48501586914062,5688200
2014-09-26,77.70929931688121,77.7671737526738,76.83388016878085,77.48501586914062,4467500
2014-09-29,76.96408174116739,77.15942514624987,76.71810029148963,77.07984161376953,6581600
2014-09-30,77.05094752230411,77.5646198434176,77.01477116064265,77.11605834960938,6822500
2014-10-01,76.6747026183577,76.8917441268308,75.20602803098716,75.4592514038086,12263700
2014-10-02,75.28562061046024,75.63289479333251,74.69960129158268,75.1336898803711,7566100
2014-10-03,75.40861567570204,76.10315851057194,75.3362629789511,76.05974578857422,6856100
2014-10-06,76.45765841431236,76.68917267707639,75.50989776358081,75.8644027709961,5015100
2014-10-07,75.57498596625919,75.57498596625919,74.041200984203,74.07737731933594,8407800
2014-10-08,74.10634907966012,75.98740339925155,73.82419120770821,75.90058898925781,8337000
2014-10-09,75.69798873848771,75.86439217899247,73.64330063329454,73.85311126708984,10675900
2014-10-10,74.04844859077556,74.17867568938664,73.23815155029297,73.23815155029297,9984100
2014-10-13,73.40454798529632,73.40454798529632,71.63924857754327,71.71160125732422,10334600
2014-10-14,72.73171528072221,72.99940586805197,68.97683828422163,70.18505859375,20807400
2014-10-15,69.49054794227415,71.4222463271758,68.80323574497969,71.05326843261719,21905900
2014-10-16,70.15610205832697,70.90128818363019,69.81606438490114,70.01863861083984,14575300
2014-10-17,70.56852331935187,71.7333312396856,70.40211982227426,71.40776062011719,12272900
2014-10-20,71.50180799387358,71.76949310302734,71.13283021237406,71.76949310302734,7988900
2014-10-21,72.22528154154017,72.62319372723732,71.87077103316045,72.60872650146484,7287300
2014-10-22,73.14409135388193,73.64329612510197,72.72447011197912,73.23091125488281,9360100
2014-10-23,73.98336009682282,74.50426864824713,73.7518457983827,74.25104522705078,7570400
2014-10-24,74.48255058773186,74.72853760515817,73.94717487178369,74.61277770996094,5973100
2014-10-27,74.56934884530808,75.41582213401263,74.54764525119782,75.29283142089844,7043900
2014-10-28,75.64012453375645,75.82099522320136,74.92387262934511,75.81375885009766,10347800
2014-10-29,75.96567820375313,76.3708267211914,75.86439107439355,76.3708267211914,8188300
2014-10-30,76.08866721478138,77.44881809793242,75.90056570434366,77.44158172607422,9068300
2014-10-31,78.09272674284944,78.26636105052323,77.60075827132775,77.97696685791016,10800100
2014-11-03,78.01315113158424,78.22296180456168,77.23178838802735,77.7454605102539,7082600
2014-11-04,78.0565566800871,78.66428508545201,77.65863894325676,78.58470153808594,9349000
2014-11-05,78.89575823973854,79.04768888197114,78.09992318080677,78.72935485839844,6966800
2014-11-06,78.80898711266263,79.09114498273188,78.53406561662331,78.86686706542969,6200300
2014-11-07,78.85961109830143,78.88131469526267,78.07824848928834,78.28082275390625,6652600
2014-11-10,78.18674305625369,78.80170199473787,77.55731137866202,78.72935485839844,7573300
2014-11-11,78.77277025918977,79.14898423899933,78.5340252363208,78.79447937011719,6221100
2014-11-12,78.62086151593803,78.8596121250898,78.41828724868253,78.67874145507812,4895900
2014-11-13,78.89579583525469,79.21412449078505,78.49787811617259,78.91026306152344,4860000
2014-11-14,78.80171960590324,78.90300672336134,78.1433533424256,78.25187683105469,5650700
2014-11-17,78.13614812662794,78.6353530615303,77.85399025552734,78.35319519042969,5233000
2014-11-18,78.23018445600201,78.90302360578512,77.93355941133156,78.73662567138672,5407200
2014-11-19,78.46169074742393,78.72214494155146,78.20847292528175,78.68597412109375,5217800
2014-11-20,78.53405565907383,78.5485228855632,77.91186004505819,78.26636505126953,8090700
2014-11-21,79.17658383562491,79.17658383562491,78.36828756348568,78.54305267333984,8417400
2014-11-24,78.58676801414332,78.81251214132054,77.65467971879774,77.8294448852539,9098000
2014-11-25,77.90227871839947,78.05519895298401,77.69837951660156,77.69837951660156,7367900
2014-11-26,77.74933290222599,78.09886874530724,77.6255411569262,78.06974029541016,5503700
2014-11-28,78.36102800443554,79.24214287857282,78.15713438803145,78.82707214355469,5881200
2014-12-01,78.56490806778301,79.2348457077368,78.17168235154489,78.66685485839844,5638800
2014-12-02,78.62318501113513,79.03097227757316,78.2809326029383,79.01641082763672,6184400
2014-12-03,79.03823563049976,79.36592094953575,78.39014293769813,78.44111633300781,8957400
2014-12-04,78.71053475660241,78.86346047878757,78.1935173682324,78.32459259033203,6697600
2014-12-05,78.30277755568535,79.18389250248741,78.07703896971928,79.01641082763672,6449700
2014-12-08,78.95087853087558,79.2858474707009,78.74698487669369,79.02369689941406,6499300
2014-12-09,78.80522638923324,78.98727505283591,77.8367261655028,78.68143463134766,7214300
2014-12-10,78.36103205868719,78.61589909237863,77.29786846408527,77.3634033203125,9416400
2014-12-11,77.07939746853192,78.1425609201901,76.72258366933798,77.71292877197266,7114600
2014-12-12,77.66198849133119,77.82219226091274,76.01626643429282,76.04539489746094,8325500
2014-12-15,76.29294558777065,76.50412268787218,75.4628041905074,75.70310974121094,12110600
2014-12-16,75.35358571103271,76.61335935913725,74.6399525011547,74.82928466796875,10209200
2014-12-17,75.20067557239535,76.0890741293656,74.78560475298792,75.78323364257812,10207600
2014-12-18,76.91190991015905,77.7857411426493,76.27109515436162,77.77845764160156,11756800
2014-12-19,77.64738493854648,78.20081436690664,76.82452707513382,76.8609390258789,19154400
2014-12-22,76.96289225769384,77.79303369181852,76.94832525390407,77.72749328613281,8124500
2014-12-23,77.66921768484114,77.8512662855774,75.67396102068052,75.93611145019531,10171700
2014-12-24,76.00893743164848,76.7007255175023,76.00893743164848,76.16185760498047,3415100
2014-12-26,76.51140337435035,76.96288600854399,76.23469143733834,76.50411987304688,2951000
2014-12-29,76.19829611668968,76.96290280560355,76.17645116369526,76.70075225830078,4273400
2014-12-30,76.7662851196957,77.04300266558401,76.50413457921454,76.72259521484375,4371700
2014-12-31,76.9046545086487,77.26875191450135,76.12548628235149,76.14733123779297,6202100
2015-01-02,76.49684103452005,76.86093831587296,75.82689781451114,76.11089324951172,5753600
2015-01-05,76.08175585709046,76.26380446307388,75.49919809567051,75.57929992675781,8079300
2015-01-06,75.9798313717771,76.4531590319367,74.96036324919895,75.20794677734375,7428000
2015-01-07,75.66672339590136,77.06485606118966,75.59389947225657,76.86824035644531,7931700
2015-01-08,77.23231256700637,77.54543644724122,77.00657403323831,77.47261810302734,9916000
2015-01-09,77.55273766137762,77.55273766137762,76.27839690168362,76.41675567626953,7364800
2015-01-12,76.58421890648988,77.05754647151937,75.95069320845542,76.15458679199219,6839000
2015-01-13,76.78084764577297,77.42894045646311,75.90701070991973,76.28567504882812,10151100
2015-01-14,75.63030720773699,76.0453779931648,75.3754401562787,75.73225402832031,8887700
2015-01-15,74.98220341528203,75.68126960715405,74.23944176688511,74.6326675415039,10834800
2015-01-16,74.3195475115231,76.18372967642283,74.27585760839602,75.7613754272461,14092300
2015-01-20,73.94815934953563,74.31225662736557,73.00878770605233,73.75882720947266,20460000
2015-01-21,73.22724223110384,74.34866250571885,73.11073399196235,74.2030258178711,11702900
2015-01-22,74.55982858314098,75.60843035900356,73.9627093620376,75.55745697021484,9036600
2015-01-23,74.96036158963128,74.98220654096222,74.2321669149488,74.42149353027344,10126000
2015-01-26,74.1302181977003,74.60354027951854,73.7005804617356,74.4651870727539,8962800
2015-01-27,74.15205067968279,74.83654976330821,73.496674488396,74.34137725830078,10160500
2015-01-28,74.62537313359768,74.95305842898736,73.86805020387257,73.89717864990234,9053200
2015-01-29,73.91904073623724,74.61082343388877,73.30735433913695,74.55256652832031,7569300
2015-01-30,73.97000391001798,74.27584428842982,72.88499002767328,72.92140197753906,10676300
2015-02-02,73.17627720748256,73.43842772015012,72.36798071937162,73.42386627197266,8990700
2015-02-03,73.83891736777102,74.68362002968088,73.63502381336804,74.61080169677734,10005200
2015-02-04,74.36324397484326,74.60354400097266,73.56222536879659,73.809814453125,9514100
2015-02-05,73.96270908927531,74.68362002968088,73.8826072563766,74.61080169677734,6642200
2015-02-06,74.35595389880842,74.60353740556432,73.42386566401234,73.62047576904297,9215700
2015-02-09,73.59134417646108,73.59134417646108,72.16408343338271,72.65925598144531,9851700
2015-02-10,72.95780969954036,73.32918489936938,72.40438031661591,73.0743179321289,12275500
2015-02-11,73.15441778122188,73.39472329622834,72.78303703581945,73.09616088867188,8177000
2015-02-12,73.18356621948475,73.21269467371694,70.7441151233055,71.68348693847656,25835200
2015-02-13,71.68350780999614,72.5791844267637,71.60340592645613,72.54277801513672,11153600
2015-02-17,72.37524801447455,73.16898287666875,72.17863795184242,73.13985443115234,8627100
2015-02-18,73.3292067806254,73.5039775151842,72.36798996329145,72.79034423828125,7878200
2015-02-19,72.78305474437889,73.43114755355415,72.5354712243274,73.3292007446289,10028200
2015-02-20,73.46117936319546,73.6005066080055,72.67655729032064,73.51984405517578,10085700
2015-02-23,73.87182330807204,73.89382116960338,73.18253273693924,73.461181640625,6878200
2015-02-24,73.51252722754461,74.09916309911036,73.32920421700211,73.8425064086914,6587200
2015-02-25,74.01851290572891,74.27516404449578,73.44654591231267,74.21649932861328,9684000
2015-02-26,74.34114445978527,75.66107236000299,74.22382064341828,75.3824234008789,11437900
2015-02-27,75.55840550795769,75.77106085130397,75.1477637936745,75.16976165771484,8500000
2015-03-02,75.16977011170417,75.82973408000643,75.16977011170417,75.6904067993164,7277600
2015-03-03,75.60239312741537,75.60239312741537,74.65644591312027,75.04508972167969,6419700
2015-03-04,74.8837716269002,74.8837716269002,74.18714095785492,74.53912353515625,8665500
2015-03-05,74.84710674722305,75.68305909623744,74.79577653612826,75.17708587646484,8042300
2015-03-06,74.86179699510052,75.11111924889106,73.24122192647604,73.40988159179688,9287600
2015-03-09,73.47587494544538,74.00384621554709,73.15323018727521,73.81319427490234,5701100
2015-03-10,73.32185645365134,73.65184116962182,72.96987947010409,72.98454284667969,8735700
2015-03-11,73.20452411250598,73.20452411250598,72.0239238286245,72.09725189208984,9138100
2015-03-12,72.56656286691721,73.50517556645994,72.47123693775436,73.20452880859375,8318000
2015-03-13,73.21919958568729,73.36586133142413,72.33191700363034,72.74989318847656,7821800
2015-03-16,73.13852323954615,74.11380268523148,73.13852323954615,74.1064682006836,7726500
2015-03-17,73.40985264017093,73.71049941033525,72.89655054741561,73.24852752685547,7301500
2015-03-18,73.24852747255184,74.60511636917647,72.6912240618498,74.39979553222656,7972500
2015-03-19,74.09181010049689,74.76643726804105,73.99648417287855,74.56845092773438,6863100
2015-03-20,74.70045982465038,75.45574970742096,74.61979725517254,75.08910369873047,12433800
2015-03-23,75.14044662645331,75.78574169685601,74.96445807899349,75.5144271850586,9016000
2015-03-24,75.40443808932253,75.69775608753987,74.74447399197737,74.76647186279297,8390700
2015-03-25,74.68580203646401,75.16244303805938,73.57852935791016,73.57852935791016,8444100
2015-03-26,73.2925193745985,73.9231508235319,73.00653599596276,73.43184661865234,9972400
2015-03-27,73.5345336205421,74.0258380030685,73.43920765805301,73.57852935791016,5847400
2015-03-30,74.2384807287416,74.69312378410628,73.88650370068262,74.46580505371094,6061200
2015-03-31,74.04048505985294,74.4217943915026,73.76183055348079,73.7691650390625,8028000
2015-04-01,73.66649735812835,73.66649735812835,72.3099085770376,72.70588684082031,11368100
2015-04-02,72.91854467084525,73.32185183888346,72.5152319082341,73.06520080566406,6097100
2015-04-06,72.47856754334823,73.00653859797706,71.89193738953975,72.71322631835938,9697600
2015-04-07,72.99923479389749,73.96718019516732,72.9112377230275,73.40254211425781,7900300
2015-04-08,73.21188198521929,73.65919062237938,73.03589344431896,73.44654083251953,7354100
2015-04-09,73.74718557851111,74.53914238174873,73.57119704264987,74.30448913574219,8073900
2015-04-10,74.304467516805,74.89843214913147,74.0111496459942,74.83976745605469,6786500
2015-04-13,74.45847094706176,74.78112121990682,73.73251342773438,73.73251342773438,10753500
2015-04-14,74.09916738758632,74.39981423309729,73.46853574725647,73.71051788330078,9322200
2015-04-15,73.72516931471881,74.23847141397283,73.57117868494261,73.7691650390625,8237100
2015-04-16,73.52720906925424,73.5638759183994,73.16056295610541,73.17523193359375,7324800
2015-04-17,72.86724192701155,73.21921902106193,72.67658440423214,73.02123260498047,11084200
2015-04-20,73.51983638296862,73.97447371193984,73.36584577851974,73.48316955566406,6668500
2015-04-21,73.81317991964819,74.05516204257107,73.44653389722492,73.5491943359375,6532700
2015-04-22,73.79116450920667,73.91582838851913,73.29986026141854,73.6445083618164,4763900
2015-04-23,73.69584388615205,73.93049709563844,73.26320430395714,73.66651153564453,7351500
2015-04-24,73.40986822460589,74.45114160214973,73.32920565082402,74.12116241455078,6566900
2015-04-27,74.17983501166647,74.50247974653657,73.67386164859576,73.75452423095703,9113900
2015-04-28,73.65916323710753,74.02580915783892,72.82321098540578,73.87181854248047,7484600
2015-04-29,73.70317038182606,73.77649845285802,73.25586187558582,73.61517333984375,8926200
2015-04-30,73.3805273696306,73.43919207005263,72.42724556878083,72.74256134033203,10170600
2015-05-01,73.05054752605679,73.61517987717522,73.05054752605679,73.42452239990234,6255000
2015-05-04,73.57117494202696,73.7325000491775,73.44651666634627,73.5858383178711,5532400
2015-05-05,73.42451152809072,73.54184091044706,72.80854905443852,72.96253967285156,8828000
2015-05-06,73.05055821438211,73.23388123235122,72.34659849672963,72.72057342529297,8030800
2015-05-07,72.55191622621682,73.3292039983354,72.5299183601492,73.07988739013672,6401600
2015-05-08,73.68119265616808,74.55380645069803,73.65186030082447,74.40715026855469,7508600
2015-05-11,74.29715091208534,74.54647312037768,74.06983216492199,74.0844955444336,5698900
2015-05-12,73.974482514693,74.0991463856197,73.53450850754452,73.67383575439453,6903100
2015-05-13,73.8278393744504,74.15781853926084,73.67384872456726,73.73251342773438,5826800
2015-05-14,74.04051086803842,74.70047493610289,74.02584189176187,74.671142578125,5454000
2015-05-15,74.78111675441382,75.03043333612526,74.55379244185926,75.0157699584961,6023500
2015-05-18,75.06712086411096,76.51170172815928,75.03045401807042,75.83707427978516,10479600
2015-05-19,76.01304038580341,76.35035398555426,75.71972250941084,76.23302459716797,7724100
2015-05-20,76.5703621221047,76.6143634537848,75.75640741820916,75.96906280517578,7146500
2015-05-21,76.01337316698908,76.30144204353465,75.59234335548486,75.65143585205078,6875600
2015-05-22,75.54063841442884,75.64405310053584,74.8463213073946,74.86109161376953,6216600
2015-05-26,74.77245693191861,75.00882127653988,74.2923402719587,74.46961212158203,7918900
2015-05-27,74.60994478632767,74.90540158396264,74.4548312355275,74.69857788085938,9297900
2015-05-28,74.60996221882732,75.11961953757434,74.46223096780781,74.71337127685547,5700100
2015-05-29,75.00879946264547,75.06050397188946,73.73833936651461,73.96731567382812,9957800
2015-06-01,74.07071966200718,74.30708392183747,73.65708361614625,73.89344787597656,7298100
2015-06-02,73.80484467575799,74.04120904931271,73.19916061631332,73.84916687011719,8312400
2015-06-03,74.10028653433419,74.18153729959334,73.7457372281697,73.9303970336914,5375200
2015-06-04,73.81960682474079,74.21108471697144,73.16960069239997,73.29517364501953,8057900
2015-06-05,73.11791324944835,73.16223544587754,72.534387442245,72.82245635986328,7557300
2015-06-08,72.82982243811348,73.11050893475795,72.35709381103516,72.35709381103516,7054600
2015-06-09,72.71166046757575,72.78552327656843,72.23893172757727,72.5417709350586,7844300
2015-06-10,72.74120799954771,73.53155190397023,72.53438424120556,73.03665924072266,10025100
2015-06-11,73.2730126521546,73.71620071835191,72.99971973141933,73.30255889892578,6175200
2015-06-12,73.03665770670368,73.29518599035858,72.47529585196482,72.64517974853516,8717200
2015-06-15,72.2019888898358,72.2906276312728,71.65539740606711,72.00994110107422,6833500
2015-06-16,72.01733472734998,72.74858608667769,71.72187786806104,72.6525650024414,6049500
2015-06-17,72.66732168902364,73.21391874863606,72.49743783065016,72.92584991455078,6155800
2015-06-18,73.02187813938157,74.27018029970648,72.91108112263237,74.12983703613281,8815800
2015-06-19,73.77530650333735,74.01167090277492,73.70144368514532,73.76053619384766,11653600
2015-06-22,74.30710461485928,74.4843764502565,73.85653423855673,73.9303970336914,5055900
2015-06-23,73.93778032632497,74.12982808982173,73.47982764423922,73.701416015625,6046600
2015-06-24,73.50198909620514,73.72357747717282,73.1769860416753,73.36903381347656,7254700
2015-06-25,73.49461678188113,73.8491661564726,73.20654788050044,73.21393585205078,6581100
2015-06-26,73.4429012644183,73.95994648816722,73.30994597325852,73.59801483154297,9041100
2015-06-29,73.11051711455839,73.383810036664,72.10596726078276,72.15028381347656,11150900
2015-06-30,72.70425865506995,72.71902895990817,71.86959836514512,71.98777770996094,8967900
2015-07-01,72.60823548412378,72.888916350888,72.12073090801925,72.73380279541016,6726700
2015-07-02,73.01447852405104,73.14004582650108,72.62300067796006,72.71163940429688,6091900
2015-07-06,72.17245395876814,72.75597975180382,71.3821100386558,72.53438568115234,6817800
2015-07-07,72.85197896302964,73.11050717959986,72.03208903738656,73.0661849975586,7122600
2015-07-08,72.69689841948721,72.82246578231222,72.15769473894588,72.21678161621094,6845500
2015-07-09,73.16222267541637,73.5241543434129,72.6821060180664,72.6821060180664,7316400
2015-07-10,73.70142923614351,73.78268001083725,73.19176631040473,73.51676940917969,6969300
2015-07-13,73.90088143023806,74.21849662862364,73.7679260998587,74.0633773803711,6986300
2015-07-14,73.31732612400117,73.77527880608692,72.7928929857409,73.701416015625,9890600
2015-07-15,73.68667234619977,74.55826711358125,73.59064561205707,74.1741714477539,7990300
2015-07-16,74.56565286945253,74.868497759678,74.44008551098577,74.683837890625,5775000
2015-07-17,74.52133079616003,74.53610674040046,73.83439590864089,73.92303466796875,8054200
2015-07-20,74.23325100144827,74.34404802553951,73.93779414899522,74.1372299194336,5016200
2015-07-21,74.30712962740083,74.46224324000748,73.9156516095785,74.11508178710938,5891600
2015-07-22,74.16678437688489,74.38837281422171,73.66450936273489,73.99689483642578,6721900
2015-07-23,74.23326706978094,74.30712989003966,73.86394733311536,74.01167297363281,5016100
2015-07-24,73.6792740902457,73.82699970394744,73.16222880691866,73.23609161376953,6524200
2015-07-27,73.10313830311303,73.11790861073808,72.32756472157725,72.59347534179688,8734000
2015-07-28,73.04403172592333,73.29517199012194,72.69687039223791,73.14005279541016,7757500
2015-07-29,73.3173436080174,73.90086937194869,73.16223002044644,73.66450500488281,7853500
2015-07-30,73.71620218586266,73.86392778728906,73.4059694062745,73.74574279785156,5517400
2015-07-31,74.11504876964433,74.58778300484953,73.8343679245448,74.01902770996094,6216800
2015-08-03,73.86392994992075,74.01904352657111,73.29518016886944,73.87870025634766,6172500
2015-08-04,74.16678754214584,74.23326238557246,73.60541999993298,73.71621704101562,6005300
2015-08-05,74.28495057477983,74.60256568379893,74.12244903499743,74.24801635742188,4571300
2015-08-06,74.22586076431499,74.30711153714327,73.13267776959525,73.17699432373047,6988000
2015-08-07,73.14007082437045,73.17700504847656,72.50484612564226,73.0145034790039,6027900
2015-08-10,73.54632259300381,73.90825431007852,73.45768383896927,73.70882415771484,6133500
2015-08-11,73.16220615277514,73.3764065357058,72.95538246811483,73.13265991210938,6682600
2015-08-12,72.68212585975381,72.92587824031,71.95087435345724,72.91110229492188,7462400
2015-08-13,72.9332301763358,73.11050763486553,72.49743577036527,72.7411880493164,5048000
2015-08-14,72.63041108982357,72.99973077729095,72.29063765359813,72.98495483398438,5177300
2015-08-17,72.7116442834987,73.77528089406665,72.43095778228187,73.76789855957031,6901800
2015-08-18,73.30255575176996,73.62755881692895,73.14005421919047,73.3985824584961,7618800
2015-08-19,73.2582422303377,73.85653822923724,72.96278539846458,73.35426330566406,7642400
2015-08-20,73.08837897894624,73.95259150885016,72.97019958496094,72.97019958496094,10620400
2015-08-21,72.35986788116595,73.32744138278298,71.08713278267054,71.12434387207031,16141500
2015-08-24,67.7899210733623,70.86383611743234,60.87546766784714,69.0849838256836,25636300
2015-08-25,71.22109583003648,71.22853463984914,67.28380193795559,67.5294189453125,15671100
2015-08-26,69.15195557070193,70.87126288147594,68.07273214827362,70.78939056396484,14738300
2015-08-27,71.52625324236466,71.749542468111,70.22374600863306,71.61557006835938,11131200
2015-08-28,71.3997225210209,71.6676673099788,70.24607103087,70.83406066894531,9200300
2015-08-31,70.61822829834601,70.8340730649172,69.65065477198878,69.94837188720703,9083500
2015-09-01,68.69051788628721,69.13709070576397,68.07275588546224,68.54165649414062,14593500
2015-09-02,69.34545118613086,69.56874030698754,68.84677858515961,69.47942352294922,11517400
2015-09-03,69.71018277575905,70.03022192639892,68.6681759591947,68.95100402832031,9027200
2015-09-04,68.16205148505918,68.3853349859935,67.41031730474367,67.96109008789062,10996800
2015-09-08,69.2859358482027,69.94835900484388,68.85425207304502,69.91858673095703,11394100
2015-09-09,70.70010862672888,70.82664224795327,68.4970108110266,68.638427734375,7384500
2015-09-10,68.5565569560663,69.57623636876477,68.19185642156113,69.01057434082031,8359500
2015-09-11,68.80213924949423,69.21893964962582,68.32579431263538,69.16683959960938,7381300
2015-09-14,69.14454523972047,69.89627976344217,68.85427258096816,69.45714569091797,7948700
2015-09-15,69.8069537542574,70.52147141114781,69.36038092851109,70.26097106933594,7030700
2015-09-16,70.32796525421351,70.57358233361805,69.82929228340969,70.41728210449219,5630400
2015-09-17,70.35771953139944,71.59324342421648,70.20141934227458,70.58844757080078,8258000
2015-09-18,70.02276265959178,70.49910752025741,69.40500096643899,69.50920104980469,14211100
2015-09-21,69.8664905548991,70.40981896771393,68.75005577524672,69.31571197509766,7053700
2015-09-22,68.66818214544269,69.54644438272122,68.38534837235653,69.3975830078125,10618700
2015-09-23,69.37523908086433,69.73993942720075,68.89144966230734,69.21149444580078,5609300
2015-09-24,68.86170629933596,69.1743124058934,68.31093330532448,68.83193969726562,7407600
2015-09-25,69.16687243528393,69.31572816928895,67.55176443955222,67.73039245605469,10794400
2015-09-28,67.50707414421058,68.52675308691288,66.91164578578048,68.00575256347656,14332800
2015-09-29,68.65329176065225,69.8441543430936,68.34813588568949,69.24872589111328,11520000
2015-09-30,70.0599684230027,70.31302980520547,68.91376191432968,69.47942352294922,10970100
2015-10-01,69.53899116701807,69.85159149737292,68.29602865454989,69.34547424316406,9675900
2015-10-02,68.5788610318022,69.9409127150144,68.3555718226433,69.91114044189453,8368100
2015-10-05,70.10466278851872,70.57356334976495,70.02279045074036,70.5289077758789,9419200
2015-10-06,70.3502651411568,70.45447093105425,68.90634687788308,69.53154754638672,8365200
2015-10-07,70.15676026053859,71.02013350184971,69.54644283321291,70.6926498413086,9397300
2015-10-08,70.49168531845108,70.85638572551947,69.82182337185981,70.76707458496094,7090700
2015-10-09,70.81173625009997,71.42205370319607,70.54379144840111,70.98292541503906,8259700
2015-10-12,70.75962129638552,71.80162800831934,70.69263794929765,71.44436645507812,8957900
2015-10-13,70.55122169950896,71.62300069001685,70.19396014317972,71.04244995117188,12761900
2015-10-14,70.8638290680722,71.42204640146278,70.0525559358818,70.35771179199219,8881900
2015-10-15,70.70751540505488,72.45659491358933,70.60331531031524,72.3077392578125,9561900
2015-10-16,72.8436349998518,73.17111860656019,72.49381793221532,73.1190185546875,9495300
2015-10-19,72.97763193136815,73.0892708811784,72.42685327938983,72.89575958251953,8725400
2015-10-20,72.90316811389154,73.12645727773436,72.42682319760755,72.63522338867188,6041800
2015-10-21,72.67246829298394,73.10415781511294,72.2482232601279,72.66502380371094,7059800
2015-10-22,72.82874801075927,74.28755518143214,72.29285850347537,74.07915496826172,9887900
2015-10-23,74.33965368606084,75.08394339100991,74.07915342502461,74.65969848632812,9178900
2015-10-26,74.46621836433071,74.63740188804262,74.04941209404684,74.38434600830078,7561600
2015-10-27,74.36946543395464,75.09887223053407,74.20572070338685,74.57042694091797,8883200
2015-10-28,74.76391378780679,74.78624725341797,74.05684069577221,74.78624725341797,7256300
2015-10-29,74.77879226257224,75.56773758226815,74.51829198517078,75.44865417480469,6340700
2015-10-30,75.56775500805625,76.00688901563665,75.1807267464518,75.19561004638672,10520300
2015-11-02,75.30725248761904,76.17062582085498,75.05419096820901,76.04409790039062,6297900
2015-11-03,75.79845480469429,76.14083303883356,75.25512654319373,75.88777160644531,6229200
2015-11-04,75.84311439111366,76.20781471963953,75.68681425031686,75.87288665771484,5592300
2015-11-05,76.10362531927073,76.28225326549804,75.48586347707128,76.16316986083984,6545600
2015-11-06,75.59751666689468,75.85801696777344,75.06907157697472,75.85801696777344,6221100
2015-11-09,75.46355331010605,75.61240902029826,74.8383525131212,75.05419158935547,6625900
2015-11-10,75.17327344427655,75.73893530967345,74.93510092386956,75.5082015991211,5114200
2015-11-11,75.75382519607611,76.1855147013825,75.54542493240578,75.81336975097656,6284700
2015-11-12,75.2774703925996,75.62728750936326,74.5927251351153,74.62993621826172,6918700
2015-11-13,74.45876501737361,75.12862708771965,74.23547576776443,74.33967590332031,8517500
2015-11-16,74.7117993038632,75.38910566797531,74.45874352725859,75.33700561523438,5755800
2015-11-17,74.71179604092717,75.7017026782521,74.71179604092717,75.54540252685547,5124000
2015-11-18,75.56776199940222,76.51301346944481,75.40401729256133,76.41625213623047,7148400
2015-11-19,76.4088059409596,76.42368924083323,75.96222744601027,76.28227233886719,5164500
2015-11-20,76.84458318408056,77.07701776259941,76.6271473372546,76.83708953857422,7671500
2015-11-23,76.769621877309,77.2269860386604,76.61966885274906,77.05453491210938,6730600
2015-11-24,76.33474340760561,77.06952689237158,76.33474340760561,76.50719451904297,7492400
2015-11-25,76.60465695467813,76.72462392998446,76.44720458984375,76.44720458984375,5400800
2015-11-27,76.68715579796019,76.94208283670002,76.31976683659887,76.754638671875,2353800
2015-11-30,76.83712167138104,76.83712167138104,75.90739440917969,75.90739440917969,8983700
2015-12-01,76.27476657814908,76.84459260485426,75.8174024512273,76.74712371826172,7545700
2015-12-02,76.85209901421199,77.17450317059745,76.46971135888474,76.51470184326172,6623500
2015-12-03,76.67963512125496,76.7546173426218,75.21007396384246,75.5699691772461,12008700
2015-12-04,76.02734108573944,77.22698238651024,75.93736584305378,77.18949127197266,7845400
2015-12-07,76.93458581679559,77.59438723779664,76.92708644827793,77.46692657470703,7262900
2015-12-08,77.21196233874817,77.40690004913566,76.4097019634704,76.79208374023438,8005400
2015-12-09,76.5821765361075,77.48190611004742,76.22978064153966,76.58967590332031,7947000
2015-12-10,76.70213289171609,77.48189536346393,76.32724466784717,76.9570541381836,6479300
2015-12-11,76.75461410033478,76.75461410033478,76.049822435709,76.23726654052734,7796500
2015-12-14,76.21478762745515,76.69464416293526,75.56247996812696,76.58967590332031,10641500
2015-12-15,76.9645603415552,78.49410511725935,76.9645603415552,78.07422637939453,9283200
2015-12-16,78.45659168719175,79.09390039904034,77.61684017066209,78.91395568847656,8178800
2015-12-17,78.8465040647126,78.92148057499865,77.6993411480058,77.70684051513672,8740800
2015-12-18,77.2869559235406,77.2869559235406,76.43970489501953,76.43970489501953,14966000
2015-12-21,76.73212614518621,77.1669978987281,75.61496073449632,76.16230010986328,8321900
2015-12-22,76.40974173890837,77.13702028995255,75.8399098788004,77.00955963134766,5581600
2015-12-23,77.30947017451848,77.72934326439955,77.03205075708031,77.5943832397461,5531700
2015-12-24,77.31695045454578,77.90927454316105,77.23447458648918,77.76681518554688,2546300
2015-12-28,77.3619455070892,77.57938139541713,77.17450136753145,77.39193725585938,4063000
2015-12-29,77.48192741406923,78.11924223454562,77.48192741406923,77.99927520751953,4230000
2015-12-30,78.05924100130953,78.23168641308546,77.62436920757143,77.81181335449219,3847800
2015-12-31,77.50439226556273,77.69183637460365,76.9945440601578,77.01703643798828,4592600
2016-01-04,76.25976921913698,76.33474572712424,74.56527268098883,75.3375473022461,12722800
2016-01-05,75.41252991373567,76.0573382312271,75.40503054622772,75.65245819091797,6467200
2016-01-06,74.84270050086927,75.70494474090167,74.67774873247367,75.27007293701172,7733800
2016-01-07,74.46029940215881,75.04512413348051,74.13789529125832,74.392822265625,9433100
2016-01-08,74.88767908671545,74.93266956914611,73.36563361904594,73.59806823730469,9766700
2016-01-11,73.65806498289305,73.95047745246424,72.03855020683282,73.15571594238281,8151400
2016-01-12,73.4705911698105,73.95044762996841,72.90825884428106,73.65803527832031,6745000
2016-01-13,73.8455123031552,74.21290703824404,72.60837949147567,72.74333953857422,8290700
2016-01-14,72.8033153010611,74.58028811192864,72.72833877628801,74.14541625976562,10164300
2016-01-15,72.25596014610323,73.47809372734778,72.165984910788,72.72831726074219,12662200
2016-01-19,73.42561458052637,73.78550982584174,72.65334568283019,73.10321044921875,12457800
2016-01-20,72.06099657050041,72.93823341894944,70.8763487106943,71.79107666015625,12685200
2016-01-21,71.80610448876449,72.45841220847144,70.68893892497498,71.9335708618164,11266400
2016-01-22,72.7433307406803,72.79581487929637,71.9410699244964,72.5408935546875,8380000
2016-01-25,72.51839355380709,73.24567776992397,72.00854523779104,72.2784652709961,9350200
2016-01-26,72.92326602189578,75.98234987960242,72.83329078006818,75.86238861083984,17266600
2016-01-27,75.3450519086173,77.51190591058598,75.3450519086173,76.59718322753906,19330500
2016-01-28,76.85209283914868,77.25697284396168,76.36473696000299,76.67964172363281,12789500
2016-01-29,77.14451510651249,78.53910006165462,76.9495715858094,78.30667114257812,15614600
2016-02-01,77.68434912613826,78.56908568763063,77.3919367280497,78.25418090820312,9803700
2016-02-02,77.45192505632667,78.17170990577593,77.22698978822437,77.5344009399414,10616300
2016-02-03,77.71435236933569,78.26168613067593,76.48471909797667,78.08174133300781,10168600
2016-02-04,77.68436612855406,78.04425574942682,77.02456467672573,77.90180206298828,10389000
2016-02-05,76.97205066600962,77.05452081018569,74.81269089735204,75.38252258300781,15522200
2016-02-08,75.21007924751542,77.60936749130076,75.14260210795328,76.47720336914062,14323800
2016-02-09,75.95987182995087,76.65716435472969,75.70495051052346,76.45472717285156,10044500
2016-02-10,76.51467795638278,77.15948606785308,76.0048298152281,76.27474975585938,9833100
2016-02-11,75.32253715783283,76.49218652219827,74.96264768587731,76.25225830078125,12465800
2016-02-12,76.34223937988281,76.46220635995572,75.51748641307321,76.34223937988281,9035000
2016-02-16,76.75463131526233,77.26447962353323,76.21479125705297,76.7171401977539,10452800
2016-02-17,77.0395406955626,77.40692960424008,76.64965940558623,76.85209655761719,8904000
2016-02-18,77.09952577849137,78.48661128375093,76.85209813843208,78.15670776367188,10744600
2016-02-19,78.22468112845957,79.05541127287744,78.0736356174218,78.66270446777344,9343300
2016-02-22,78.6626747245667,79.10824584960938,78.57960116535621,79.10824584960938,6947000
2016-02-23,79.03276459260654,79.13849358108111,78.5116676052692,78.602294921875,6629200
2016-02-24,78.04340335487755,79.3574729828529,77.76397932552513,79.266845703125,9076100
2016-02-25,79.25929045297244,80.34679474144511,79.12335241691335,80.33924102783203,8092500
2016-02-26,80.67154285461935,80.74706271245032,79.61424755959844,79.88612365722656,9049400
2016-02-29,79.50852243819344,80.20331438259711,79.32727361830467,79.45565795898438,10111100
2016-03-01,79.97676318527061,80.98874211105392,79.6293671766377,80.97364044189453,8298500
2016-03-02,80.73952463912345,81.1171297362774,80.37702121066516,80.83769989013672,9767000
2016-03-03,80.67156674556021,80.80750483463243,79.7728646143718,80.54318237304688,6927200
2016-03-04,80.43746246985312,80.79241228482671,80.10516804531643,80.4299087524414,6715700
2016-03-07,80.05228343980345,80.74707546041203,79.66712461372394,80.61113739013672,6973500
2016-03-08,80.4449968226817,80.63379939346153,80.02963462404438,80.21843719482422,7632900
2016-03-09,80.6866455078125,80.82258355828831,80.12023792446257,80.6866455078125,7564200
2016-03-10,80.7999558176087,81.1700130471495,80.10516366051647,80.91323852539062,10474700
2016-03-11,81.18511074522064,81.55516219484903,80.96609905737597,81.34370422363281,7763800
2016-03-14,81.50227394263358,81.78925747287826,81.04159531315273,81.30592346191406,7242800
2016-03-15,81.27572549850535,81.82702572943226,80.62624425197471,81.38145446777344,8476600
2016-03-16,81.35878583467976,81.39654288224331,80.71685264634624,81.11711883544922,7065100
2016-03-17,81.16244338675234,81.26061864125245,80.39212573459335,80.61113739013672,8571100
2016-03-18,80.7999531106758,81.44188075087055,80.32417266808862,81.18511199951172,14758300
2016-03-21,81.11712479344828,81.3738934782046,80.46764360497554,81.0189437866211,7674700
2016-03-22,81.01894729734377,81.28326970833955,80.84525218231644,81.09446716308594,7821700
2016-03-23,81.02651150068557,82.18953602140756,80.95853957946171,81.94031524658203,8191300
2016-03-24,81.72887830551892,82.02340992902906,81.37392846134036,81.79684448242188,6284500
2016-03-28,81.87238069905584,82.24243226523141,81.60805238998819,81.73644256591797,4738100
2016-03-29,81.78925604311468,82.5067033325928,81.36633446956719,82.42362976074219,6612800
2016-03-30,82.65774696305785,82.74082053884351,82.265040228086,82.30280303955078,5248200
2016-03-31,82.21217128605353,82.30279857157149,81.5928992395036,81.71372985839844,8167700
2016-04-01,81.56268582630555,82.53690748731299,81.32857255335644,82.46138763427734,9043200
2016-04-04,82.18198643048788,82.39344439727029,81.75907049692309,82.00828552246094,10668900
2016-04-05,81.73642000530754,82.95230338713755,81.57027280379847,82.28016662597656,7939000
2016-04-06,82.10647162750834,82.69553478904955,81.47209192614241,82.63511657714844,6828700
2016-04-07,82.31790061845786,82.7861329531029,82.03847080816708,82.52180480957031,7822900
2016-04-08,82.59733495186754,82.80123915414602,82.13665630627223,82.39342498779297,6301600
2016-04-11,82.43120327873196,82.78615303249669,82.05359813843707,82.2952651977539,6823900
2016-04-12,82.31791687454331,83.25437596696892,82.12911431290445,82.77104187011719,8412300
2016-04-13,83.07313559496812,83.33745805586533,82.55203862791538,82.97496032714844,5758300
2016-04-14,83.07314508602795,83.2921567963069,82.65777705587854,82.95230865478516,4457100
2016-04-15,83.12599470717765,83.37521548066422,82.69552508106318,83.20906829833984,10057900
2016-04-18,83.07312877459188,83.90385890997838,82.8239080054368,83.77547454833984,7772500
2016-04-19,84.31922603485636,86.05620616246016,84.19084167447201,85.09709167480469,10526400
2016-04-20,85.4822552496972,86.23746554571207,85.3765262691989,85.77678680419922,8213400
2016-04-21,85.57287741193666,85.89007011750576,85.16506315774555,85.76923370361328,7884500
2016-04-22,85.66350266925916,85.90516972945476,85.21037765161708,85.58042907714844,7508700
2016-04-25,85.57286959652711,85.75412420081177,84.946049482549,85.72391510009766,6139900
2016-04-26,85.67857555753791,85.76164912174154,85.0744109909059,85.27076721191406,5853600
2016-04-27,85.3085613919469,85.48981026465633,84.93095621275354,85.16506958007812,5759300
2016-04-28,84.65906136139725,85.11974003940958,84.31166536453158,84.946044921875,6640000
2016-04-29,84.62884398704851,84.74968037160163,84.21348187918808,84.64395141601562,7774500
2016-05-02,84.74970283213912,85.18017248305061,84.53069114844065,85.14996337890625,5178800
2016-05-03,85.0064637555031,85.41427798124363,84.67417516407511,85.10464477539062,7554500
2016-05-04,84.61376436646958,84.99136952389128,84.35698986328815,84.74970245361328,5214600
2016-05-05,84.64395848113874,85.41427033067595,84.61374938247894,85.24812316894531,5404300
2016-05-06,85.02157962266631,85.37652939668325,84.79501422084346,85.14241027832031,6099900
2016-05-09,85.32364579377636,86.08640390135648,85.13484325514433,85.88249969482422,6512700
2016-05-10,86.0939784136102,86.8491887505717,86.03356020382185,86.59996795654297,8356400
2016-05-11,86.52442228601421,86.66791405104344,86.32806604362621,86.37338256835938,6680700
2016-05-12,86.47156626328992,86.66792252487637,85.74656517642812,86.26766204833984,7156300
2016-05-13,86.01845510349372,86.16194114377454,85.61064084637468,85.76168060302734,6779900
2016-05-16,85.63328128397691,86.5697402876922,85.5728630871446,86.42625427246094,6222900
2016-05-17,86.50179773920271,86.51689941163302,85.5200219390922,85.9655990600586,9233900
2016-05-18,85.79943207674195,86.11661898084532,85.2481260904509,85.7843246459961,8267900
2016-05-19,85.3312004655971,85.36896328101535,84.73458370512822,85.22547149658203,8232200
2016-05-20,85.33955805392934,85.88719252491278,85.00489705727688,85.67422485351562,7435200
2016-05-23,85.77309738538021,85.81112981205098,85.21786109476204,85.30913543701172,6462300
2016-05-24,85.58295822854815,86.32835094862031,85.58295822854815,85.71226501464844,6125300
2016-05-25,86.08495530820905,86.50328883005288,85.83395519510275,86.2142562866211,5453800
2016-05-26,86.03172743611735,86.19145322428548,85.8339692114132,85.87200164794922,3973600
2016-05-27,85.97846574257649,86.20664290053551,85.71225615682408,85.9936752319336,4647000
2016-05-31,86.14580804280166,86.42722714699407,85.43084010752168,85.71226501464844,10104700
2016-06-01,85.71223403596323,85.99365303844333,85.2406587465261,85.78068542480469,4748900
2016-06-02,85.84918779228146,87.20305902250534,85.84158014409613,87.08135986328125,7310800
2016-06-03,87.06613730568921,87.76588995742492,86.79992768850003,87.28671264648438,6881700
2016-06-06,87.44643051143605,88.22984980102747,87.41600572894569,88.0549087524414,6349400
2016-06-07,88.23745803235576,88.4047914356951,87.81151687760092,88.02449035644531,6417400
2016-06-08,87.86475480232157,88.1918139477259,87.781093907389,88.07772827148438,5863800
2016-06-09,88.06254268297528,89.13499482485474,87.93324167099901,88.990478515625,7375500
2016-06-10,88.79270390865724,89.16540318452074,88.5036771463969,88.9980697631836,6067400
2016-06-13,89.08932091993428,89.47722961155822,88.83071899414062,88.83071899414062,7940900
2016-06-14,88.57210305097706,89.12734507976492,88.45801739013899,89.08171081542969,6378400
2016-06-15,89.4772551192287,89.55331418950148,88.48846979687733,88.54171752929688,6371400
2016-06-16,87.99407448453681,88.90679484598999,87.63659050537171,88.71664428710938,6664300
2016-06-17,88.70142898399257,88.73945561151648,87.47685900080013,87.83434295654297,10702200
2016-06-20,88.68622113105823,89.09694704214014,88.55692014134763,88.64058685302734,5588200
2016-06-21,88.98285383663422,89.10455297962748,88.36676788330078,88.36676788330078,5493500
2016-06-22,88.64059200784355,89.15019415193939,88.46565092699387,88.57974243164062,5833800
2016-06-23,89.1425713587406,89.27947998046875,88.74706078648927,89.27947998046875,6775900
2016-06-24,87.52248994214203,89.08172668460031,87.46924802328869,87.94842529296875,13939500
2016-06-27,87.46928015044341,88.71666768139745,87.46928015044341,88.6482162475586,10877400
2016-06-28,89.11976020792112,90.03248634838918,88.64819054813361,89.9260025024414,10089600
2016-06-29,90.38995033086677,90.82349909653544,89.82710640447605,90.76264953613281,8341500
2016-06-30,90.64857613804979,92.34472170418067,90.63336664638283,92.26105499267578,11559900
2016-07-01,92.26102561362826,92.44356847017715,91.87311696589569,92.25341796875,7051400
2016-07-05,92.30668768644308,93.72901595468154,92.29147239210262,92.99883270263672,9334100
2016-07-06,92.74023887029784,93.29548110378177,92.44360443689555,93.28026580810547,9332400
2016-07-07,93.24220972526672,93.40954311765933,92.8010649124259,93.18136596679688,6058700
2016-07-08,93.55408632177166,93.63014539396654,92.76305920448738,93.43999481201172,6129900
2016-07-11,93.33351341777934,93.89635753042347,93.10533619516247,93.50084686279297,6711600
2016-07-12,93.2878498227427,93.70617750090254,93.25742504203285,93.49320983886719,6415900
2016-07-13,93.3106846595183,93.85831921032016,93.02165789234384,93.5540771484375,5230800
2016-07-14,93.53886850245131,94.11692204202706,93.48562657636053,93.69098663330078,5322700
2016-07-15,94.13973833014053,94.54286239882249,93.33350179864594,93.5540771484375,7192800
2016-07-18,93.55406151569564,93.72139491191669,93.12812618199386,93.6605453491211,6599200
2016-07-19,94.90791986690287,95.64570476052289,93.81265109262714,95.2654037475586,11325700
2016-07-20,95.71416659154093,95.88910762986586,95.10568838622574,95.18174743652344,7334600
2016-07-21,95.2350263771772,95.63814472311823,94.99163383983908,95.18939208984375,5492600
2016-07-22,95.16655597517219,95.34149124370178,94.80907198782737,95.09809875488281,5839200
2016-07-25,95.12853157400934,95.17416585609918,94.42117118694114,94.99162292480469,4880600
2016-07-26,95.09811771224102,95.49363421225036,94.88514996743716,95.18939208984375,5589900
2016-07-27,95.15134499618719,95.25022700743071,94.57328563292299,94.90034484863281,4812600
2016-07-28,95.06007484312299,95.07528433532532,94.6265317786713,94.66455841064453,4320400
2016-07-29,94.57327991883427,95.318672668765,94.57327991883427,95.2502212524414,7020900
2016-08-01,95.31104413851449,95.61528612902839,95.15131839915469,95.37950134277344,4615100
2016-08-02,95.56967338810556,95.7598239496406,94.6797701528258,94.96118927001953,7158700
2016-08-03,95.07527053407793,95.07527053407793,94.07888355581966,94.23860931396484,5310600
2016-08-04,94.49721001812973,94.61130150185272,94.04084988617169,94.20818328857422,4728200
2016-08-05,94.60369911427435,94.60369911427435,94.132129466309,94.4972152709961,5146900
2016-08-08,94.31468682184232,94.42877832939125,93.72902559406266,94.04847717285156,5232500
2016-08-09,94.24621034091315,94.31466174548159,93.8050597239157,93.88111877441406,3941500
2016-08-10,94.0028084590677,94.1473247114789,93.73659889115234,93.82787322998047,4333500
2016-08-11,94.20058956427089,94.42116491795215,93.91156279199961,94.13973999023438,4052000
2016-08-12,93.91154793648616,94.13972509862643,93.51603157074886,93.72139739990234,4234800
2016-08-15,93.64536585230766,93.75945156542126,93.00645684419369,93.0292739868164,6469500
2016-08-16,92.87714072272243,93.03686649802928,91.31790379725818,91.52326965332031,11289100
2016-08-17,91.65256034712205,92.28386153308854,91.15816778217318,92.26864624023438,10442800
2016-08-18,92.16217684681159,92.32951027683018,91.19621450479728,91.81990814208984,8728000
2016-08-19,91.81224795567928,91.87349762004035,91.36049590093111,91.81990051269531,7798300
2016-08-22,91.80458559366895,91.80458559366895,91.07718963493576,91.21501159667969,6544900
2016-08-23,91.62847194941958,91.85051875446915,91.13078123752541,91.4523696899414,5603200
2016-08-24,91.48301431673882,91.58255014082182,90.82453217798158,90.89344024658203,6303900
2016-08-25,91.0082635102214,91.27624898218356,90.60245610387224,90.78621673583984,5566000
2016-08-26,90.99294129819823,91.68205092909845,90.77855293339478,91.14608001708984,6482700
2016-08-29,91.34518494525248,91.98069183473045,91.16141842722955,91.81990051269531,5074900
2016-08-30,92.39416636498497,92.39416636498497,91.31456571861527,91.47535705566406,3820500
2016-08-31,91.52893219959371,91.5901876966187,91.1231247546832,91.37579345703125,5693100
2016-09-01,91.26095214794572,91.4140850580003,90.80920013248637,91.17672729492188,4551800
2016-09-02,91.39112427420778,91.73567627495777,91.03891387474322,91.3604965209961,5806400
2016-09-06,91.71271239786111,91.85819277389359,91.3911297324022,91.68974304199219,5280700
2016-09-07,91.7586370524872,91.84286190553496,91.45237123229113,91.58253479003906,4753800
2016-09-08,91.39879058682851,91.74334261741207,91.22268245102433,91.47535705566406,4833000
2016-09-09,91.13843926364282,91.23798091060321,90.48761564688792,90.5259017944336,7957300
2016-09-12,90.16603579762483,91.46002467290838,89.87507508732095,91.23798370361328,7239800
2016-09-13,90.67138919251371,90.9853192904051,89.95930997512133,90.05119323730469,7957900
2016-09-14,90.2349563469608,90.60248356393237,89.93634303889193,90.24261474609375,6124900
2016-09-15,90.20432946082124,91.0695474801227,89.82914968275036,90.83218383789062,5812100
2016-09-16,90.7402990904305,91.22267305187539,90.44168580358654,90.54122161865234,12408800
2016-09-19,90.62544094521733,90.85514615567917,90.0741531134259,90.08946990966797,5457600
2016-09-20,90.47995023883271,90.53354733625649,90.11242895411122,90.3115005493164,5187700
2016-09-21,90.31149274680659,91.11545498035002,90.07413502752871,91.04654693603516,6337300
2016-09-22,91.30691342514793,91.75865971064003,91.22268855130235,91.46770477294922,5340500
2016-09-23,91.4293886797782,91.57486317087458,90.89341188852482,90.96997833251953,4773000
2016-09-26,90.83215900432573,90.83981740143862,90.01288576260733,90.18133544921875,5998900
2016-09-27,90.64841519695035,91.28392791748047,90.13541348639319,91.28392791748047,5349500
2016-09-28,91.1537582718213,91.51362119591398,90.96999176911676,91.4140853881836,5076100
2016-09-29,91.02359469439203,91.32220797833033,89.61475313341607,89.79085540771484,6190200
2016-09-30,90.18134767209857,90.82451875891131,89.88273440232177,90.44933319091797,7941100
2016-10-03,90.34978254202363,91.12311706215417,89.91334738544408,90.96997833251953,6098600
2016-10-04,90.99297208906029,91.48301031369132,90.56419521436077,90.9776611328125,5733900
2016-10-05,91.2839083855883,91.45235806743493,90.8091870859883,91.25328063964844,5778700
2016-10-06,90.73261509945519,91.00060055800223,90.288521572923,90.92403411865234,4448500
2016-10-07,91.24565825495696,91.55192999358756,90.87813684191828,91.29925537109375,4799300
2016-10-10,91.50598050542303,92.03429320467991,91.38346948773359,91.72802734375,3657000
2016-10-11,91.42940801083809,91.59785188658269,89.63006406747576,90.07415771484375,6394200
2016-10-12,90.31919249102398,90.67906135380096,89.9669820283363,90.32685089111328,4685200
2016-10-13,89.99757849020853,91.26859790559084,89.79850104865022,90.54886627197266,7387400
2016-10-14,90.73263887626985,90.96234409615947,90.01290130615234,90.01290130615234,5640500
2016-10-17,89.9669653134584,90.7709277656841,89.9669653134584,90.72498321533203,6956400
2016-10-18,89.87507653113359,90.71732508328459,88.17528015537863,88.36669921875,12598300
2016-10-19,88.48920348695408,88.73421965192628,87.6393023868467,87.73883819580078,7400900
2016-10-20,87.92261931439457,88.58875402025653,87.73885277888694,87.9532470703125,6973000
2016-10-21,87.37130851838725,87.4708443178279,86.51374910212533,86.85830688476562,8422000
2016-10-24,87.23348813079089,87.43256557487135,86.85830843519923,86.98847198486328,6141900
2016-10-25,87.01146115422254,87.40961613307047,86.59033681921936,87.25647735595703,5595000
2016-10-26,87.0114377987712,88.2212075258316,86.98081005156955,87.71585845947266,6429200
2016-10-27,88.03746309100924,89.23957464215357,87.89198272543143,88.5887451171875,7548700
2016-10-28,88.68061487294526,88.74952876675361,87.72351964860349,88.30543518066406,8813300
2016-10-31,88.26713880402461,88.99453459519961,87.66991238792292,88.8107681274414,8552500
2016-11-01,87.86900731133795,88.77250551204196,87.76946566106157,88.31309509277344,7591900
2016-11-02,88.45092284480533,88.63468936121006,87.92261017466964,87.9455795288086,6591300
2016-11-03,87.96088439512124,88.3896670620693,87.86134858686076,88.07573699951172,6227100
2016-11-04,88.08340392924356,88.77251378068678,88.08340392924356,88.13700103759766,7160600
2016-11-07,88.73420995837364,89.36972257491111,88.69592381361046,89.32378387451172,6398200
2016-11-08,89.18597078381019,90.0205550793453,89.17831238576832,89.62240600585938,6675300
2016-11-09,91.88113439859494,93.79532469856566,90.42634860228814,92.11849212646484,16220000
2016-11-10,92.4707167959241,92.72339135674058,91.13078337793176,91.52893829345703,11904500
2016-11-11,91.49064287590217,91.49064287590217,90.44932282922727,90.70965576171875,8134800
2016-11-14,90.79391207330035,91.10783637056718,89.20130370388789,89.27787017822266,10054900
2016-11-15,89.12470917115868,89.34675596597765,88.68061558152075,89.0634536743164,7446700
2016-11-16,89.31614779564002,89.41568361859268,88.87971250785226,89.09410095214844,6594800
2016-11-17,89.33911530636372,89.33911530636372,88.91033842662738,89.25489044189453,5730300
2016-11-18,89.27029023064851,89.37051384624615,88.51473980825672,88.93877410888672,7717800
2016-11-21,89.0004824359132,89.18551297305234,88.50706374886568,88.6612548828125,5843300
2016-11-22,88.34514212125934,88.66124154491655,86.55649817928592,86.91885375976562,11649700
2016-11-23,86.5410782371571,87.45081987395075,86.0091089252144,87.17327117919922,7892600
2016-11-25,87.58189724401892,88.06761048038207,87.41228347144859,87.99050903320312,3433300
2016-11-28,87.72836176376003,87.98278236121622,87.15784766080844,87.21952056884766,9065700
2016-11-29,87.0807563764852,87.43540651959385,86.47940280845428,86.7184066772461,7799600
2016-11-30,86.4948228375652,86.74923757496504,85.80866241455078,85.80866241455078,11178500
2016-12-01,85.85490642549608,85.99368075445375,85.57735776758074,85.87032318115234,8143300
2016-12-02,86.13245913737539,86.75694070607074,85.9165892559505,86.31748962402344,6167700
2016-12-05,86.65674546832925,86.67216222976076,86.14019867115529,86.3021011352539,5451600
2016-12-06,86.53335134877557,87.27347910761607,86.2326746305595,86.39457702636719,6530400
2016-12-07,86.26352958647259,86.26352958647259,84.282143886937,85.65446472167969,11761100
2016-12-08,85.22271585198753,85.7315511504645,84.75242538469094,85.56964874267578,7774900
2016-12-09,85.89347652686418,86.67986064713058,85.7315682048544,86.54879760742188,7672100
2016-12-12,86.88029315567442,88.96961350184279,86.79548629554841,88.93877410888672,9544600
2016-12-13,89.06984816157967,89.40907564414589,88.668947767467,89.34739685058594,7051600
2016-12-14,89.52472310122648,90.43446473127769,88.33743277848079,88.65352630615234,9378700
2016-12-15,88.9156570596933,89.37052492766755,88.57642957712709,89.34739685058594,6738100
2016-12-16,89.74829345511074,89.78683828542185,89.01587109504521,89.33967590332031,11291100
2016-12-19,89.4861825573107,89.94105636505459,89.38595891656033,89.4476318359375,6310800
2016-12-20,89.41677609573627,89.6249346461837,88.591841448682,89.1700668334961,5715200
2016-12-21,89.58637540300049,89.58637540300049,88.4607641335969,88.90021514892578,5907600
2016-12-22,88.66123030461004,89.0698419901092,87.79774490064044,89.00045776367188,4602300
2016-12-23,88.96965016043231,89.6789388446352,88.89255458728246,89.4013900756836,2992500
2016-12-27,89.3474084743195,89.43221535599407,88.95421346673862,89.36283111572266,3232600
2016-12-28,89.33966516265345,89.55554089089652,88.69976694190099,88.73831176757812,3278300
2016-12-29,88.83854661300903,89.33196511472913,88.6689329001654,89.03899383544922,2993600
2016-12-30,89.27803211347099,89.42451192764331,88.64583904647398,88.82315826416016,5506700
2017-01-03,89.26259699161737,89.43221074622383,88.83856848711521,89.30885314941406,5953000
2017-01-04,89.0467148843515,89.60952354919553,88.90022922870446,89.16236114501953,5828900
2017-01-05,89.43220539379779,90.18004460416121,89.00046559483071,90.0952377319336,6217200
2017-01-06,89.94873674947156,90.20315732283437,89.24715969560718,89.66348266601562,5221400
2017-01-09,89.70204639551025,89.90249954542811,89.34740213458714,89.64807891845703,5457500
2017-01-10,89.45532774547922,90.20316690797516,89.33197604596135,89.55555725097656,5312800
2017-01-11,89.49386844396834,89.6249314481665,87.90567211058065,88.45306396484375,8887200
2017-01-12,88.09842762309093,88.45307774454277,87.40456178358876,88.36827087402344,6627300
2017-01-13,88.61499146172977,88.67666438104884,88.22950777641793,88.35285949707031,4935200
2017-01-17,87.84400490530946,88.69977897035534,87.6358404667778,88.56100463867188,6255400
2017-01-18,88.56103109206414,88.73835030761744,88.20638677894284,88.42996215820312,5014600
2017-01-19,88.41451568386955,88.58412940314548,87.82857898510159,88.04444885253906,5540800
2017-01-20,88.26801586608937,88.6843387787353,87.95192243438393,88.00588989257812,7502400
2017-01-23,88.28346389100633,88.4839111465116,87.73607783417857,87.82088470458984,7989800
2017-01-24,87.04990534652067,87.3505820700437,85.6930014903573,86.16329193115234,12450300
2017-01-25,86.29436713352999,86.9651107788086,85.39233683547542,86.9651107788086,9385500
2017-01-26,86.34834845159577,86.99595824161581,86.03996031643719,86.22499084472656,10164300
2017-01-27,86.34833684511138,87.5356271825733,86.27124129218811,87.41226959228516,8886100
2017-01-30,87.42768501477114,87.58187610788892,87.00365068567748,87.21952056884766,6969400
2017-01-31,86.95739040399643,87.42768086228575,86.6798417439564,87.3120346069336,8713400
2017-02-01,86.71841295732457,87.36602272917608,86.71070163660798,87.29663848876953,7082300
2017-02-02,86.98051334785656,87.59728941867708,86.94196263767557,87.5587387084961,7826300
2017-02-03,87.50478173177589,87.62813931353065,86.85717207360311,87.61271667480469,7267600
2017-02-06,87.47394475206167,87.5741683784953,86.82633507600417,87.42768859863281,6178400
2017-02-07,87.58186165303118,87.59728428900544,87.15783327593402,87.48934936523438,5507900
2017-02-08,87.35059304891361,87.65126981022793,87.23494678332808,87.42768859863281,5272000
2017-02-09,87.42770724729557,88.39141652938213,87.42770724729557,87.95196533203125,5854600
2017-02-10,88.13697164579229,89.42448548114722,88.06758741991698,88.84626007080078,6438500
2017-02-13,88.8770967654969,89.52471226405997,88.83084061631843,89.33967590332031,5710800
2017-02-14,89.00047401298964,89.7406019735159,88.90795581216855,89.70976257324219,5539100
2017-02-15,89.35507674842137,90.55778338983905,89.11607297792601,90.35733032226562,5979700
2017-02-16,90.20316635375036,91.19000347188296,90.20316635375036,91.03581237792969,7119300
2017-02-17,91.12062223237996,91.66800828048197,91.01268728667046,91.63716888427734,8691400
2017-02-21,91.28252401039047,92.43126357138823,91.22084521841403,92.25394439697266,8595100
2017-02-22,91.96098084299567,92.33875318223414,91.93785276455446,92.14601135253906,5103900
2017-02-23,92.14601218598287,93.98091818576532,92.11517866912496,93.82672119140625,9980900
2017-02-24,94.29235813556824,95.2546817788431,93.82671804501169,95.2469253540039,10835000
2017-02-27,94.78128756024752,95.36333920414205,94.75800644184142,94.99082946777344,5946200
2017-02-28,94.68815713669547,95.18484070126713,94.63383255684967,94.84336853027344,8885500
2017-03-01,95.06068476589336,96.58177920919407,95.00636017580892,96.1239013671875,9393900
2017-03-02,96.03850391291122,96.51190630486376,95.4719711432037,95.94537353515625,6950200
2017-03-03,95.94538334024489,96.17820634795834,95.63496055787368,96.0695571899414,5585200
2017-03-06,95.46423097954147,96.56624732647717,95.14603990871521,96.00747680664062,6670700
2017-03-07,95.13053029831023,96.58953774655217,94.983075307782,96.10061645507812,6644000
2017-03-08,96.03849678179101,96.76024087323093,95.84447961657527,96.31011962890625,7909900
2017-03-09,96.68264683474348,97.94763677275557,96.36445580342186,97.74585723876953,8571100
2017-03-10,97.81572443273076,98.16495306780772,97.42768998445156,97.9476547241211,7395400
2017-03-13,97.65275106673172,98.52194444496526,97.62170760023255,98.31240844726562,7162500
2017-03-14,98.45210098375438,99.14280183006983,98.38225170396986,98.59955596923828,7679700
2017-03-15,98.59953870638067,100.11287042583922,98.25030421047386,100.08183288574219,8360600
2017-03-16,99.67827718837385,99.88005081051054,99.15830659965323,99.69380187988281,7610700
2017-03-17,99.6860358066004,100.06631378478258,99.29800140342806,99.38336944580078,13300800
2017-03-20,99.3678355834778,99.66274549207056,99.31351692981914,99.39112854003906,5827500
2017-03-21,99.63171463120868,99.6860332885082,98.66938507257666,98.75475311279297,7578600
2017-03-22,98.59953759226543,99.06517766061162,97.947636759833,97.98644256591797,10272700
2017-03-23,97.8622960816232,98.56075933987256,97.52082976054068,97.70708465576172,8508100
2017-03-24,97.67601514390321,98.06404952603505,97.10948234077941,97.38111114501953,6490300
2017-03-27,97.13277201745196,97.89331611137919,97.12500967173658,97.62945556640625,5004300
2017-03-28,97.48977715122663,97.61394509608743,96.83787619766608,97.52082061767578,5287600
2017-03-29,97.0474259574709,97.26472431923703,96.51193647959275,96.946533203125,3971800
2017-03-30,96.8068243537581,97.34231374202817,96.44983340188982,96.74474334716797,4711700
2017-03-31,96.31790586158927,96.87667638334308,96.25581893229761,96.65937805175781,5657600
2017-04-03,96.79907935609941,97.24919483145877,96.44984478824158,96.76803588867188,4956400
2017-04-04,96.62831601816521,96.83008961818526,96.40325538343426,96.76024627685547,5358500
2017-04-05,96.79132950000364,97.4742681087353,96.55074999756323,96.8534164428711,5646300
2017-04-06,96.89220697424354,97.36560950620151,96.620584026629,97.04742431640625,4324200
2017-04-07,97.10175054791243,97.3733735001201,96.87668983867287,96.946533203125,3615100
2017-04-10,96.90773571778462,96.9698167363073,96.41105204398457,96.49641418457031,4594200
2017-04-11,96.43431036912921,96.84562588417275,96.19372501583324,96.40326690673828,4161500
2017-04-12,96.65162626007665,97.36560826209357,96.51193361438325,97.31904602050781,5556600
2017-04-13,97.10948075555243,97.51303982210528,96.9775504888056,97.0008316040039,5396500
2017-04-17,97.0241082705477,97.63720326670892,96.95426492815518,97.5673599243164,5367500
2017-04-18,95.59616459661743,95.74361957808708,93.86552839404976,94.54071044921875,13485700
2017-04-19,94.75799416274369,94.8976867760139,93.9896877502249,94.19146728515625,6993100
2017-04-20,94.57173594585115,94.7967965881451,94.1759392355456,94.57949829101562,6330100
2017-04-21,94.50965176544968,94.71143129903258,94.32339692264567,94.49413299560547,6021700
2017-04-24,95.08393855787135,95.61942787831744,94.79679691607177,95.37108612060547,5679000
2017-04-25,95.72031187001156,96.03850288322873,95.4642136955664,95.7901611328125,5090000
2017-04-26,96.0695627328682,96.43431603622811,95.8289832863693,95.85226440429688,5021800
2017-04-27,95.90660139615238,96.47312840881334,95.76690874957612,96.03076934814453,4225200
2017-04-28,96.11613973067273,96.15494554713561,95.55736913085059,95.82123565673828,4381800
2017-05-01,95.76688980887941,96.06179381735403,95.45646110889115,95.72032165527344,4556400
2017-05-02,95.85999460454002,96.03073065054669,95.3710734990122,95.99968719482422,4881600
2017-05-03,95.91434382308356,95.99971186802762,95.48750951929856,95.71257019042969,3736500
2017-05-04,95.99197480077704,96.1937484741211,95.63498377762627,96.1937484741211,3753700
2017-05-05,96.07732507915587,96.07732507915587,95.34781847243607,95.85226440429688,4139800
2017-05-08,95.8677881469678,96.07733006105224,95.47199135886942,95.6504898071289,3608600
2017-05-09,95.63494760217411,95.82120243055184,95.36331882299437,95.61942291259766,3762500
2017-05-10,95.38662498827892,95.50303057877763,94.97530352508693,95.30901336669922,4237400
2017-05-11,95.06843325549121,95.61944142343937,94.94425939857791,95.61167907714844,4095900
2017-05-12,95.54180957319016,96.31011585951295,95.46420389432801,95.953125,4097100
2017-05-15,96.5507254452736,98.84012611266441,96.48863851819449,98.552978515625,9854600
2017-05-16,98.8246001090705,99.62395004156737,98.60730178811235,99.15830993652344,7233800
2017-05-17,99.15830859542893,99.25143898355222,98.13389800981314,98.30463409423828,6480800
2017-05-18,98.14165596709775,99.23591577510747,97.75362158200518,98.5374526977539,6571300
2017-05-19,98.58401109531933,98.86339631539542,98.12613338076576,98.56072998046875,6957200
2017-05-22,98.27359268970761,99.06518620299644,98.27359268970761,98.76251983642578,4858200
2017-05-23,98.80132069007408,99.45321566415278,98.80132069007408,98.96429443359375,3972500
2017-05-24,99.17382601203958,99.33679973859856,98.78579163806067,98.95652770996094,3965200
2017-05-25,99.01123422367361,99.69870756309862,98.69093902160536,99.6283950805664,5294300
2017-05-26,99.39402099555122,99.73775165993183,99.08153369686018,99.15184020996094,4005200
2017-05-30,98.97999178418367,99.51903233372178,98.58157620949963,99.30029296875,3665400
2017-05-31,99.48776200868653,100.62052770998132,99.48776200868653,100.19085693359375,8813500
2017-06-01,100.24555181653456,100.60490417480469,100.08929922208738,100.60490417480469,5790900
2017-06-02,100.81584776473638,101.66736967303751,100.64397942649568,101.62049865722656,6562600
2017-06-05,101.5345446759266,101.96421543768777,101.40173951690923,101.83921813964844,4634700
2017-06-06,101.69857814410766,102.59698268032002,101.58140064479142,102.20637512207031,5619100
2017-06-07,102.3392018305412,102.71418182778103,102.01109284290645,102.1438980102539,5765200
2017-06-08,102.14391159136134,102.65169682346401,101.52675668217191,101.9876708984375,8101700
2017-06-09,101.84700724122177,102.88602473904791,101.80013624318991,102.75321960449219,5992500
2017-06-12,102.75325349632698,102.98762048418553,102.66731933145886,102.97981262207031,8020700
2017-06-13,102.92510066674271,103.69068821065115,102.65167058371941,103.13603210449219,5733800
2017-06-14,103.51884597611839,104.33912451128778,103.51884597611839,103.72196960449219,7329400
2017-06-15,103.12041036326907,104.17505569196186,102.97197756230062,103.93286895751953,5265000
2017-06-16,104.46411410058587,105.15158740037646,103.93288148154774,104.95628356933594,12639600
2017-06-19,104.79999739711678,105.21404043265838,104.28440450783594,104.73751068115234,7488700
2017-06-20,104.60471122305613,105.27655677643997,104.60471122305613,104.85470581054688,5201200
2017-06-21,104.90940667581243,105.55000900029324,104.69848710883507,105.39376831054688,5841100
2017-06-22,105.815598378714,107.02648434479681,105.67498536194991,106.28433227539062,7311000
2017-06-23,105.81558167705612,106.64366776613677,105.7140318211098,106.58116912841797,9007100
2017-06-26,106.62025680707778,106.94836579032282,106.40151748491441,106.5108871459961,5561800
2017-06-27,106.63588547826828,106.81556165454921,105.45625469948608,105.47187042236328,6120500
2017-06-28,106.20620129622799,106.40150509115317,104.34691727441077,104.54222106933594,6557900
2017-06-29,104.21411115331244,104.47191362014776,103.36258937886781,103.62039184570312,5750000
2017-06-30,103.66726309406454,104.05787072585859,103.33915411380539,103.34696197509766,5264400
2017-07-03,103.7375674329043,104.15162248069583,103.62819777510994,103.82350158691406,2931000
2017-07-05,103.88599119017906,104.72970501414551,103.44851259709964,104.40159606933594,4302700
2017-07-06,104.37818663092771,104.65942464247527,103.44073056590273,103.52666473388672,4282200
2017-07-07,103.83131695135299,103.90162345971589,102.87823343666209,103.5422592163086,4994100
2017-07-10,103.6985232365422,103.80007311969327,102.51888050422264,102.76887512207031,4019600
2017-07-11,102.675108148801,102.95634609798557,101.93295609190774,102.51886749267578,3733100
2017-07-12,103.15164655505565,103.81568422256356,102.94072704030168,103.30007934570312,5053200
2017-07-13,103.19853567866326,103.29227769085239,102.33138630471895,103.01103973388672,4424400
2017-07-14,103.12043073511227,103.90164611946918,102.91731902652374,103.58916473388672,4383100
2017-07-17,103.67507751321311,103.8469338955463,102.92510565398491,103.23758697509766,4939400
2017-07-18,102.82355295046837,105.42500130408479,102.40170193763298,105.0422134399414,10256000
2017-07-19,105.33905506212395,105.78435344941573,105.08907239588837,105.62811279296875,5503300
2017-07-20,106.03433718029852,107.08898248260138,105.94840303033016,106.69056701660156,6088600
2017-07-21,105.72185780578222,106.45620202437983,105.5421816417844,105.70623016357422,6773500
2017-07-24,105.45624616593172,105.58905132203613,103.7844460826201,103.90943145751953,8306700
2017-07-25,104.47976417253273,104.56569835345329,102.69077402075087,103.02670288085938,6262900
2017-07-26,102.8548084846599,103.3079147856971,102.14389970611536,102.30014038085938,5382200
2017-07-27,102.22200276211136,102.45635776074386,101.22204836662381,102.20637512207031,5838100
2017-07-28,102.4485592058198,103.11259688331428,101.964209604126,103.00322723388672,4970900
2017-07-31,103.229777961476,104.35472977755718,103.19853459787294,103.6828842163086,5440800
2017-08-01,104.03445727806474,104.17508225393212,103.33917602287977,103.51885223388672,3837600
2017-08-02,103.18290083120311,103.5110097713514,102.72979460326573,103.24539947509766,4032100
2017-08-03,103.05007442272418,104.21407715397102,102.73758126772218,104.1750259399414,4327300
2017-08-04,104.47971919899057,104.6906387083119,103.74537504547914,104.04222869873047,3192800
2017-08-07,103.97195067238178,104.27662418968987,103.51884432759529,103.79227447509766,3010800
2017-08-08,103.51102841720092,103.74539539392356,102.6516868093511,103.33135223388672,5535800
2017-08-09,103.75318987120016,104.22192376417739,103.40945327240327,104.081298828125,6332300
2017-08-10,103.93286831218117,104.56566265770675,103.40945554176236,103.97193145751953,5607900
2017-08-11,104.40161788563972,105.06565569486597,103.70633670769229,103.97976684570312,4270600
2017-08-14,104.83907193735995,104.97187708392154,103.80005434560441,104.27659606933594,3041100
2017-08-15,104.56565842271792,104.63596492924052,104.05786139468195,104.198486328125,3931800
2017-08-16,104.74535205108617,105.44063321248892,104.5734837262091,104.81565856933594,4469900
2017-08-17,104.82345384293183,105.26094438488035,103.9250610965627,103.93286895751953,5741400
2017-08-18,103.64381507810496,104.51096439282313,103.41726792398828,103.6125717163086,4792800
2017-08-21,103.3391534064314,104.40941449569334,103.26884689408546,104.253173828125,4660000
2017-08-22,104.11253583400465,105.29997415905846,103.82347815190946,105.22966766357422,4150300
2017-08-23,105.01877237267709,105.0656553061856,103.62821002192649,103.74539947509766,5129900
2017-08-24,103.76104072216424,103.96415244572778,103.33136984500905,103.81571960449219,5398400
2017-08-25,103.7056266504999,104.21664190698172,103.47762636962536,103.52479553222656,4133300
2017-08-28,103.52480217554695,103.87072538512288,103.37543714980033,103.57198333740234,5349200
2017-08-29,103.43833241755775,104.13016683411617,103.22605917795723,103.94149017333984,3277900
2017-08-30,103.77638837859398,103.77638837859398,102.91158034361472,103.04524230957031,5430800
2017-08-31,103.29680312591465,104.16946858789626,103.18673775216138,104.0672607421875,7407100
2017-09-01,104.24809440460345,104.28739404201384,102.94302494371316,103.01377868652344,3820800
2017-09-05,102.77006631994301,103.13170456889904,101.98388160941482,102.1253890991211,5146600
2017-09-06,102.6285355682615,102.9901857737451,102.36910519894487,102.73074340820312,5601900
2017-09-07,102.88012370908385,104.18519310629303,102.40055059306003,103.92575073242188,3800200
2017-09-08,103.77637613650198,104.043676044426,102.88798362320779,102.9744644165039,4854400
2017-09-11,103.2810798026433,104.82986461537962,103.00592235643838,104.72766876220703,5724200
2017-09-12,105.21507890410068,105.25439053052347,103.72132107360335,104.27165985107422,5465200
2017-09-13,104.30314198454793,105.15222305700428,103.65847664945234,104.13018035888672,4679500
2017-09-14,103.88643824049595,105.71824989813295,103.76851534254264,105.49024963378906,6274500
2017-09-15,105.96983747328105,106.48872228884025,105.49026429457827,105.7025375366211,15522000
2017-09-18,105.69468494055091,106.74031214934949,105.43524252066304,106.43370056152344,5260800
2017-09-19,106.15064969312112,106.75600320720412,105.62390744251928,106.3078842163086,4903800
2017-09-20,104.75910398884122,105.57673074163435,104.0436730825062,104.73551940917969,8705500
2017-09-21,104.80624931520539,105.20721107072407,103.28891905296798,103.57980346679688,6051800
2017-09-22,103.76852961398399,104.08299871592597,103.20247563350661,103.29681396484375,4334900
2017-09-25,103.35972106962392,103.58770939310794,102.85656325579122,103.12386322021484,6017400
2017-09-26,103.3832775200075,103.7292006721701,102.8486777366473,102.9430160522461,4516200
2017-09-27,102.9901923912798,103.06094613291236,101.75587669374539,102.00746154785156,5796100
2017-09-28,102.13326145846553,102.41628844195999,101.6458187669752,101.78733825683594,3992700
2017-09-29,101.8738298324451,102.57353383839376,101.45715283992669,102.21188354492188,5736900
2017-10-02,102.32981589671849,103.24965066822384,102.2197505051596,103.16316986083984,4492900
2017-10-03,103.50120304260953,104.09084152252464,103.2732147753816,103.85499572753906,3900800
2017-10-04,104.09087744060595,104.7041007116213,103.8550315642383,104.47611236572266,3589000
2017-10-05,104.47607154085502,104.80626763497267,104.0593946604524,104.71192932128906,3741100
2017-10-06,104.56255782751131,104.75910398884122,104.15373845300192,104.73551940917969,2469500
2017-10-09,105.08144775095764,105.20724017950201,104.6962129371253,104.91634368896484,3750500
2017-10-10,105.00282642434703,105.45095746073231,104.49966869709819,105.27012634277344,4184600
2017-10-11,106.04062081871653,107.77022516143265,105.6396588509477,107.43215942382812,8269400
2017-10-12,107.18841175025153,108.1161158705144,106.93683890158366,107.57364654541016,5172800
2017-10-13,107.3928095682957,108.0374746326843,107.18839391677295,107.25914764404297,4106600
2017-10-16,107.27491483874753,107.9117226149375,106.55948378312969,107.01547241210938,5120100
2017-10-17,108.23408037234125,110.94641604421466,107.7545070741202,110.68697357177734,11717300
2017-10-18,110.6869599394713,111.30805268990486,110.12091788304899,110.60047912597656,6827700
2017-10-19,110.62404744712858,112.40867796643158,110.49038549986862,111.66966247558594,9181300
2017-10-20,111.9369903253343,112.91185175326433,111.50458630670688,111.95270538330078,5634500
2017-10-23,111.74042727498407,113.48575814411957,111.7011156435444,112.91183471679688,6686000
2017-10-24,112.7232060493145,112.7232060493145,110.79704325512125,111.35523986816406,6585800
2017-10-25,110.9778150607223,112.6052108573695,110.82058054840351,111.92123413085938,6563600
2017-10-26,112.03915735932033,113.01403053264268,111.1507769636963,111.48883056640625,5841100
2017-10-27,110.85204786124038,112.18855951422269,110.22309767271133,111.46527099609375,5140100
2017-10-30,110.91493784091436,111.01714568971657,109.53125710096211,110.06585693359375,6034300
2017-10-31,110.08157045875741,110.27024708415844,109.26393176126993,109.60199737548828,4832100
2017-11-01,109.93223270667998,110.52972889410213,109.54699779860105,110.05015563964844,5006800
2017-11-02,110.15235324283181,110.29386074920116,109.36616843972722,110.01083374023438,3494100
2017-11-03,109.85356899933839,110.38031123316183,109.51551538506467,110.12873840332031,2737000
2017-11-06,110.07372820447023,110.45110554121216,109.84573989355472,109.87718200683594,4220700
2017-11-07,110.12876327023947,110.18378996572594,109.20892853515863,109.88504791259766,4201900
2017-11-08,109.83001020771825,111.5360297227673,109.64133354009509,111.1036376953125,4440700
2017-11-09,110.74197618037802,111.17438016016632,109.90862232636404,110.34102630615234,3517100
2017-11-10,110.168063584125,110.168063584125,108.9730595057575,109.71993255615234,4240800
2017-11-13,109.28754341393304,110.08159772996144,108.8236972666108,109.87718200683594,4322300
2017-11-14,109.72779794528175,110.28598233187934,109.21677072231441,109.66490173339844,4078200
2017-11-15,109.46048747492374,109.93220307209486,109.08312219492241,109.35829162597656,4811500
2017-11-16,109.60987133794588,109.81427504485401,108.99664822099471,109.1774673461914,4193800
2017-11-17,108.72936523533713,109.16962682417058,108.40702657343101,108.4935073852539,4247400
2017-11-20,108.61140763245064,108.9337462270475,108.28908103407983,108.43844604492188,4266300
2017-11-21,108.84729930211898,109.48410716515707,108.6428955424493,108.76081848144531,5660600
2017-11-22,108.7293570365717,108.79225325826643,107.39284531518489,107.935302734375,3917000
2017-11-24,108.1004157110805,108.79226221042458,107.95103867179223,108.5013656616211,2606800
2017-11-27,108.77031598229082,109.4031178745356,108.7465869674297,109.23701477050781,3933100
2017-11-28,109.39521739645176,111.15914264608459,109.35566501324982,110.7557373046875,5052800
2017-11-29,110.9139121880377,111.2382247667004,109.90933979374387,110.589599609375,5851400
2017-11-30,110.78731816424683,110.96133891006588,109.5375382941314,110.20989227294922,8941900
2017-12-01,110.39978239411256,111.15913499265929,109.63251207765492,110.72408294677734,5990500
2017-12-04,111.23029621917995,111.92637933103035,109.89350572923505,109.956787109375,5916700
2017-12-05,110.5737520834373,111.38057449536979,110.10706553984102,110.47883605957031,6745300
2017-12-06,111.40429499127528,112.29022206854697,110.89015047502048,111.57831573486328,5591700
2017-12-07,110.74776458740234,111.92635743123545,110.15451534306717,110.74776458740234,4713100
2017-12-08,110.73987926248135,111.34103426196107,110.58168184890133,111.2065658569336,5101300
2017-12-11,111.45176506841712,111.6653381986182,110.60540233266745,111.64160919189453,4358600
2017-12-12,112.79644775390625,113.56371765102563,112.35347823221083,112.79644775390625,8016700
2017-12-13,112.7173896909361,113.45301317757296,112.48800522608848,113.02587890625,6118400
2017-12-14,113.52419762600657,113.60329029657241,112.01338640284033,112.0450210571289,5337900
2017-12-15,112.70152601036453,113.22358820942858,112.14782916424478,112.68571472167969,12517000
2017-12-18,112.7648206940396,113.74566384422835,111.84725891512312,112.16366577148438,5833200
2017-12-19,112.23491386652249,112.62250795036181,111.81568511467512,112.14790344238281,6580100
2017-12-20,112.52753967634406,112.78066520891264,111.59416643179927,111.6574478149414,6289800
2017-12-21,111.99754423450163,112.45632509762576,111.54668108588672,111.57831573486328,6284700
2017-12-22,111.53088385765548,111.80773839723471,110.77151933774846,110.83480072021484,4665600
2017-12-26,111.10372061186546,111.16698990812716,110.48673031129275,110.81104278564453,3271100
2017-12-27,111.07210825686478,111.64953430396325,110.89808746409152,111.19076538085938,3753600
2017-12-28,111.29357783800154,111.53087999661302,111.00091201520458,111.1828384399414,2485000
2017-12-29,111.51507977717287,111.69701830935709,110.40768556675076,110.51842498779297,4452900
2018-01-02,110.4709342198977,110.7003186420412,109.72739315482393,110.13079833984375,6842100
2018-01-03,110.23364187518466,111.27775447551033,109.86977695602184,111.1828384399414,5350500
2018-01-04,111.09584489123812,111.64163631787156,110.91391843892396,111.1749496459961,4837600
2018-01-05,111.28568381303252,112.1795168069457,110.96137123138556,112.0925064086914,6158800
2018-01-08,112.08457913831619,112.32188130148255,111.46760075589728,112.23487091064453,5129800
2018-01-09,112.61456110500536,115.23276673192031,112.52755070336963,114.01463317871094,8897000
2018-01-10,113.5479544644368,114.0304645309988,113.36602800088804,113.88017272949219,6558600
2018-01-11,114.00672014049664,114.61578084277248,113.6586785565161,114.52877044677734,4962200
2018-01-12,114.68698267919845,115.8181057844144,114.6157835755484,115.2960433959961,5450600
2018-01-16,115.818080918967,117.11531889460333,115.50959176834884,116.16612243652344,8804000
2018-01-17,116.94130708976728,117.32099535782139,115.0745486824118,116.26104736328125,10619700
2018-01-18,116.2214981756312,116.62491546277376,115.46214575810824,116.21359252929688,5554800
2018-01-19,116.64073498852093,116.79101468206433,115.81808914862609,116.56163024902344,8738800
2018-01-22,116.28479401002342,117.17862701416016,116.0554095409241,117.17862701416016,7010400
2018-01-23,116.24528529271149,116.62496165184298,112.02133902730999,112.18745422363281,17473600
2018-01-24,113.50836591233741,113.55582392512282,112.16366991476995,112.37724304199219,13034400
2018-01-25,112.5670905022441,114.42594338871368,112.48799782667086,114.22027587890625,7938800
2018-01-26,114.29939414744129,115.16949816951966,114.00672828078355,114.95592498779297,8065600
2018-01-29,114.57622880998214,114.64741583495781,113.53210416491684,113.65074920654297,8013400
2018-01-30,113.42928038197176,113.76151066709343,112.6620101928711,112.6620101928711,8376100
2018-01-31,112.77279361800157,112.77279361800157,109.23702522887464,109.30821228027344,13137400
2018-02-01,108.7861444902817,111.26988207723436,108.36691578166528,110.7557373046875,9393600
2018-02-02,109.96471035156543,111.0246463653747,108.6674721677283,108.9047622680664,9262500
2018-02-05,108.03466878300371,108.36688698818138,96.62055044497154,103.13838195800781,19954100
2018-02-06,102.83779578850586,105.19498196039976,101.24789183216699,104.27742004394531,19193500
2018-02-07,104.3248956310047,105.54302922408789,103.89776132606913,103.953125,10550400
2018-02-08,103.54970952670325,103.81864636150458,99.75291090297307,99.9506607055664,11680200
2018-02-09,100.86821222065072,103.55761062475221,99.22293852182815,102.45812225341797,15030900
2018-02-12,102.82989912004568,103.8740238891775,100.99478116175867,103.04347229003906,9963900
2018-02-13,102.20501413706727,103.30450256588635,101.80159681180409,102.79826354980469,6339000
2018-02-14,102.38692886606107,102.83779209193119,101.55637736929222,102.56885528564453,6259700
2018-02-15,102.90900500217265,103.84237830330747,102.35529588353015,103.80282592773438,5606400
2018-02-16,103.58926268719698,106.3498422277457,103.4943345738426,105.32154083251953,7970100
2018-02-20,105.1000726281095,105.55885366828731,103.3519709424629,103.51807403564453,6563500
2018-02-21,103.46269391813661,104.75201435869764,102.71915276669618,102.75870513916016,6578000
2018-02-22,102.90899691270954,103.63671470122648,102.41856921959742,102.75870513916016,5732200
2018-02-23,102.90107684633702,104.47516950481351,102.84571318190346,104.4277114868164,5126800
2018-02-26,104.84963158350044,106.20293842907289,104.28442060046169,105.13621520996094,6684400
2018-02-27,105.24764572187983,105.94817390798448,104.76204610862698,104.81776428222656,7158600
2018-02-28,105.04069984847293,105.3432082210356,103.38488436478035,103.39285278320312,7985900
2018-03-01,102.77985815043554,103.58387868838443,100.71804853763867,101.32305908203125,9424000
2018-03-02,101.02851795220487,102.77985689134826,101.02851795220487,102.54900360107422,6910400
2018-03-05,102.39776443713015,103.72719048566286,102.03952575081897,103.3211898803711,5799800
2018-03-06,103.48835110113905,103.64756151959169,101.83253602588366,102.07135772705078,5546500
2018-03-07,101.48226139656299,102.95497887216845,101.31508257894065,102.72411346435547,6391700
2018-03-08,102.95500544334038,105.31931757134652,102.95500544334038,105.12825775146484,6423400
2018-03-09,105.48648266162218,106.5293371637422,104.73022395840282,106.51341247558594,7557800
2018-03-12,106.51337901302769,106.85568074549175,105.33520754614027,105.58198547363281,4942000
2018-03-13,106.51341035569725,107.77914973192348,106.23478297990908,106.95124816894531,9152300
2018-03-14,107.65974192913484,108.02592471035204,105.00087789531882,105.33523559570312,6770600
2018-03-15,105.51835077668544,106.86370171082406,105.45466415972845,105.9243392944336,6147200
2018-03-16,106.00390207941912,106.99101382295481,105.16007604821297,106.4178466796875,14233500
2018-03-19,106.1551965930132,106.2507204375742,102.97889514458855,103.67943572998047,6017000
2018-03-20,104.10930037436663,104.90536476759286,102.99481508264138,104.45161437988281,6214300
2018-03-21,104.6028279907686,105.70140044197416,104.01374827389924,104.43566131591797,5158700
2018-03-22,103.86249029985916,104.0296569685343,101.17975193623114,101.40264892578125,7560100
2018-03-23,101.60168048415187,101.7370160257572,99.4284284305474,99.58763885498047,8452500
2018-03-26,100.63047452912308,101.53002485373193,99.67519388213027,101.41061401367188,8358200
2018-03-27,101.1877211495194,102.7718932835875,100.61455395261918,101.26732635498047,7789900
2018-03-28,101.60168109447243,102.70821602283623,101.26733555706154,101.45838928222656,6868500
2018-03-29,101.87235450821345,102.50123999181389,100.95687930299505,102.01564025878906,6119400
2018-04-02,101.75293959386883,101.80070150882693,98.34578532778052,99.15776824951172,8916900
2018-04-03,99.65132219731034,102.2862989720256,99.2532900757479,102.17485046386719,8035000
2018-04-04,101.0205483653022,104.37993419324577,100.61455392203996,103.81473541259766,7717100
2018-04-05,103.81475188071572,104.44363735486849,103.09033042730327,104.05357360839844,5621700
2018-04-06,103.66349007059864,103.99783560590808,100.63048714952744,101.97583770751953,6399300
2018-04-09,102.41365945031382,104.39586377759504,101.64148224050223,103.07439422607422,6395800
2018-04-10,103.68737030029297,104.21277562937307,102.92314326281493,103.68737030029297,6019300
2018-04-11,102.8037260650486,103.76696905201769,102.71615852077868,103.19380187988281,4575400
2018-04-12,103.55999141020605,104.53119072985471,103.37690004085538,103.83065032958984,4559800
2018-04-13,104.35604656925415,104.61874919654477,103.19379971188043,103.98189544677734,4742300
2018-04-16,104.61079675160782,105.78101206732302,104.50730452123254,104.88941192626953,6379600
2018-04-17,105.1680626493754,105.23970552620357,102.5410478428733,103.9182357788086,11008700
2018-04-18,103.24156434517677,103.40873101888533,101.05238787355547,101.6733169555664,9383600
2018-04-19,101.60165963859146,102.11114625392061,101.01257390086546,101.53797912597656,5959500
2018-04-20,101.89622915409257,102.1350508705679,100.4394300452679,100.82950592041016,7743900
2018-04-23,101.00463569131283,101.33898731148841,100.12896618039936,100.96483612060547,7501900
2018-04-24,101.05240866405823,101.46635944606913,99.75481991051768,100.45536041259766,6577500
2018-04-25,100.23245759167014,100.98075389371932,99.73093320232528,100.90911102294922,5859600
2018-04-26,100.79765211589522,102.8674178402005,100.79765211589522,101.9041748046875,8211100
2018-04-27,101.68130766514842,102.52512790534428,101.49821018228822,102.1111831665039,4266800
2018-04-30,102.58084260240548,102.67636642803768,100.69416809082031,100.69416809082031,8219400
2018-05-01,100.5588507645722,100.8135911194984,99.48416508202381,100.31207275390625,5122600
2018-05-02,99.92198918404308,100.44739454215711,98.07512023397119,98.3139419555664,7390800
2018-05-03,98.15473722437122,98.46520183638374,96.54668382900932,97.9397964477539,7282900
2018-05-04,97.59747491111568,99.117960529492,96.96062716123917,98.86322021484375,6127600
2018-05-07,98.82340442923156,99.69907379135554,98.17063206035867,98.38556671142578,6707900
2018-05-08,97.80444665008132,98.30596490220172,96.8730530075058,97.60543060302734,5951800
2018-05-09,97.9079577882097,98.75179017298457,97.54176889701995,98.32191467285156,6808600
2018-05-10,98.88707852164795,100.34387720933066,98.7119434566605,99.78662872314453,4948000
2018-05-11,100.12099856399405,101.57779760660763,100.11304229436475,101.29121398925781,5716700
2018-05-14,101.37876826973311,101.58574664927272,99.98565600748142,100.35184478759766,6101600
2018-05-15,99.93789281358215,100.1687521428832,99.03038018032277,99.61150360107422,5875700
2018-05-16,99.85827764676975,100.22446638561314,99.50800751679486,99.78662872314453,3818100
2018-05-17,99.8981202079704,99.97772543355346,98.35375939649302,98.59257507324219,6473400
2018-05-18,98.53682633120732,99.06223162182452,98.13879422867474,98.90301513671875,5433900
2018-05-21,99.20553378110291,99.50007368070176,98.17064777705623,98.48907470703125,5558700
2018-05-22,98.5527655600108,98.9030297319566,97.72485793574917,97.84426879882812,7172700
2018-05-23,97.8124494880116,98.68811924288879,97.70895721366438,98.27416229248047,4940800
2018-05-24,98.09105396550149,98.22638345258844,96.76162790731719,97.3188705444336,6923600
2018-05-25,97.48727431496039,98.4817195115052,97.14242766681875,97.41510009765625,4594800
2018-05-29,96.63717638412326,96.87776931216057,95.12947824154884,95.75501251220703,9821900
2018-05-30,96.3324197639645,97.50329256986296,95.86727675218064,97.01409149169922,6423700
2018-05-31,96.97400500512073,97.23865601157944,95.86729095792869,95.93144989013672,10337500
2018-06-01,96.54093759451081,97.2947897219822,96.21213378730523,97.24667358398438,5741000
2018-06-04,97.7198455846789,98.13687256740018,97.05421036283774,97.80004119873047,4853000
2018-06-05,97.88020964877437,98.28920897692396,96.95794510444901,97.42308807373047,5125400
2018-06-06,97.81608004929134,98.47369384765625,97.40707448002385,98.47369384765625,6799300
2018-06-07,98.6421101372029,99.03507292781224,98.0566705312259,98.9067611694336,7414100
2018-06-08,98.93081212522581,100.12574320497811,98.90675405466874,99.4921875,6208100
2018-06-11,99.6605938224827,99.71673135641707,98.28121354316214,98.36943054199219,5571400
2018-06-12,98.77043122958457,98.78646790545405,97.80004407981443,98.27320861816406,5227300
2018-06-13,98.76243267005242,99.51627898090283,98.20907238733056,98.34540557861328,5836900
2018-06-14,98.4095321381754,98.76240015807194,97.91230957546053,98.1689453125,5239200
2018-06-15,97.92032491190722,98.42556883976987,97.23063170762833,98.32933044433594,13173500
2018-06-18,97.52737135999894,97.68776258230127,96.43669391645084,97.2947998046875,6787400
2018-06-19,96.76550767484517,98.77844390345001,96.6933273390026,98.2972640991211,8572400
2018-06-20,98.17696103230311,98.3694378359491,97.56746950968909,97.8722152709961,6277200
2018-06-21,97.70379972224929,98.0326035445035,97.12638156571913,97.3990478515625,4417200
2018-06-22,97.58349868122467,98.94684228363113,97.55944061225183,98.51377868652344,9501400
2018-06-25,98.49774121916151,98.98694234610527,97.44716475893752,98.31328582763672,8170500
2018-06-26,98.23310180107767,98.55389036583828,97.51935045671512,98.1208267211914,5496400
2018-06-27,97.94438746709925,98.61804402892625,97.39904877172792,97.5273666381836,5666000
2018-06-28,97.66371489137595,98.16895892054269,97.09431803758928,97.84014892578125,5296800
2018-06-29,98.03260953173636,98.78646173975059,97.19054643414563,97.31083679199219,7308700
2018-07-02,97.3108267380978,97.62359999178284,96.32440919447225,97.50330352783203,5481400
2018-07-03,97.55943862502433,99.01099919645192,97.24667149768393,98.4095230102539,4248100
2018-07-05,99.12326838078583,100.3422634722027,98.82654406239325,100.24602508544922,7319100
2018-07-06,100.3743377556195,100.9838291513493,99.93325282058866,100.84749603271484,7297900
2018-07-09,101.2244373873429,101.64947959722609,100.72721485054674,101.08810424804688,6706100
2018-07-10,101.34471780287882,102.26697628496463,101.13620436969275,102.15470123291016,5075600
2018-07-11,102.17877839548258,102.2028364641884,101.0961163554634,101.24047088623047,4827400
2018-07-12,102.41938704628804,102.82037737819763,101.98632336161788,102.45948791503906,6199000
2018-07-13,100.50266591875166,102.25095703674874,100.50266591875166,100.99186706542969,8250200
2018-07-16,101.04801311455509,101.12820872665368,99.57239427263521,99.9974365234375,7314400
2018-07-17,103.0769940211251,104.68894604579901,102.29908372021094,103.5421371459961,12858700
2018-07-18,103.30154555188402,103.49402236932602,101.98631789202969,102.49156188964844,7152000
2018-07-19,102.2750044416972,102.4113375684155,100.94374039994868,100.9998779296875,5984600
2018-07-20,100.48663258351579,101.16028303300737,100.34227804169149,100.9277114868164,5835500
2018-07-23,100.84750047702545,101.59333114278965,100.60690757121824,101.55323028564453,4631100
2018-07-24,102.04243982987842,103.95112208863796,101.97026562327441,103.74261474609375,7158800
2018-07-25,103.56619690909658,103.63837112696191,102.37126572679352,103.149169921875,6523000
2018-07-26,104.17567872891378,105.23428277347753,104.13559010300645,104.48043060302734,7640600
2018-07-27,104.23983578507821,106.07635003739024,104.20776243751688,105.49893188476562,6620400
2018-07-30,105.68338001292653,106.25278288171108,105.25833779925475,105.99614715576172,11013100
2018-07-31,106.08437103241873,106.37308012429098,105.6753715843771,106.27684783935547,7598900
2018-08-01,106.17257769771943,106.6297054807687,105.9239694944742,106.3730697631836,5770400
2018-08-02,106.57356644515747,106.66178344726562,105.13002106387168,105.25833892822266,6563300
2018-08-03,105.20219078939682,106.42118597464093,104.97764065488667,105.81970977783203,6498700
2018-08-06,105.57109502611877,106.28484624591063,105.06585113627757,105.87584686279297,5840000
2018-08-07,105.76358302912628,105.99614845117833,105.2984399479571,105.4267578125,4664600
2018-08-08,105.45080379047782,105.69941197635622,104.96961797215184,105.19416809082031,3721500
2018-08-09,105.49091276566041,105.63527343383817,104.79320420782173,105.21824645996094,4057800
2018-08-10,105.21024417880759,105.56311225898236,104.46440714806225,104.85737609863281,4324000
2018-08-13,104.83328849921625,104.97763690750661,104.13558005168464,104.43230438232422,3778000
2018-08-14,103.99122969018796,104.6328067880746,103.7346061932725,103.85489654541016,4542800
2018-08-15,104.0553906767308,104.84934372770032,103.39777077322896,104.60072326660156,5377300
2018-08-16,105.07389926786311,106.56556092560375,104.71301594876233,106.24476623535156,7861500
2018-08-17,106.22071854993737,108.2657405409012,106.01221115868434,107.8406982421875,6700900
2018-08-20,108.20958934470481,109.96590208251027,107.46376461334444,109.7734375,7935000
2018-08-21,109.86966779470093,110.21450832347641,108.50632399940622,108.54642486572266,5832100
2018-08-22,108.71481693449309,108.81104921121937,107.80057359439938,107.95294952392578,4688400
2018-08-23,107.9529282965841,108.6586641526435,107.54392896385639,108.35391235351562,5057600
2018-08-24,108.3539374558108,109.1879791031429,108.12938731087273,109.027587890625,4809400
2018-08-27,109.39088848858253,109.8349130089015,108.34946035784914,108.92264556884766,4325900
2018-08-28,108.80961993495464,108.90649353054357,108.09111202423293,108.43826293945312,6037500
2018-08-29,108.43826304378321,108.93879304629549,108.13148023263521,108.87420654296875,4648700
2018-08-30,108.74502544928957,109.47161431871925,108.66430156509628,108.94685363769531,4821900
2018-08-31,108.66431379460526,108.98723400495115,108.1557027606249,108.73696899414062,6139500
2018-09-04,108.73698248121944,108.7854192869175,107.72784130045027,107.95388793945312,4406800
2018-09-05,107.76010263452515,109.74609742365486,107.74396524889592,109.68151092529297,6174800
2018-09-06,109.39087273096993,110.8521067721175,109.13252674959287,110.49688720703125,6562000
2018-09-07,110.42425836546317,111.15891606684556,109.59272705725846,110.86021423339844,6375200
2018-09-10,111.02971886099992,111.7885947987906,110.65028089210459,110.7713851928711,4892200
2018-09-11,111.11851897171388,112.14380954472607,110.7794491176672,111.82087707519531,7856800
2018-09-12,112.13577170998441,113.01575224949114,111.86128824415829,112.50714111328125,6767700
2018-09-13,112.93498992919922,113.41130153666694,112.23263171755644,112.93498992919922,6456100
2018-09-14,113.02380093149822,113.30636536127365,112.29722428152813,112.61207580566406,4534800
2018-09-17,112.48292024699087,113.34673873962663,112.36181590745744,112.99153137207031,5295500
2018-09-18,113.24177409040634,113.70193599773285,112.8865544742996,113.4597396850586,4581200
2018-09-19,113.63730260751436,113.82299335116633,113.06411763324566,113.3951187133789,5049900
2018-09-20,113.68583301982571,114.75147987206901,113.43555561918728,114.62230682373047,5019300
2018-09-21,114.78374803952538,115.55070518837691,114.38817258234708,115.348876953125,13283400
2018-09-24,114.7191371154627,115.04205726103055,113.2094540224675,113.40321350097656,6708000
2018-09-25,113.45167066581787,113.79882158733163,111.7320904012443,111.92584991455078,7982800
2018-09-26,112.17612473566373,113.0238057424556,111.37689285039995,111.5383529663086,7133300
2018-09-27,111.77245522907113,112.68472263937673,111.06202833834337,111.58677673339844,6450500
2018-09-28,111.48990411584927,111.86126111044874,110.93285630533418,111.5464096069336,6638500
2018-10-01,111.61905021948614,112.9026867832832,111.40915335077278,112.77351379394531,4871800
2018-10-02,112.85423766271086,113.61311357673175,112.74121437670439,113.41128540039062,6439100
2018-10-03,113.45972997267131,114.04907715740642,112.11960015200857,112.24069213867188,5411800
2018-10-04,111.85320119194962,112.64436435950819,110.86020980582694,112.49905395507812,4738700
2018-10-05,112.86233483370155,113.2256231394096,111.86126250101141,112.2972183227539,4309300
2018-10-08,112.13573860272987,112.76544157658938,111.90969201306828,112.53132629394531,5174100
2018-10-09,112.00659554222611,112.71702251351671,111.255788143825,112.3779525756836,4475300
2018-10-10,112.49904778821525,113.39516552226203,111.19119262695312,111.19119262695312,7265600
2018-10-11,111.33654358516176,111.94202836125865,107.27576000562829,108.05077362060547,11603200
2018-10-12,108.50284125228231,108.5109222646328,106.75097385990607,108.07496643066406,6998000
2018-10-15,108.08305138933108,109.22943419086454,107.78433724963362,108.13955688476562,6398700
2018-10-16,108.78540122090428,111.40109916177096,108.78540122090428,110.24663543701172,9592800
2018-10-17,109.98022317267927,113.02379598520776,109.9640857855136,112.58785247802734,8261100
2018-10-18,112.37794376233522,112.87040508265096,111.17505552644481,112.6201400756836,7583900
2018-10-19,111.68366125866011,113.0238036006791,111.33652263196561,112.2568588256836,5924800
2018-10-22,111.90162439416235,112.42637277121027,111.52218640388512,111.9581298828125,4864300
2018-10-23,111.23962938204099,112.61207104739763,110.96514597641612,112.15996551513672,8282700
2018-10-24,111.82898132457922,113.11260582134419,110.73910403118,110.9813003540039,8279200
2018-10-25,110.97321566684144,112.28912706831542,109.0275889893319,111.7885971069336,9720700
2018-10-26,111.36074649783383,112.45869256515097,109.253659277417,110.57765197753906,11371400
2018-10-29,110.59380515769506,112.29723597035739,109.97217073865426,111.0458984375,6783000
2018-10-30,111.3526221053248,113.91181391299095,110.6018272928404,113.6292495727539,9646200
2018-10-31,113.8311441039372,114.1782828148627,112.70897941721766,113.01576232910156,9968900
2018-11-01,113.08029125617605,114.29932894947036,112.90268148382673,113.68577575683594,6913500
2018-11-02,114.61422506930046,114.63844347327716,112.74933405138314,113.57278442382812,7673200
2018-11-05,113.83110805744559,115.23583680434564,112.21648241124069,114.79988098144531,5601400
2018-11-06,114.25895971304384,115.30846863411193,113.87952177759142,115.09857177734375,5798900
2018-11-07,115.5264518559542,116.95538646009122,115.42149726339876,116.85851287841797,7173600
2018-11-08,116.50330716987608,117.69812665412961,116.25304217506104,117.30255126953125,5497100
2018-11-09,117.0926197236159,117.65774842572566,116.55980274409822,117.3348159790039,5343100
2018-11-12,117.05229908861408,118.06144019018929,116.84238985557157,117.56089782714844,7013600
2018-11-13,118.0210366631045,118.4731297699538,115.784777203925,116.80198669433594,7432300
2018-11-14,117.07649110022373,117.31060636282756,115.89780913907035,116.4548568725586,6433100
2018-11-15,115.77673213471495,116.66476882761265,115.02592482159613,116.65670013427734,6657900
2018-11-16,116.82622176271937,118.46506549546214,116.69704877919932,117.85958099365234,8494300
2018-11-19,118.21480367342265,119.83751023430553,118.16636687792442,119.26431274414062,8714600
2018-11-20,119.07863793450692,120.0877789339519,118.15023314246383,118.23095703125,8937700
2018-11-21,118.05335442993292,118.05335442993292,113.65350186772896,114.63035583496094,10275400
2018-11-23,114.51732619078354,115.22775308174367,114.31549798975544,114.8240966796875,3404900
2018-11-26,115.36844779782109,115.40907297012005,114.3285078516902,114.85659790039062,7590900
2018-11-27,114.20664427329066,116.4652649969494,113.46730829042905,116.3596420288086,5962100
2018-11-28,116.85524856144866,119.07324428731947,116.47339422806722,118.97575378417969,8411400
2018-11-29,118.30951037975889,119.59318878450524,117.67579745042416,118.49638366699219,6900000
2018-11-30,118.0820233099184,119.43069949034188,117.88704234690984,119.34944915771484,12517600
2018-12-03,118.26890184559835,119.13010086260932,117.75705200085905,118.78887176513672,8827200
2018-12-04,118.8782653723676,121.04751588483035,118.47203840605479,118.64264678955078,9803500
2018-12-06,117.39960290129275,118.98388572054787,116.0103011077526,118.545166015625,11572500
2018-12-07,118.20390137666452,119.70693338643419,117.0908313013833,118.15514373779297,9444500
2018-12-10,118.12267467320527,118.52078155607263,115.67719284232474,118.01705169677734,6848100
2018-12-11,118.85383911749805,120.41376103640219,118.44761229210943,119.02445983886719,9857400
2018-12-12,119.4307125491139,120.6412732140845,119.4307125491139,119.511962890625,8869200
2018-12-13,119.398208311147,120.72249949094451,119.26821273611768,120.1131591796875,6008300
2018-12-14,117.26960654426156,118.1145656405619,105.78150756247656,108.05638122558594,58140200
2018-12-17,104.25408238561471,106.95954275525769,103.04352170471591,104.9202880859375,36933100
2018-12-18,107.28453941283111,107.89387983464152,104.96904085112652,105.96023559570312,24640100
2018-12-19,105.51337197633138,106.71581253689801,103.25475138403047,103.67723083496094,21232100
2018-12-20,103.76661071544494,105.41589110278322,102.98665573319029,104.21346282958984,16609600
2018-12-21,103.83160879430463,106.10648214759581,103.27913990556426,104.06721496582031,19732900
2018-12-24,103.42536814256457,103.99408330623338,98.30690687542373,99.80181884765625,7531900
2018-12-26,100.27306310426049,102.98666246861644,99.12750627989855,102.94603729248047,9253000
2018-12-27,102.26355287709207,103.51473236083984,99.98867996145427,103.51473236083984,9918700
2018-12-28,103.92097715434669,104.60343542766722,102.97852769286851,103.4010009765625,6537200
2018-12-31,104.14033229318437,105.25340253777541,103.52287180788788,104.84717559814453,7409900
2019-01-02,104.09972155464489,104.30283502843632,102.59667688976324,103.79098510742188,7631700
2019-01-03,104.10783760729907,104.21346057664874,101.84921685779008,102.1417007446289,8654500
2019-01-04,103.2791384142816,104.52218564783462,102.96228190016333,103.8559799194336,8831700
2019-01-07,103.6934833535627,104.27845731986136,103.01915136433205,103.18976593017578,8404700
2019-01-08,104.14034547001118,106.02524465898381,103.77474985602841,105.5865249633789,9351600
2019-01-09,105.48088017760456,105.8139892166972,104.26219945639271,104.74966430664062,7403500
2019-01-10,103.74223962759946,105.52963571359498,103.74223962759946,105.3833999633789,6224400
2019-01-11,104.80655312951589,105.48901143041304,104.24595795482799,105.4158935546875,5300400
2019-01-14,104.59530708013126,104.77404790858857,103.66097776827509,104.22157287597656,7374400
2019-01-15,104.41656370889143,105.20464487051767,103.70972668589532,105.0990219116211,5194400
2019-01-16,105.13965867590805,105.13965867590805,103.9128515921397,104.0265884399414,6264200
2019-01-17,103.75848505801979,105.22903080697559,103.5553715864791,104.87966918945312,7632000
2019-01-18,105.53777321138045,106.57771337479515,105.17217137842546,106.17961883544922,10593000
2019-01-22,104.15658855318213,105.21278111326843,103.18977261741291,104.6440658569336,10568100
2019-01-23,104.40032720505786,105.05029281103889,103.9372287253191,104.6440658569336,9267800
2019-01-24,104.39220467331992,104.56281304767579,101.55673613742064,103.20601654052734,9917000
2019-01-25,104.09971603252257,104.35969481871209,103.20601183642307,104.18095397949219,7585100
2019-01-28,103.83973692250025,104.92842223555556,103.41726359765848,104.7984390258789,6927700
2019-01-29,104.76594025628324,106.00087380080946,104.40033843766534,105.88713073730469,6669300
2019-01-30,105.91958112346738,107.39825275530728,105.86271581296694,106.95140075683594,7299300
2019-01-31,106.94329007301936,109.83562341226732,106.3258172947123,108.12134552001953,17298100
2019-02-01,108.88507528356585,109.42941790959017,108.4382231586018,109.03131103515625,9575200
2019-02-04,108.83631387515116,108.99066967989329,107.4145197594765,107.9588623046875,7759000
2019-02-05,108.4788322282518,108.77131608507302,107.8532393461779,107.9588623046875,6449800
2019-02-06,108.12137903276782,108.51948595285779,107.48766590907462,108.05638122558594,5066100
2019-02-07,107.60952251755694,107.76389075061086,106.86206637593152,107.2845458984375,6085300
2019-02-08,107.20329165012532,107.61765108107063,106.87018256953951,107.56889343261719,4436700
2019-02-11,107.49577810876707,107.78826202112022,106.6426989979818,107.2439193725586,4962200
2019-02-12,107.30890434480327,109.11255285582082,107.30890434480327,108.99880981445312,6262300
2019-02-13,108.92569673454211,109.66502033741413,108.2269859076818,109.23442077636719,7902200
2019-02-14,109.11256168660535,109.53504118747568,108.34073295792531,109.12068176269531,3910400
2019-02-15,109.83561496603078,110.82680944724483,109.68936685718216,110.80243682861328,6665000
2019-02-19,110.60748413512441,110.80247755290391,110.19313706903984,110.24188232421875,5935500
2019-02-20,110.46937781378314,111.08683842684722,110.274384379469,110.77811431884766,6089800
2019-02-21,109.66499459246026,110.32308009175448,109.08815942023962,110.02247619628906,6665500
2019-02-22,109.9168762119367,111.01369387125648,109.53503430669099,110.981201171875,5223900
2019-02-25,111.5127976577025,112.44513733923694,111.11205045591005,111.3901138305664,6846600
2019-02-26,111.58643310259767,112.01171469834483,111.26747502560886,111.31654357910156,5106900
2019-02-27,110.83401713423504,111.4310386544773,110.72769361774365,111.12025451660156,4378100
2019-02-28,111.18566389915046,112.82134858315203,110.97302938277241,111.7499771118164,10133200
2019-03-01,112.22434021725608,113.3611407056542,112.05258781457951,113.14850616455078,5641600
2019-03-04,113.55738607854842,114.01537568005313,112.46146812719851,113.25477600097656,8377700
2019-03-05,113.5246744448647,113.79456386994649,113.15664794858289,113.4919662475586,6568900
2019-03-06,114.06445377124274,114.21165937865737,113.35293504350855,113.75366973876953,6236900
2019-03-07,113.29570915454643,113.77823318608415,112.61689845016802,113.05854034423828,6100400
2019-03-08,112.93583492868929,113.92542955627937,111.5700398490969,112.91130065917969,7046700
2019-03-11,112.95218682345931,113.70460015049366,112.46966292013536,113.3202133178711,6150400
2019-03-12,113.3938075432334,114.49789942223147,113.27113621413613,113.82726287841797,5552900
2019-03-13,114.162624657364,114.3670852699659,113.69646094986011,114.01541900634766,6446900
2019-03-14,113.14028118747262,113.51649407118515,112.81314931585554,112.87857818603516,8493600
2019-03-15,112.8622653711778,113.07489992933407,111.9053911405452,112.5351333618164,11922500
2019-03-18,112.57598671000609,112.68231020153303,111.8153993670972,112.18342590332031,7369600
2019-03-19,112.54328105830169,113.53287574674864,112.42878363378811,113.22209167480469,5882500
2019-03-20,113.13213346465093,113.27933909719343,111.75815183116835,112.28157043457031,5475700
2019-03-21,112.0443765011565,113.5001345551648,112.0034818970882,112.94400787353516,5765100
2019-03-22,112.65775620075667,113.18117467776318,111.92987718618072,111.97077178955078,6528800
2019-03-25,111.97079617337428,112.05257291864201,111.01392214668508,111.7254409790039,4500300
2019-03-26,111.98713400902385,113.90089437035327,111.98713400902385,113.32840728759766,4758600
2019-03-27,113.34477499618671,114.0726542315718,112.91950593411508,113.43473815917969,6764900
2019-03-28,113.72917587455501,114.05632036161252,113.44293848757663,113.58197021484375,4602100
2019-03-29,113.90907678633735,114.39978716770327,113.58194485161567,114.326171875,7168400
2019-04-01,114.48975557050028,114.73509829314774,113.46745262852265,113.66372680664062,5885200
2019-04-02,113.68823826867553,113.68823826867553,111.9707771583122,112.62505340576172,5517800
2019-04-03,113.02580246729347,113.0585231474324,111.93807071941056,112.18342590332031,5947000
2019-04-04,111.93807825821716,112.05257568784849,110.5150405584113,110.87489318847656,5844600
2019-04-05,111.25924374483219,111.70088550673222,110.98118040098771,111.37374114990234,4759700
2019-04-08,111.26746925609699,111.64366979955821,110.98121940318404,111.34107208251953,4329600
2019-04-09,111.22655940831423,111.43919392640558,110.04886442965842,110.87489318847656,5210300
2019-04-10,111.13660104172095,111.33288770638649,110.67861130345246,110.88307189941406,4194100
2019-04-11,111.19383362982309,111.37374743713444,109.93434962367026,110.58045196533203,4485200
2019-04-12,110.58863417863547,111.5127999490636,110.20424730841933,111.21018981933594,5756800
2019-04-15,111.22656629754749,111.87265630206713,111.0630003135551,111.65184783935547,5380900
2019-04-16,113.12393332938845,115.07038918028779,112.50236530232262,112.87857818603516,10745700
2019-04-17,113.68008983650337,114.62060357365283,112.5923579829997,113.28752899169922,9543700
2019-04-18,113.96631055572229,114.6941895825788,111.02207377333576,112.46965789794922,10485300
2019-04-22,112.02801945586988,113.262969146907,111.60275050304891,112.72319030761719,4666500
2019-04-23,112.38789969249694,115.19310557833192,112.24886798376527,114.41614532470703,5790500
2019-04-24,114.21168502773347,114.61243229227397,113.56559502907078,113.84365844726562,5676300
2019-04-25,113.28752419490843,114.30982711777794,112.82953448214828,114.21167755126953,5218100
2019-04-26,114.39976138960019,114.92317985478117,113.93358538441932,114.81685638427734,4613600
2019-04-29,114.784165336559,114.84958173510813,114.15442330680216,114.36705780029297,4275200
2019-04-30,114.65329300308746,115.68376961952751,113.6473506528045,115.47930908203125,6003700
2019-05-01,115.27489282637528,116.41987976375955,114.29348436524995,116.09273529052734,6656300
2019-05-02,116.06002163811942,116.25629583356529,114.59607670756537,115.5447769165039,8835600
2019-05-03,115.55292201122273,116.20719828442844,115.38118213306643,116.14176940917969,5281600
2019-05-06,114.70236486268809,116.32987528091024,114.44064937704621,116.20719146728516,5818900
2019-05-07,115.16855194858593,115.62654161314755,113.7291415979266,114.47338104248047,6606700
2019-05-08,114.66149021962393,115.25033768554967,114.25256906158013,114.326171875,4667300
2019-05-09,113.63917769644631,113.9417878136728,112.56780634982873,113.4592514038086,5604200
2019-05-10,113.21392224655935,113.88455903307673,111.56188951353471,113.72099304199219,4771600
2019-05-13,112.73956702330766,112.91130691939678,111.6600091879002,112.20796203613281,5560000
2019-05-14,112.07707717423214,112.73135335756697,111.82354811701894,111.89716339111328,7179400
2019-05-15,111.96258538130826,112.44512173422557,110.67857969459827,111.97077178955078,6429400
2019-05-16,112.36336744971116,113.83548627359772,112.01987513735176,113.03400421142578,6857200
2019-05-17,112.04438044263809,113.70459909610983,111.92988303478766,113.3611068725586,6915300
2019-05-20,113.3611186530408,113.64736844205466,112.60051884527181,113.20572662353516,4771100
2019-05-21,113.77822289815788,114.14626193636633,112.92767235132575,112.96038055419922,4859000
2019-05-22,113.14850451473939,113.63920248227363,112.44515952991709,113.48381042480469,5456800
2019-05-23,113.2711607781317,114.37525289656331,112.59235015826499,114.326171875,6951800
2019-05-24,114.86962615364024,114.86962615364024,114.09559225379905,114.33439636230469,5473300
2019-05-28,114.45793580555313,115.68486352559985,112.85223346366156,112.86870574951172,11919600
2019-05-29,111.89702742739864,111.89702742739864,105.82829132119666,108.14215087890625,23247400
2019-05-30,108.23273690947674,109.36908583401227,108.01040504061721,108.78443908691406,7360600
2019-05-31,108.29860771405988,108.69385457622914,106.72583756035246,107.99392700195312,7811000
2019-06-03,108.28213133610059,109.02322074523222,107.9033442075344,108.23272705078125,8434600
2019-06-04,109.18795409645071,110.58779708442063,109.17148180774288,110.1184310913086,6648900
2019-06-05,110.91714975973696,111.27123480470499,110.22546452055136,110.65365600585938,6860600
2019-06-06,111.08182714530474,113.3545250072466,110.82656327001057,112.54754638671875,9115800
2019-06-07,113.29686557927073,114.94374207603346,112.92632088043322,114.08737182617188,6533900
2019-06-10,114.12855317441505,114.58143418675954,113.30511487608499,114.47439575195312,4994700
2019-06-11,115.0178556119772,115.82483419183207,114.86964274914956,115.10020446777344,8230500
2019-06-12,115.52836734103532,117.67754127342494,115.52836734103532,116.66470336914062,9216500
2019-06-13,116.69765002397949,116.8870372712853,115.45426300041849,115.86598205566406,7500800
2019-06-14,116.29418791200514,116.50828991198597,115.31429432195203,115.35546875,6548100
2019-06-17,115.28132899410615,115.47895865280499,114.63081845180749,114.82020568847656,5562800
2019-06-18,115.74247739986238,116.04714552900974,115.10842643478638,115.47074127197266,7122700
2019-06-19,115.28957118894174,116.08007734366377,115.20723491250696,115.65188598632812,6393400
2019-06-20,116.31062916616371,117.25757793527767,116.10476964551563,117.10113525390625,7335800
2019-06-21,116.48355426927345,117.28227763328114,116.11299708807957,117.00231170654297,11272200
2019-06-24,117.27405601188121,118.32805580452504,117.0023199234337,117.80105590820312,5894700
2019-06-25,117.97401465837783,119.3820871855723,117.90813808332312,118.77275085449219,7517000
2019-06-26,118.45159447851165,118.45159447851165,115.90716079721996,116.80471801757812,7674100
2019-06-27,117.1176224978613,117.33995435052807,115.77542665172274,115.84953308105469,5233500
2019-06-28,115.89069420674879,116.18713245472458,114.0544180151382,114.68846893310547,12792400
2019-07-01,115.44605685772588,115.49546114953408,114.22737158932505,114.7543716430664,5872300
2019-07-02,114.63910813880773,115.30609130859375,114.20268674216565,115.30609130859375,4501200
2019-07-03,116.10479134996055,117.07644243801775,115.93186379183544,117.04351043701172,3436300
2019-07-05,116.7141460701712,116.8129546428561,115.58602708511098,115.75072479248047,4652400
2019-07-08,115.38017341508817,116.17067973099981,114.98492653946816,116.0801010131836,4078100
2019-07-09,116.48357249393794,117.31524054689845,116.03067897413976,116.44239807128906,4217400
2019-07-10,116.74709382677474,116.92002141697928,115.83307671208837,116.27774047851562,4874400
2019-07-11,116.05539590894458,116.27772776785446,114.47439588211377,115.37194061279297,5817400
2019-07-12,115.38018098899352,115.38018098899352,108.95737172103713,110.58777618408203,17780100
2019-07-15,111.4853242306165,112.2840604820508,110.71129012595456,110.9253921508789,10038200
2019-07-16,109.45962503965383,110.20072689850042,108.48797407330208,109.10555267333984,10214500
2019-07-17,109.09735295169965,109.99489774949988,108.20803801422586,108.57858276367188,8862100
2019-07-18,108.80090727868355,109.11380529065974,108.01040097729489,108.75150299072266,6203100
2019-07-19,108.89971845420068,109.01499931708518,107.20343751546949,107.30224609375,8340200
2019-07-22,107.04699313247734,107.17050386791486,105.26836315413928,105.92711639404297,12624800
2019-07-23,105.90240195169814,106.5940871191896,105.53185722373281,106.09178924560547,5803600
2019-07-24,106.12473239237815,106.87405169811798,105.8694685290817,106.8658218383789,6838600
2019-07-25,107.09638045787126,108.3068357320614,106.77524003194353,107.96922302246094,8897800
2019-07-26,108.11744475206022,108.11744475206022,107.45046177982037,107.64807891845703,4894600
2019-07-29,107.87041127952777,109.77255163601795,107.21990058728952,109.53376007080078,7832000
2019-07-30,109.08086789858106,109.09734018197814,108.09274449415967,108.75972747802734,5509600
2019-07-31,108.39740729610497,108.69384555930807,107.19518196070624,107.2281265258789,8559200
2019-08-01,107.26106445865189,107.65632387456336,106.2400090458911,107.2857666015625,7870700
2019-08-02,107.75513487002992,108.25743272829567,106.85759015163298,107.92806243896484,6574900
2019-08-05,107.7962818669518,108.24917532303937,106.23174197907366,107.17870330810547,9480000
2019-08-06,107.32694526993922,108.05157499641282,106.70936654342323,107.6810302734375,7880600
2019-08-07,106.51998964647642,107.7963216520905,105.55656824685964,107.21991729736328,6771700
2019-08-08,107.85392418341,108.65266018530417,107.23634557769816,108.43032836914062,5260500
2019-08-09,108.52918183988601,109.31967565460918,108.05981592859759,108.72679901123047,4677300
2019-08-12,108.28212754234133,109.27025090812064,108.10919998511156,108.63619995117188,6852100
2019-08-13,108.94087428706723,110.42306553162202,108.69384031886318,109.86312103271484,5013200
2019-08-14,109.13027097988291,109.13850083915524,107.1540241928474,107.26106262207031,7736200
2019-08-15,107.18696240275845,107.92806441432356,106.42940067169535,107.49163055419922,7251200
2019-08-16,108.25743357337215,108.42211871932312,107.54104627791625,108.16685485839844,5858900
2019-08-19,109.10557882096231,109.16322553515548,108.54564678711229,108.89971923828125,4958000
2019-08-20,108.66094585070437,109.23735026582031,107.42578814773853,107.54106903076172,7302000
2019-08-21,108.4468067144978,109.0314533557199,107.74689179435258,108.30682373046875,6912800
2019-08-22,108.36447140242345,108.80089264025575,107.70571833400892,108.09273529052734,7213500
2019-08-23,107.92806742720906,108.08451015483546,104.68371212986487,105.17778015136719,15714000
2019-08-26,105.70871626868929,106.2562609308836,105.05332477731005,106.02397155761719,8889500
2019-08-27,107.74955615404392,109.84016046208352,107.1024625360096,107.55044555664062,20183800
2019-08-28,106.0737558525026,106.91165597935283,105.36858981004585,106.7540283203125,9878800
2019-08-29,106.88677278012963,107.1854323930843,105.21926399211286,106.3890151977539,6749900
2019-08-30,106.41390179951689,107.10247847684873,105.87465492775807,106.48856353759766,7371100
2019-09-03,106.18158220295572,107.00289278430664,105.78337369720198,106.80379486083984,5710200
2019-09-04,107.42600823107892,107.50896148502095,106.2562572187538,106.90335083007812,4807200
2019-09-05,107.76615066868105,107.76615066868105,106.44707605003005,106.67107391357422,4754100
2019-09-06,106.9199643763077,107.2103198017612,106.24798341084694,106.36412811279297,6758300
2019-09-09,106.18989338078643,106.32263378562963,105.02014229839648,105.31880187988281,7684700
2019-09-10,105.64235893521429,107.47579956054688,104.8127503128385,107.47579956054688,8239500
2019-09-11,107.73298544985869,108.91102827563098,107.085891681601,108.81977081298828,6203600
2019-09-12,108.97738362680644,109.31752618288502,107.89888994053078,108.20584106445312,5250000
2019-09-13,108.95249543794463,109.1516060526896,107.8159357434782,108.49620819091797,5369800
2019-09-16,107.94035879637892,108.47130771209677,107.29326520093592,107.46747589111328,5101700
2019-09-17,107.51728187975988,108.263924571899,107.11076910005313,107.57534790039062,4976400
2019-09-18,107.76613109667693,108.31367570419897,106.83697369638753,108.18923950195312,4373600
2019-09-19,107.54216769514888,108.83635509568145,107.3181698269574,107.94037628173828,4730100
2019-09-20,108.67873125220363,109.50833988771663,108.08970355110719,109.21797180175781,12053100
2019-09-23,108.69532907359111,109.54982497200564,108.25563750096319,109.29264831542969,5183700
2019-09-24,109.59129701026379,110.15542476085565,108.96078639628212,109.135009765625,7102600
2019-09-25,109.09352120626785,109.15159987934202,108.03991483341791,108.67042541503906,4522900
2019-09-26,108.75337257119834,108.93588744944714,106.21477264860063,106.89505767822266,7545800
2019-09-27,106.69595174526917,107.35133690300417,105.11139644164913,106.68766021728516,6006500
2019-09-30,107.077593548909,108.0814129172542,107.01951486770685,107.33477020263672,6552100
2019-10-01,107.86571518752812,108.5128088916473,107.6583130346996,107.84082794189453,7673000
2019-10-02,110.13882158186982,111.74826412181685,108.86123004227447,109.5083236694336,12051800
2019-10-03,109.20968612029976,109.8152969121817,107.85741992118197,108.83636474609375,6997600
2019-10-04,108.96077736227373,110.93524964328478,108.88611563538367,110.8854751586914,7233300
2019-10-07,110.41260156067257,111.01822493122046,109.62447595081215,110.4706802368164,5427200
2019-10-08,109.88164918185187,110.55363007745231,109.08523206811127,109.3755874633789,7870400
2019-10-09,108.79488113352878,108.88613859413205,106.62131045584475,107.20203399658203,7787700
2019-10-10,106.97801745765172,107.94865791910975,106.71254931052499,107.06927490234375,5119700
2019-10-11,108.79487172961097,110.0226889180156,108.52940355914471,108.95249938964844,7161400
2019-10-14,108.9773906698036,108.9773906698036,108.19755652842323,108.44644165039062,5700000
2019-10-15,110.33794060558694,111.37495132556425,109.59129795073217,110.2052001953125,10008800
2019-10-16,111.91419336010952,113.31623389801888,111.0016315093985,112.13819122314453,12434200
2019-10-17,112.79360085192802,114.06290111004832,112.53641152965585,112.96781158447266,8434000
2019-10-18,110.59511400292516,111.49109275782958,105.94100952148438,105.94100952148438,25868700
2019-10-21,106.7457453904167,107.57535405529177,105.41007493361488,106.20650482177734,13823600
2019-10-22,106.8203950081611,108.29709725132903,106.26455878484033,107.1854248046875,7613700
2019-10-23,107.56704585176756,108.24731826892727,107.07757985348144,107.76614379882812,6693400
2019-10-24,108.19753298495311,108.33027337562822,104.61362471905784,105.77507781982422,12111600
2019-10-25,106.0488627646608,107.10246917060253,105.61746277297395,106.48026275634766,6947300
2019-10-28,106.70426728230642,107.84913134276879,106.61300981866341,107.1688461303711,7876300
2019-10-29,107.60023120117455,107.82422906413284,106.6544779183559,107.11905670166016,4506300
2019-10-30,110.58682571014594,110.77763213815155,109.28433416961974,110.2052001953125,9627600
2019-10-31,109.82357277598906,110.20518558139594,108.58745160451771,109.54149627685547,7686700
2019-11-01,109.54983034993354,110.3379560758534,108.79488340182309,108.84465789794922,5541800
2019-11-04,109.34241620208398,109.46685242877153,107.92377992373278,108.03992462158203,6140300
2019-11-05,108.28879008976588,109.0686240590699,107.58361784293044,108.1975326538086,6257300
2019-11-06,108.19755023422805,109.0769333097096,107.60023103978352,108.64554595947266,5450000
2019-11-07,109.28433126493604,109.82358442028472,108.68701209339955,109.03544616699219,5873700
2019-11-08,108.92762700332892,110.37113806832654,108.65385460783727,110.33795928955078,5003000
2019-11-11,109.73233859016884,109.93974075060903,108.95250444150199,109.49174499511719,4371400
2019-11-12,109.5083185082423,109.58298023274459,108.69530574863576,108.96907806396484,5228700
2019-11-13,108.71188327797543,109.08521719915187,108.44641516252071,108.90270233154297,5885400
2019-11-14,108.70361197788738,108.97738433024298,107.96526084292434,108.64554595947266,4217500
2019-11-15,108.8861373242367,111.97228257196096,108.49622023882688,111.94739532470703,10495100
2019-11-18,111.35007073936156,112.56959643168432,110.05588330885323,111.85613250732422,9291800
2019-11-19,111.99715519009312,112.15478284132773,111.34176999997351,111.84783172607422,5192200
2019-11-20,112.08843132053067,113.10884647120787,111.22564384736135,112.77700805664062,7594400
2019-11-21,112.77695305682178,113.5318996394326,111.9971192381968,113.19175720214844,6424900
2019-11-22,113.36598180774759,115.00861553977141,113.2415456123607,114.54403686523438,9235800
2019-11-25,114.4939233181777,114.98678043675146,113.8089378349357,114.59416198730469,6111900
2019-11-26,114.00107619370418,114.72783210163625,112.89839975054107,114.58582305908203,10636500
2019-11-27,114.57748580538075,115.48802121364919,114.36028498564653,115.07034301757812,5523000
2019-11-29,114.94502385163757,115.50471100348287,114.39368567345277,114.85313415527344,3278900
2019-12-02,115.04527376890907,115.15387416973604,114.31851784713085,114.74454498291016,4717100
2019-12-03,114.36866026685301,114.8197471636186,113.74214289846674,114.57749938964844,5741400
2019-12-04,115.69685104387717,116.73269747590744,115.31258152580155,116.43196868896484,7257300
2019-12-05,116.40689586717347,116.74103326090257,115.23738949607262,116.58231353759766,5472900
2019-12-06,116.49880005656813,118.26975140740848,116.49880005656813,117.26732635498047,6640400
2019-12-09,117.27567163653906,117.62651975651427,117.00000252516018,117.36756134033203,4241000
2019-12-10,117.61818787725937,117.78525661393107,116.8747211645219,116.9415512084961,5310300
2019-12-11,117.72678431358919,118.60391117960191,117.47618756318143,117.7685546875,6631500
2019-12-12,118.05253880964531,118.67069421110872,117.55966898721903,118.0692367553711,5012400
2019-12-13,117.86878526434394,118.4535321559743,117.20884661437621,118.1026840209961,4257200
2019-12-16,118.39505582768695,119.33066363823292,118.19457845484098,118.44517517089844,5353100
2019-12-17,119.45596192870417,120.33308867398952,119.05499443671224,119.92375946044922,10722400
2019-12-18,120.05742293125337,120.19108301453514,119.23877722757501,119.61468505859375,7849200
2019-12-19,120.1994262289532,121.86178997546381,119.96552746768381,121.41905212402344,9414700
2019-12-20,122.69715966338016,123.49909471868723,120.95961671484432,122.01216125488281,14532800
2019-12-23,121.74484292936364,122.59689725610087,121.41069273076661,122.32958984375,6558700
2019-12-24,121.96199972646478,121.97034869934143,121.3438315774589,121.90351867675781,4238900
2019-12-26,121.93697196649845,122.112389668471,121.260335337265,121.82002258300781,3019300
2019-12-27,122.12907393957612,122.42145370830276,121.57773578818968,121.75316619873047,3432700
2019-12-30,121.77825632578836,122.12910448810463,121.1517390188249,121.37728881835938,2923300
2019-12-31,121.21019369586811,121.97035817545304,120.94287358476502,121.85340881347656,4435000
2020-01-02,121.85343283395846,121.9787439406868,121.19350689268639,121.93697357177734,5777000
2020-01-03,119.87363820488616,121.43575052629826,119.4559600229876,120.52521514892578,5752400
2020-01-06,120.2913143079573,120.45838302852418,119.33065960480288,120.3748550415039,7731300
2020-01-07,120.29963545463883,121.50255035890083,118.10265743166916,121.10993194580078,7382900
2020-01-08,121.01808520944375,121.94533138169218,120.04071968948372,121.09327697753906,6605800
2020-01-09,121.76154666725347,121.98709646871197,121.11833140411703,121.45246887207031,6112700
2020-01-10,121.75317857695855,122.1123756612891,121.04312063587557,121.1767807006836,5042600
2020-01-13,121.52761588074574,121.78657426218058,120.89274976024343,121.71139526367188,4593200
2020-01-14,121.16844841169201,122.47160235670354,120.9011282452655,122.39642333984375,7037500
2020-01-15,122.29612685374907,123.13148294631982,122.16247956629478,122.80569458007812,4960300
2020-01-16,123.1482201851569,124.33442456274341,122.12908451279628,123.79979705810547,6476000
2020-01-17,123.97520322068335,124.81055932985065,123.57422311078673,124.61006927490234,9083600
2020-01-21,124.11723616726832,125.44544957784196,124.05040613606317,124.69363403320312,9543900
2020-01-22,122.54675566563603,124.61843553473497,121.96200885740541,123.84156036376953,10305300
2020-01-23,123.66615600422378,124.27597535449598,122.59690083059111,124.07548522949219,8671900
2020-01-24,124.117273556167,124.42635139038742,123.57428416900291,123.90008544921875,9051900
2020-01-27,123.23176216934222,124.85235539428389,122.79737333409928,124.25924682617188,7587100
2020-01-28,124.01700014449784,125.77960242231666,123.75802898809569,124.8857650756836,7336600
2020-01-29,124.84398897788054,126.29751344121831,124.57668160614905,125.75452423095703,6288600
2020-01-30,125.32850264879083,125.72947009729945,124.50985705701581,125.60417175292969,6470600
2020-01-31,125.09461474503154,125.30345383475614,124.16736867679329,124.3594970703125,8651700
2020-02-03,124.81894780772078,125.71278524576257,124.66858977881283,125.44546508789062,5765200
2020-02-04,126.54810970187182,127.60065387833913,126.30584927658649,126.63999938964844,6541400
2020-02-05,126.7402730619533,128.66159531661813,126.39777388139666,128.63653564453125,5979900
2020-02-06,128.8537312177156,129.06257032827912,127.59234757866167,128.2522735595703,6201200
2020-02-07,128.09351952206393,128.193770935949,126.59823749899425,126.88225555419922,5700300
2020-02-10,126.70684511008226,126.89898624817283,126.04691920173919,126.85721588134766,4835600
2020-02-11,127.21637116162853,127.29156289579939,126.58985410484493,126.96577453613281,3715300
2020-02-12,126.86555852951341,127.09945727623865,126.07197258551518,126.21398162841797,5166800
2020-02-13,125.43708975580712,126.17219454243987,125.2031910400798,125.37860870361328,5480200
2020-02-14,125.77119953146074,125.83802954221804,124.59334449159044,125.41200256347656,5716300
2020-02-18,125.69607032996323,125.92162011228072,124.51821482361517,124.58504486083984,7230700
2020-02-19,124.64351851891871,125.10295428444039,124.11723997361689,124.41796875,6115200
2020-02-20,124.14231599286857,124.78554399445062,123.13152913323962,123.94182586669922,7464700
2020-02-21,123.70793466598008,125.50395869656325,123.2484860652947,125.24498748779297,7776800
2020-02-24,123.16007006326264,125.26177774352308,122.1092162231324,122.66407012939453,10588900
2020-02-25,122.73135319332638,123.37026785004127,120.91547428122074,121.60482788085938,10529000
2020-02-26,122.19330460760027,122.92469486489347,120.71369400992198,120.78935241699219,10093800
2020-02-27,119.84776201279473,121.7056770185899,116.812895981476,116.955810546875,12566700
2020-02-28,113.79487426330816,115.41738662205026,109.97817832047261,113.05506896972656,19820300
2020-03-02,113.3072568315014,117.80491613637938,112.65992731190443,117.71244049072266,11508200
2020-03-03,117.69563582190735,118.52791672180109,111.89492747323585,113.98822021484375,13662500
2020-03-04,115.74525094230219,120.75572820415718,115.29128768158512,120.6212158203125,10560500
2020-03-05,118.36818709193872,119.94866265105861,117.56112564411491,119.38540649414062,11339200
2020-03-06,116.41781637491344,120.22611058590097,115.51829194077861,119.4022445678711,12239100
2020-03-09,114.61029841806183,117.42657836565314,113.40811523079537,114.70277404785156,13848600
2020-03-10,117.67042435366403,119.33497343879687,112.84489833892914,119.0743637084961,12698100
2020-03-11,116.0899074108181,116.64476124568677,110.54980975717339,110.80201721191406,17763400
2020-03-12,107.02735395817066,112.4497569088181,104.66503670820927,105.43006134033203,21539200
2020-03-13,108.71714896514402,113.42496681534888,104.79115385772559,112.89533233642578,20084200
2020-03-16,103.88321530256003,112.4497721335262,102.92483703653988,106.87604522705078,18877900
2020-03-17,108.06983816241066,114.98025574722034,107.44772791747091,114.82892608642578,18911800
2020-03-18,110.14630926117874,114.05548075471393,108.2043332484752,113.45860290527344,17521100
2020-03-19,113.48381808655452,113.48381808655452,106.05217602947933,106.80879211425781,18482300
2020-03-20,106.62384827256999,107.13666552073921,99.30990082587469,100.78950500488281,19785100
2020-03-23,98.35992887377807,99.671392539646,91.76897603475584,93.43352508544922,20815200
2020-03-24,99.83952633315354,100.58773377590323,95.72017787764999,100.19261169433594,17604800
2020-03-25,99.96562295514988,104.21106844139928,98.10770780013425,100.37755584716797,13986100
2020-03-26,101.36115965132213,106.85081918907247,101.20142781217253,106.40525817871094,15066800
2020-03-27,102.26911030134922,107.28798992059357,101.3695795537963,103.53854370117188,12133200
2020-03-30,107.9941616252939,112.64313835537682,107.18710016802909,111.81925964355469,21754000
2020-03-31,113.48380653140346,114.0890993375941,109.33083032196403,110.23876953125,15746100
2020-04-01,107.3552474601441,109.48217503662136,105.50574689292147,108.28840637207031,12606100
2020-04-02,108.54899878504688,112.65153645641739,106.95170601119031,111.93695068359375,11594500
2020-04-03,111.2896392905267,113.31567592904545,110.6170902062427,112.7944564819336,10071200
2020-04-06,115.18197995211769,118.51109047116194,113.94617484357747,117.49385833740234,14994400
2020-04-07,117.57794795730389,119.40222888581985,115.3921665974173,115.57711791992188,11567100
2020-04-08,115.80411181297235,121.16767478078744,115.42580693522473,120.43627166748047,10758200
2020-04-09,121.06675003798493,122.25211610579028,117.93100614788091,118.72965240478516,11125400
2020-04-13,117.69565763719454,118.94828032577294,115.87977869783232,117.50230407714844,8153200
2020-04-14,122.25212120765929,123.93348721985838,121.1003895942004,122.76493835449219,13838000
2020-04-15,122.36141227674756,124.34542465463747,120.67163124991741,124.13525390625,11962300
2020-04-16,124.68171315290844,126.67412806922736,123.10963980224712,125.82504272460938,12181700
2020-04-17,127.77541682712842,128.03602651087826,125.76618492245134,127.8006362915039,10920000
2020-04-20,126.8843137420067,128.62453418539224,126.17814290750593,127.50642395019531,12226200
2020-04-21,126.20333765978005,127.48117951084025,124.90028917079047,125.83343505859375,9951100
2020-04-22,128.46477450688434,130.3058724343737,127.55683527574692,128.61610412597656,11515600
2020-04-23,129.67536309413833,131.9872415285557,129.21298484169373,130.734619140625,10665000
2020-04-24,130.7850619678007,131.39875697305612,129.16253708872762,130.18817138671875,8653400
2020-04-27,130.14609722966975,131.1885484797421,129.46514624020514,129.7089385986328,8924000
2020-04-28,127.15332385643495,128.70859278348755,126.69094556775933,127.2710189819336,8558700
2020-04-29,127.26261561547243,127.47278639680182,125.3962980510429,126.30423736572266,9285200
2020-04-30,124.80780996398505,126.46394375387611,123.71491944466086,126.13607788085938,14829600
2020-05-01,125.78298879625125,125.82502551262799,123.40385432074136,124.66487884521484,7309000
2020-05-04,125.06841278665904,125.32902246272018,123.65605868427633,124.6480712890625,7198400
2020-05-05,125.26179494187983,126.75820998945757,124.95914848125696,125.68213653564453,6562300
2020-05-06,126.10245213312365,126.37147685502062,124.45470778101674,124.48834228515625,6191600
2020-05-07,125.57283863321449,125.70735101655507,123.68971657767402,124.07642364501953,5570500
2020-05-08,125.19451855839759,125.413091533897,124.32861604110425,125.00956726074219,4712100
2020-05-11,124.79937897303402,126.18651351066383,124.52195206550806,125.35423278808594,5887500
2020-05-12,126.1865557073099,126.38831146912038,123.60565207981628,123.69812774658203,7039200
2020-05-13,122.80700025084921,125.21975686817186,122.74814627100852,123.6897201538086,6970500
2020-05-14,122.22696205872319,124.2193776614738,121.27698568815083,124.11849975585938,6871400
2020-05-15,124.31181212964577,126.50599564385469,122.45390956899396,126.47237396240234,10340400
2020-05-18,128.19580476822716,129.145768201981,126.48921864575406,126.53965759277344,7388400
2020-05-19,126.1865726511611,127.02725597907607,124.75740073145799,125.27863311767578,6107300
2020-05-20,125.89227372396718,126.43031030723792,123.80738356726856,124.15205383300781,5713400
2020-05-21,124.8414103713374,124.8414103713374,122.58838636171191,123.33659362792969,6487300
2020-05-22,122.38004396016916,123.8360303125656,121.94831528634175,122.21073150634766,6140900
2020-05-26,123.75142172148792,123.96304943141132,122.15151675113619,122.3716049194336,7072300
2020-05-27,122.16844313828447,122.95569197118512,121.05950315582372,122.65094757080078,7950000
2020-05-28,123.60748436436319,125.3766884603674,123.42971145078133,124.41166687011719,6189600
2020-05-29,125.24974966806461,126.4263992199189,123.02342202376354,125.91848754882812,8504000
2020-06-01,124.68255897185652,125.57139781623813,123.5990262774558,124.59791564941406,6141800
2020-06-02,124.4878740972112,125.57988024429805,123.69215189185603,125.49522399902344,6078300
2020-06-03,125.72377891532626,126.24861144158223,123.97149548079474,125.83381652832031,6339500
2020-06-04,124.26780383368724,125.59681924207572,123.23505949295489,124.20854187011719,8170500
2020-06-05,125.02119402462195,126.67188765847389,124.09850026476765,124.69105529785156,9725400
2020-06-08,123.488999399771,124.95345946426917,123.3704884046682,124.24239349365234,7555600
2020-06-09,125.49522088706081,126.4094540630921,123.29428773179336,123.55671691894531,8247200
2020-06-10,124.0984704711685,127.00199589456585,124.0984704711685,125.1142807006836,10137100
2020-06-11,125.7745502994949,126.27398846857584,119.14637055115351,119.2479476928711,11913300
2020-06-12,120.91558400647433,121.65205709104409,118.74851870411825,120.33148956298828,8687400
2020-06-15,119.35799819811255,120.54310790714766,117.99511557435864,119.56962585449219,8649600
2020-06-16,121.9737618348957,123.09962296824337,120.85637407790583,122.28697967529297,7579100
2020-06-17,122.65939511905343,123.09958429921963,121.4488910195066,121.91447448730469,5100100
2020-06-18,120.64473055129277,121.99914016790734,120.09449074605168,121.39812469482422,4797400
2020-06-19,123.41279301011026,123.48898879213309,121.26266145030317,121.7536392211914,12206900
2020-06-22,121.44890222174465,121.60974133606753,120.22992463606533,121.38117980957031,5285600
2020-06-23,121.6774515478663,121.96526208320196,120.78013936407521,120.9325180053711,5921600
2020-06-24,119.77283304354857,120.36538809590424,117.42799421130039,118.35916137695312,8211200
2020-06-25,118.99404530653706,118.99404530653706,116.4291053553294,118.232177734375,7421200
2020-06-26,118.11366889870831,118.17293086377389,115.98893111678564,116.65766906738281,12849700
2020-06-29,117.44489441393543,118.25753741967242,116.80153804127198,117.69883728027344,5309800
2020-06-30,118.00358237923824,119.37493844973224,116.68302779905923,119.0447998046875,7738300
2020-07-01,119.09559955455265,119.688154496557,118.56229364838423,118.83318328857422,6174800
2020-07-02,119.56965597368001,120.06909426852826,118.79086755203608,119.33263397216797,5152200
2020-07-06,120.34846209756425,121.70288480548325,120.1029796015792,121.03413391113281,6156400
2020-07-07,119.68815326980693,121.87215253371996,119.55270845110019,120.92406463623047,5622600
2020-07-08,120.94098999158166,121.38117921017647,119.95057393729036,121.27960205078125,6257400
2020-07-09,120.84787998115709,122.26155150017492,119.00249259407647,120.61933135986328,5738600
2020-07-10,120.83940127980055,120.94097842948489,119.72200096636067,120.5177230834961,4282400
2020-07-13,121.567399338797,124.1323256672793,121.28804926423494,122.92182159423828,6951900
2020-07-14,123.01493094228165,125.61371185948606,122.96412945443471,125.21585083007812,7447100
2020-07-15,126.74804918638523,127.15438364067744,125.4782830793619,125.50367736816406,8512800
2020-07-16,125.85918808683527,126.41788817520941,124.1661669099875,126.34170532226562,9304700
2020-07-17,126.97656480995427,127.46754241055966,125.8676382106232,126.42633819580078,7441100
2020-07-20,127.17127810012622,127.2474738674106,125.64755650533017,126.63798522949219,6191500
2020-07-21,126.63801976739796,128.3902903917645,126.55336352142757,126.75653076171875,5575900
2020-07-22,126.91733161620742,127.32366601564257,125.15660088556331,126.98505401611328,5910200
2020-07-23,127.15438837401338,127.6961547498415,126.36712664165404,126.64647674560547,6566300
2020-07-24,127.3998774825923,127.48453373066806,124.46248392523665,125.38517761230469,5405900
2020-07-27,124.75029377124282,126.06238810835228,124.31857790873694,124.5894546508789,5675200
2020-07-28,124.7756868125766,125.27513800152843,124.22545995900714,124.29318237304688,4842200
2020-07-29,123.92070464423591,124.83493777818882,123.64982792865464,124.04767608642578,4489100
2020-07-30,124.80951671787811,124.86030528385982,123.70905042694639,124.30160522460938,5922500
2020-07-31,124.14926516334111,124.81800294807022,121.8636888051146,123.38739776611328,8259600
2020-08-03,123.92073463125348,125.10584476756708,123.71756735785755,124.73339080810547,4078700
2020-08-04,124.42862766506904,124.62332153320312,123.43821157491331,124.62332153320312,4162200
2020-08-05,126.21475258642387,126.3925126029429,125.1142860752066,125.62218475341797,5467500
2020-08-06,125.62216755452481,126.34170672938954,124.01380258529694,124.90264129638672,4837900
2020-08-07,124.86878978914545,125.83381147883962,124.56404541783527,125.79149627685547,3635100
2020-08-10,126.01157296360246,126.13854439147723,125.04655136157274,125.30896759033203,4096600
2020-08-11,126.24859336573702,126.32477622153196,123.90375533136361,124.41166687011719,6388400
2020-08-12,124.89419301510503,127.17978242186418,124.85187781009259,126.68880462646484,5257300
2020-08-13,125.74070235022667,126.29094209314034,124.88573113439536,125.2835922241211,5155500
2020-08-14,124.95345707436103,126.41791711084937,124.92806278423396,125.48676300048828,4240200
2020-08-17,125.55450519119364,127.17133122313682,125.47830939208015,126.12166595458984,4306900
2020-08-18,126.35021269902411,127.06129167407569,125.76613102615971,127.05281829833984,4322600
2020-08-19,126.62106063923437,128.31408188658332,126.40097252710075,127.30673217773438,7816300
2020-08-20,126.76499365997408,128.31410999060105,126.59569408150372,128.1786651611328,4874700
2020-08-21,128.4834264547976,130.06639774246614,127.47607639292434,129.31300354003906,6722800
2020-08-24,130.15662979372078,130.2929631093771,128.12000379805383,129.6538543701172,5387900
2020-08-25,130.19066312954604,130.4377923681786,129.13399904570534,129.57711791992188,3863500
2020-08-26,129.40673139124257,130.07992017412542,128.36711352195516,129.78167724609375,8008300
2020-08-27,129.88391547008314,130.5997140178881,129.43227974329918,130.36111450195312,5575400
2020-08-28,130.15658268199564,130.9746342906325,129.44077127106854,130.9235076904297,5395700
2020-08-31,130.3781717860511,131.57116946405935,129.7475798689899,130.72755432128906,6362700
2020-09-01,131.11952169785883,131.29847783452882,127.88138172461521,129.1169891357422,6307700
2020-09-02,128.49492148686073,131.51152166124635,127.18262408515957,131.08544921875,6881900
2020-09-03,131.93757083986696,132.48294294999167,126.3730667622411,127.43824768066406,8672800
2020-09-04,127.96659154447784,128.63126349235375,125.37607690182027,126.62020111083984,7200100
2020-09-08,128.03477251078172,128.58014473215061,125.18008186603393,125.48685455322266,8756800
2020-09-09,126.24526620253201,128.75910414867192,126.2197028948431,127.56609344482422,6960700
2020-09-10,127.18262989289246,127.6342656623464,124.85627789138641,125.18861389160156,6191800
2020-09-11,125.30791525538136,126.56908611805395,124.95001594311076,125.92997741699219,3934700
2020-09-14,126.21970012823914,127.37010095982318,126.12596366786785,126.41570281982422,4375800
2020-09-15,127.353030584688,128.32447508185118,126.56054220662986,126.8758316040039,3658800
2020-09-16,127.30191817964165,127.87285366683662,126.41569325990429,126.45829010009766,4323000
2020-09-17,126.15152578452623,126.65430115960913,124.45576574840206,125.41016387939453,5461400
2020-09-18,124.84776772545248,127.52350268658239,124.58360483799184,127.12299346923828,12174000
2020-09-21,125.7595561172755,126.05779905488102,121.82265052035999,123.646240234375,7574500
2020-09-22,123.2968509343087,123.85926970388576,122.4702693191514,122.88782501220703,5295900
2020-09-23,125.67432362033183,125.7339800033976,123.0326822864117,123.08380889892578,8784400
2020-09-24,123.18607158006263,123.77405367450778,122.14645370347554,123.2798080444336,5614800
2020-09-25,122.70886470044859,124.6261907113931,122.61512824202778,124.12342834472656,5531200
2020-09-28,125.03522007719623,126.36456406777913,124.77105723325982,125.35903930664062,5843200
2020-09-29,125.7766253035036,126.04930498134465,124.46431453311659,125.31645965576172,6768600
2020-09-30,125.64875097637953,127.59164012372133,125.12894211661803,126.86732482910156,8487700
2020-10-01,127.23373896906473,127.52346508260672,124.80513407233059,125.53797912597656,6457800
2020-10-02,124.59212772993531,126.46684415284935,124.26830846501981,124.61769104003906,5485600
2020-10-05,125.26526596956415,126.44122977014105,124.77102050269409,126.31340026855469,4992800
2020-10-06,126.35603314130907,126.63724249283801,124.30236100004193,124.63469696044922,5118200
2020-10-07,124.8307092509933,126.31343303351763,124.25124396608909,126.01519012451172,5603100
2020-10-08,126.54349567083486,127.69389628710307,126.15150336373178,126.8758316040039,4413500
2020-10-09,127.52347793056516,129.0829046437852,127.3530515526464,128.6483154296875,5054100
2020-10-12,129.1851572654072,130.49745454012432,128.6909117196131,129.38966369628906,7273200
2020-10-13,126.96961242408533,127.92401071902603,125.92147765355568,126.42424011230469,11057600
2020-10-14,126.81618195000368,126.99512505754645,125.59760825362338,126.20263671875,7706400
2020-10-15,125.67431659829296,126.03221586859298,124.69435523933087,125.42720031738281,5978600
2020-10-16,125.77656436386252,126.76504234515222,125.27378910304606,126.20263671875,6097000
2020-10-19,126.56905899009035,126.88434838750653,122.81962728190271,122.98153686523438,7250800
2020-10-20,123.27128773120678,124.20012257700093,122.81112219109066,123.17755126953125,5325400
2020-10-21,122.81111767876557,123.85073548726035,122.63217453295042,122.64920806884766,5221300
2020-10-22,122.84518643488599,124.1489668213544,122.57249388212828,123.62915802001953,5279700
2020-10-23,124.31090567853761,125.66581298709933,123.00712498498582,123.76553344726562,4154400
2020-10-26,123.07526024910342,123.36499934673672,121.64366330751446,122.68328094482422,6929500
2020-10-27,122.4873029211847,122.95597217696486,121.78853791714448,121.98452758789062,4890100
2020-10-28,120.51884912455179,120.98753142848713,117.74937814994242,117.90277099609375,8426100
2020-10-29,117.59601236096472,118.19251127240042,115.93433217814348,116.90577697753906,7205400
2020-10-30,116.47116399352647,117.2040091610002,113.88916586918648,116.83759307861328,7364100
2020-11-02,118.43109915852602,118.4566624663024,117.16141152996659,118.1839828491211,7088000
2020-11-03,119.31729719649987,120.11831524566703,117.40848850492482,118.02203369140625,6363000
2020-11-04,118.86568912416462,121.46472049956512,118.1924874150234,118.78898620605469,10263500
2020-11-05,119.76896589919839,120.8597103091588,118.66969171868112,119.09576416015625,8016200
2020-11-06,119.64112487824728,122.01861615492415,119.00201627739618,121.21759796142578,5942500
2020-11-09,126.4838868786585,126.96109904156124,123.49286235494856,124.48135375976562,12351600
2020-11-10,125.47829489205137,126.75651181794663,124.63466703999032,126.35600280761719,7386500
2020-11-11,127.1144404609764,127.14000376520407,125.14598801925749,125.94700622558594,6382400
2020-11-12,125.78511817740754,126.67134321540644,125.05227299104875,126.37310028076172,4710300
2020-11-13,127.04626837577047,128.17110578196775,126.46681613817653,127.73650360107422,5893500
2020-11-16,128.60570966713001,128.92952889734474,127.65131151832817,128.5460662841797,6266400
2020-11-17,127.82168049578443,128.35853571472873,127.07178914268052,127.26779174804688,7297700
2020-11-18,126.85882976092499,127.61723833727957,125.58061218261719,125.58061218261719,6661000
2020-11-19,125.52095935586243,125.65730567461547,124.06378570492805,125.38461303710938,7987700
2020-11-20,125.30790697330463,126.06631539499715,124.52393524547519,124.71992492675781,6354900
2020-11-23,125.28624285879808,125.28624285879808,122.7377851625647,123.44998168945312,7318300
2020-11-24,123.56153448675231,124.21366009415613,123.22688918790607,123.44998168945312,11034800
2020-11-25,123.613056761475,123.70744459933161,122.58337958952916,123.2869873046875,7594600
2020-11-27,123.99055650499132,124.12785022892056,122.89223289965754,123.5615234375,3059000
2020-11-30,123.75887712364839,124.2994629878162,122.7549412995156,124.14500427246094,15663200
2020-12-01,125.52650585317423,127.96342395198371,125.15754365062833,126.52186584472656,9738200
2020-12-02,126.86510391927312,128.46110771353034,126.73638612226956,127.11393737792969,7745500
2020-12-03,127.02811075762874,128.34953999894142,126.72779545227641,127.85186004638672,7310500
2020-12-04,128.52970822333666,128.97590623662197,128.08352330310024,128.94158935546875,6747100
2020-12-07,128.15219545266686,128.6327104419477,127.43140987569414,127.82612609863281,6634700
2020-12-08,128.70992705282057,130.54618815505214,128.32379989027228,130.03993225097656,8339800
2020-12-09,131.1382525532201,131.71315530815477,130.22011547911137,131.36993408203125,8440100
2020-12-10,131.1296526114892,131.2669332209892,130.15144480062014,130.6405487060547,7392900
2020-12-11,130.02275861360437,131.6359271151521,129.76533615800952,131.2412109375,5977400
2020-12-14,131.49865999392802,131.69601157615128,127.84330228279966,127.91194915771484,8547300
2020-12-15,128.70994682073615,129.3534965548398,128.30665460658693,129.1990509033203,7612600
2020-12-16,128.88156244564354,129.49937126170474,128.32382455841903,128.42678833007812,8486100
2020-12-17,128.78715881220708,132.04781314263866,128.6756191042884,131.81613159179688,9920300
2020-12-18,131.84185083934057,133.08605715700193,130.14288362982276,132.5797882080078,17137200
2020-12-21,130.4346447646442,131.63594535956744,128.7528422620242,131.30130004882812,7893400
2020-12-22,130.76931200790756,132.0564115870919,130.30596192034497,131.0438995361328,4699500
2020-12-23,131.11252551081066,131.79898112885664,130.34025803061448,130.3745880126953,4607300
2020-12-24,130.29734888492231,131.31843659562256,130.2716079481093,130.829345703125,2114900
2020-12-28,131.55871160546846,132.0306375250172,130.6834804451068,131.44715881347656,3855500
2020-12-29,132.23658816192503,132.94019566710202,131.97058972363672,132.2623291015625,5212000
2020-12-30,132.77719552013048,134.1844238507632,132.65706675140768,133.90126037597656,5412800
2020-12-31,134.31308851305482,135.28270741696457,133.09463619566327,135.04244995117188,5099900
2021-01-04,134.9223271850437,135.0424559232526,132.25374091414218,134.287353515625,11765900
2021-01-05,134.07284050642915,136.22658190282613,133.06032869958898,135.86619567871094,9602300
2021-01-06,134.922356191868,137.48796617227524,134.4761580284285,137.14474487304688,8230100
2021-01-07,136.4325465784612,138.17442018230173,135.87480870073907,137.60809326171875,7747200
2021-01-08,137.72819754669803,138.23446654254477,137.18762475771712,137.3249053955078,8228900
2021-01-11,137.7710700818581,138.4232085987674,136.23513775612508,136.74996948242188,7066200
2021-01-12,136.56125340006548,136.99887561502658,134.99957946249117,135.68603515625,6903200
2021-01-13,135.77181138764135,135.96917604096916,134.50187707556594,135.48007202148438,6643100
2021-01-14,137.67670177822006,138.96380091561645,136.95592940360999,137.8483123779297,10030800
2021-01-15,137.54803466796875,138.5004888134924,136.52693364520294,137.54803466796875,7630800
2021-01-19,139.0067499378981,139.89913318890154,138.23449545324232,139.67604064941406,9057600
2021-01-20,140.03644767483726,140.84303226528888,138.83515983356173,139.3328399658203,6839900
2021-01-21,138.42322726954202,139.41857397852232,137.34205562169788,138.7750244140625,6818000
2021-01-22,139.31563007447738,141.7182180758304,138.89517291899895,140.33673095703125,8137000
2021-01-25,141.5894887632729,142.51620176377602,140.43110733243168,142.42181396484375,9924400
2021-01-26,145.6138514098736,149.00321074419475,145.34785294643075,146.28314208984375,14205700
2021-01-27,145.11617896803952,146.66070103842455,143.68320971450424,144.05218505859375,14207300
2021-01-28,144.32676320552707,146.60922292985887,143.9835418890646,145.1505126953125,8944400
2021-01-29,140.94597018213165,142.43901030485026,137.76255144056069,139.9763641357422,22505900
2021-02-01,141.84694671760147,141.84694671760147,139.5215942331132,139.61598205566406,9971400
2021-02-02,140.1908596301379,140.43111711815288,138.30310351994726,138.36317443847656,11443300
2021-02-03,138.09715565858042,138.59483555127574,136.92160933026088,137.7196044921875,8601900
2021-02-04,138.14867856856569,139.08396772213192,137.08467161019067,138.9981689453125,7758100
2021-02-05,141.46077324477375,141.95845313802027,140.60270717222096,141.1089630126953,9495300
2021-02-08,141.6067016736478,142.37038027142938,140.6199305179153,141.51231384277344,6035300
2021-02-09,141.75257792640127,142.94528979346336,141.55522630477302,142.67071533203125,5544200
2021-02-10,144.06074635106637,144.1036522834164,142.18157911438405,143.134033203125,5921300
2021-02-11,143.2970475354565,143.6231168633373,142.095760158607,142.49046325683594,4871300
2021-02-12,141.06611492945052,143.16838814360435,140.72289359692377,142.93670654296875,4413100
2021-02-16,142.93669723141062,143.33998947203727,141.27204638168428,141.64102172851562,5656100
2021-02-17,141.55517955206068,142.5162094892479,141.03175865561744,142.14724731445312,6676700
2021-02-18,141.54662120531552,142.57629813649433,140.98029431059877,142.21591186523438,5189100
2021-02-19,142.09576808166554,142.40467243765812,139.78756790675587,139.84762573242188,8190900
2021-02-22,139.76129150390625,140.3397792547044,138.39709120028067,139.76129150390625,6447100
2021-02-23,139.42455911882385,140.9010078337064,138.49206727385013,138.526611328125,7042800
2021-02-24,140.2189137520193,141.93711830312213,138.94106029713902,140.38296508789062,10286100
2021-02-25,140.84918202626966,141.34132273474881,139.86488743461695,140.5297088623047,9719700
2021-02-26,139.87353713371468,140.22754122295552,136.39396809726526,136.81704711914062,14417500
2021-03-01,139.39862366706734,139.46769858407364,137.3609597268078,137.55955505371094,10551400
2021-03-02,137.95672910525724,138.82014586679958,136.93790365049054,137.300537109375,7610900
2021-03-03,136.63571548502378,137.19693116342532,134.7448304897916,134.8829803466797,8499600
2021-03-04,134.68441443203713,134.7793908232843,130.7817661390131,132.16323852539062,11033200
2021-03-05,132.94893557211378,135.28880125596174,132.21503908433627,134.77938842773438,8331600
2021-03-08,135.55646343522858,137.56822654360678,134.6757744424666,135.90182495117188,6546700
2021-03-09,135.4614773124024,138.79426708319195,135.4614773124024,136.1608428955078,7461300
2021-03-10,137.12788003380828,138.06035870330888,135.86728554775573,137.4127960205078,6635600
2021-03-11,137.74952102246445,138.69065541929416,137.21420678137838,137.40415954589844,6305600
2021-03-12,137.52510699947086,138.41442576778906,137.4474026041116,137.80140686035156,5474800
2021-03-15,137.93085063327018,138.71656317908636,136.85157950155445,138.50933837890625,5524100
2021-03-16,138.5439056000359,139.59726228001034,138.35395279511465,139.32960510253906,6369100
2021-03-17,138.8633721313025,139.6404422422305,137.7409272796404,138.8115692138672,6001400
2021-03-18,138.32802185097208,139.43319438509488,138.11216763454658,138.55250549316406,4801800
2021-03-19,138.74248814368983,139.44185384760527,137.6891182866546,138.18125915527344,14891500
2021-03-22,136.68751471379417,138.70790691137012,136.4198576074523,138.57839965820312,7544100
2021-03-23,138.328035727882,139.18281007887154,137.17968960033417,138.44891357421875,7178300
2021-03-24,138.23305487701035,140.28797819844752,137.9912991921354,139.79583740234375,6370100
2021-03-25,140.2534326985965,140.26206212405083,138.69927976161875,139.84762573242188,6269800
2021-03-26,139.95121986897433,142.5501127558531,139.33820134544007,142.4033203125,7619200
2021-03-29,141.45359609011516,144.21652760905047,141.28091534043733,143.3617401123047,8535100
2021-03-30,142.4810699695425,143.03365629517612,141.79896319550738,142.47242736816406,7236300
2021-03-31,142.42928809810277,142.80055112069195,141.3413741395036,141.90260314941406,8281500
2021-04-01,140.39161247681056,141.46224114793483,140.0980406777524,140.59019470214844,7229700
2021-04-05,141.28956923172092,142.24796270928434,140.44342418949796,141.10824584960938,7387100
2021-04-06,141.66945977581318,142.04936535527708,140.736967855683,141.07369995117188,5074200
2021-04-07,141.21183845070536,141.84212910691727,141.01325625005984,141.26364135742188,4608000
2021-04-08,141.60039331852866,141.69536971908389,140.60746900111343,140.71107482910156,5039400
2021-04-09,139.9771358526839,140.67650139496425,137.95674358060828,139.22596740722656,8418300
2021-04-12,139.08781646434602,139.94260388418726,138.44025383029236,139.5626983642578,5022800
2021-04-13,135.4356053450072,138.08628896204144,135.15067612417369,137.69775390625,18424100
2021-04-14,136.27306834093326,138.24165749295614,136.02267010356962,138.07760620117188,7718300
2021-04-15,138.7683580984151,140.21026266643253,138.34527909624282,138.48342895507812,7524600
2021-04-16,139.30366646950063,140.31386256715857,138.63020240439533,140.08074951171875,9049400
2021-04-19,140.3052327544454,140.83191753977295,138.87195767638084,140.4692840576172,8353500
2021-04-20,139.01011738030928,144.87271218600392,139.01011738030928,143.74163818359375,14050700
2021-04-21,143.64667136569236,144.11292388876552,142.71417949424293,143.8366241455078,6333200
2021-04-22,143.18905999383216,143.56896554961608,142.13569028904826,142.61920166015625,7233000
2021-04-23,142.05791737972376,143.3789435864521,141.6003076832592,142.91270446777344,6015300
2021-04-26,142.645144660034,142.8178254448183,141.3931793272741,141.70401000976562,6027800
2021-04-27,141.39316320179336,141.52268365663468,140.279361068466,140.8923797607422,6217700
2021-04-28,140.61605793387344,140.90961647843292,139.57131782863047,139.8562469482422,7448000
2021-04-29,139.7872245638226,141.82488946639762,139.70952018600354,141.77308654785156,6394300
2021-04-30,141.72988038624982,141.88530228076002,140.3225197829387,140.5038299560547,9079100
2021-05-03,141.2550093554212,142.74008746946495,140.84055975985345,142.64511108398438,6594100
2021-05-04,142.3170207501751,144.92454368856568,142.1788708730437,144.85546875,10179500
2021-05-05,144.62230046305177,145.3993702404385,144.0092687955671,144.25103759765625,7792300
2021-05-06,144.00931788239117,144.95908186710454,143.53444906473257,144.82957458496094,5529900
2021-05-07,145.31308278587207,146.07288078211513,144.90727574454667,145.4857635498047,5316200
2021-05-10,146.69450388723257,148.10187743760264,146.11601623255572,147.01397705078125,8357500
2021-05-11,147.3420657031863,147.5320184454951,145.29577218567997,145.81382751464844,8217900
2021-05-12,145.5202736621453,146.60818735156522,145.01086087010995,145.22671508789062,6758300
2021-05-13,144.1647316815047,147.3852732716257,144.1647316815047,146.74635314941406,8018600
2021-05-14,148.05874111389022,148.17098953800647,146.92766696984935,146.97084045410156,5797700
2021-05-17,147.12625943245507,148.4127555744456,147.04855506020897,147.1176300048828,5722600
2021-05-18,146.7636113094049,147.96376035794157,146.37507631198028,147.16941833496094,5846000
2021-05-19,146.70316577918615,146.9190199999755,145.08856724888864,146.84994506835938,5533800
2021-05-20,146.72907707233549,148.153709755212,146.51322283706955,147.70474243164062,4853200
2021-05-21,147.92923179311495,149.14665288884922,147.53205418805572,147.60977172851562,6501800
2021-05-24,148.4785576154782,148.86952991387292,147.49681837915568,148.1744842529297,5195100
2021-05-25,148.27873483108908,148.5915047122284,147.47075370466686,147.76614379882812,7444700
2021-05-26,147.69662239900248,147.76612828272314,146.2022790412377,146.88864135742188,5726400
2021-05-27,147.05370925714436,147.8443238045492,146.2891710170393,146.66275024414062,8114700
2021-05-28,147.27960940138018,148.57411845163904,146.97552279853284,147.04502868652344,6400800
2021-06-01,147.82693312485347,147.87037595796187,143.6827493327615,143.8130645751953,10448400
2021-06-02,143.61325409281534,144.85563701904877,143.4481792689063,144.39517211914062,6806000
2021-06-03,144.12584929489242,145.22053721503693,143.96947098782582,144.25616455078125,5808800
2021-06-04,145.0989236903952,145.5854649737179,144.10848784891073,144.19537353515625,6510300
2021-06-07,144.22139259317404,144.49941609882973,143.03113594470037,143.2135772705078,5362800
2021-06-08,143.595880696954,143.9260303594638,140.80702812298256,141.95384216308594,7746800
2021-06-09,142.47509564608586,144.03024813163327,142.18838889038142,143.86517333984375,5552600
2021-06-10,144.22143454351263,145.59414617397096,144.1779917010062,145.1597442626953,6463100
2021-06-11,145.151032065431,145.15971532944383,142.67493636193782,143.31785583496094,7389900
2021-06-14,142.91818688635436,143.7522441443764,142.39689944297928,143.67404174804688,4931300
2021-06-15,143.5524215894405,144.09977212432787,142.82262971418498,142.90951538085938,5062900
2021-06-16,143.17884245997666,144.00420326623288,142.0320152923766,142.8573760986328,6988500
2021-06-17,142.64886504302117,143.96075370504985,142.04938843859978,143.54373168945312,5874700
2021-06-18,141.8495696267819,142.6488673600296,140.56373073439593,140.7288055419922,12993000
2021-06-21,141.41517458075495,142.70968354178598,140.96339296840264,142.34478759765625,6592300
2021-06-22,142.2318584134672,142.51855196609077,141.85826593189475,142.15365600585938,5627800
2021-06-23,142.21447837582687,142.21447837582687,141.16322007613036,141.29354858398438,4493400
2021-06-24,141.84958998269943,142.65757109554573,141.44125116538154,141.93646240234375,4549200
2021-06-25,141.56287536741303,143.16147097533303,141.51943253153527,142.666259765625,10963800
2021-06-28,142.86607086007564,143.41342138849802,142.06677311229973,142.5011749267578,5604000
2021-06-29,142.4837941296034,143.03982791788232,141.97120317383983,142.50985717773438,3749500
2021-06-30,142.4838047419691,143.32654537934798,142.1970979342832,143.12672424316406,6151700
2021-07-01,143.12673439099802,144.23010560732862,143.0311654483268,144.18667602539062,6320200
2021-07-02,144.23877363930967,147.08844831277727,143.9086240376757,146.8104248046875,9059900
2021-07-06,145.88081152864822,146.70617227390906,145.08151383009843,145.9329376220703,6098500
2021-07-07,145.50725332511763,147.26224067219732,145.50725332511763,147.18405151367188,6293500
2021-07-08,146.56720442621557,147.22750382573753,145.59414837247098,146.89735412597656,5755500
2021-07-09,147.14928149724918,148.01808521537788,147.0363460285795,147.47943115234375,6120900
2021-07-12,147.46208929105703,148.72185235495698,146.42821047948317,147.24488830566406,7840500
2021-07-13,146.80176468156915,147.48811378290702,146.54112091587265,147.06240844726562,4691200
2021-07-14,147.6966274780871,148.41773613248364,146.86257010164883,148.0615234375,6162900
2021-07-15,147.08849680633006,147.60977117052136,145.71578511057163,146.28050231933594,6656900
2021-07-16,146.2544028284751,146.90600556405545,145.91556993624897,146.0458984375,5834900
2021-07-19,144.63844771121154,146.12410798882402,143.63064541468913,144.98597717285156,8219700
2021-07-20,145.00332724582157,148.40035277777486,144.95120114671508,146.3499755859375,9902800
2021-07-21,147.08844997758806,147.42728284635095,145.5072210854341,147.25352478027344,7585200
2021-07-22,147.14063656811095,148.62629714621315,146.52377993449292,147.67929077148438,5281900
2021-07-23,148.5654057950714,149.59058761210446,148.02675184082622,149.2517547607422,5014900
2021-07-26,149.2778594826109,149.5558697756068,148.44380208983816,149.3212890625,4484900
2021-07-27,149.26048815058036,150.05978601644273,148.278735662658,150.00765991210938,7089300
2021-07-28,150.0684666577655,150.63319704425413,149.5037495281699,149.5906219482422,5750700
2021-07-29,150.07716317959785,150.59843747071076,148.64362905102794,149.5906219482422,4214100
2021-07-30,149.90340708850272,150.28568289504383,149.29524705850292,149.60801696777344,5346400
2021-08-02,149.84259661443087,150.16404978716605,148.82609773098417,149.66883850097656,3721500
2021-08-03,150.0684184458034,151.60620428717814,149.81647127457498,151.51063537597656,6033000
2021-08-04,151.34562148863094,151.68445444523582,150.52894378376436,150.61582946777344,4793100
2021-08-05,151.04152336556442,151.04152336556442,149.79912722360663,150.9025115966797,4291000
2021-08-06,151.11971399081165,151.11971399081165,149.82519173709636,150.3986053466797,4581100
2021-08-09,150.92857462164127,151.38903950621642,150.24221229844227,150.91989135742188,3950200
2021-08-10,150.52890181681008,151.26739015431687,150.11187981499785,150.9720001220703,3678300
2021-08-11,151.3890363846609,151.58017424868208,150.78955974358453,150.99807739257812,4221300
2021-08-12,151.0154611880163,152.29259039423184,150.81562679775612,152.2144012451172,4300400
2021-08-13,152.29256023557738,153.16136373873564,152.14486523086723,153.12661743164062,5882100
2021-08-16,153.3872753332545,154.55146895360423,152.86598788034743,154.50802612304688,4782800
2021-08-17,154.04754509340142,155.95891012501895,154.04754509340142,155.92416381835938,6041900
2021-08-18,155.95027872973574,155.95027872973574,153.89121801044047,153.94334411621094,7134100
2021-08-19,153.44812542357198,155.80258959311462,152.97029393127175,155.14230346679688,5615000
2021-08-20,155.4203028674069,156.3151696725808,154.70789068342356,155.8981475830078,5428700
2021-08-23,155.90685135442854,156.37878729972562,155.163974647861,155.22515869140625,6461700
2021-08-24,154.68330938267937,154.87558304689992,153.18882105363193,153.2849578857422,5734800
2021-08-25,153.54717615388202,153.7307016504705,151.97403379048566,152.27117919921875,5700300
2021-08-26,152.0264774595921,152.6994354315655,151.23991290530603,151.45840454101562,5031600
2021-08-27,152.31485441362238,152.31485441362238,150.9776869649541,151.13499450683594,7046100
2021-08-30,151.01265040748464,152.3148651617373,151.00391554420867,151.77301025390625,3252700
2021-08-31,151.62447348687814,152.49844010562293,150.74175866711562,151.30984497070312,7106800
2021-09-01,151.10878411965595,151.84292602539062,150.37465554959013,151.84292602539062,5327400
2021-09-02,152.36732801417912,153.11020493002698,151.99152879167897,152.88296508789062,4544300
2021-09-03,153.0315293886984,153.13640109436543,151.90410521009971,152.9790802001953,4096900
2021-09-07,152.37603350050998,152.97032419805905,150.03379682414726,150.6018829345703,6859900
2021-09-08,149.99009274795296,151.17868745420859,149.51815681172928,150.23480224609375,4661700
2021-09-09,149.6143292317612,149.86777365239158,146.56418130589958,146.88755798339844,7114600
2021-09-10,147.30701575165682,147.77895166424017,145.8387455006936,145.9261474609375,6699300
2021-09-13,146.75644536222214,146.9312359858963,144.31808482314347,144.9036407470703,6273500
2021-09-14,145.42800130219453,145.55035606281288,143.77620536601245,144.0296630859375,5259600
2021-09-15,144.2044841026606,145.04349787786248,143.60144503543293,144.57154846191406,7935300
2021-09-16,144.7725429619877,145.48046701707457,143.49655936136944,144.39674377441406,5665400
2021-09-17,143.59267970798635,144.12579973620873,142.9459397823116,143.9859619140625,13419800
2021-09-20,142.8759877529114,144.35299273475138,141.73109418776892,143.16439819335938,7270800
2021-09-21,143.86357429060922,145.0609036970152,143.5402110694726,143.7936553955078,6663600
2021-09-22,144.51036175494858,145.03473363774614,143.00713835338937,143.26931762695312,5657100
2021-09-23,143.68009233086664,144.87743554633232,143.46160069816418,144.08212280273438,4697900
2021-09-24,143.98594213506257,144.77250643916642,143.23433061385956,143.6450958251953,4399300
2021-09-27,143.33049628517637,143.6451247372779,142.32544021256643,142.6051025390625,5775500
2021-09-28,142.5439240305347,143.2518346751476,141.381547127581,142.29046630859375,7610400
2021-09-29,142.45654236146547,143.90732998116775,142.2642686607497,143.34799194335938,5124100
2021-09-30,143.889822717831,144.5540323586264,141.06691507486505,141.14556884765625,6972300
2021-10-01,141.17179411297803,141.4951574194916,138.62854864179707,140.24539184570312,8568300
2021-10-04,139.82586607619572,140.70856719377628,137.7982579614759,139.1529083251953,8620700
2021-10-05,139.712284625341,140.80474274566436,139.09176254530234,139.4675750732422,5129000
2021-10-06,139.7210000635591,139.79091897381917,137.94684938967401,139.75596618652344,7312600
2021-10-07,139.85210857872391,142.11567837871243,139.85210857872391,141.0057373046875,5309200
2021-10-08,140.9882748807267,141.2417192849083,140.05312437302712,140.6474151611328,4343200
2021-10-11,140.5862358830849,141.4514674214376,139.78218839396018,140.05311584472656,4101600
2021-10-12,139.83462565504706,139.9919332077878,137.5098718029713,137.81576538085938,6686400
2021-10-13,137.9294027981116,139.90456233548576,137.86821874049622,139.13546752929688,6901100
2021-10-14,139.5811591818794,140.83092454983623,139.4850223585237,139.9307403564453,4579200
2021-10-15,140.73481999617786,141.4165127778566,140.1929650506563,140.97079467773438,6918400
2021-10-18,140.05311880338004,140.6124567787468,139.1354513952568,139.9394989013672,7465500
2021-10-19,140.62122179570434,144.33557987713618,140.4726490727277,143.21690368652344,10081300
2021-10-20,143.3130352768235,143.98599327376027,142.68377827578402,143.13824462890625,6003200
2021-10-21,143.5927303690844,143.6713841709158,141.82731391471884,142.80615234375,4524100
2021-10-22,142.50899426260116,143.38296087854812,142.4216056024098,143.0858154296875,4304300
2021-10-25,143.0857926774398,143.60142969829508,141.32912485955833,143.40042114257812,6715400
2021-10-26,143.81990221324818,145.1046338306001,143.37418417003832,144.85992431640625,6939100
2021-10-27,144.79873975773967,144.86865866664314,142.72744375718815,143.10325622558594,7018800
2021-10-28,143.12947162906508,144.3792370975784,141.86222309971666,142.32542419433594,6278800
2021-10-29,141.88843771014143,142.67500206566973,140.36773150902988,142.3516387939453,8526800
2021-11-01,142.59635377979438,143.31299925683655,139.31023174792134,142.4739990234375,5846400
2021-11-02,143.06828172854048,145.93489014744034,142.43902492091198,144.72007751464844,8450600
2021-11-03,144.23944442392772,144.87744965523416,142.83235763886782,144.25692749023438,6717800
2021-11-04,144.15201903035867,144.19572001715312,142.16811158377652,143.85487365722656,8224400
2021-11-05,142.0020709310995,143.8548889499337,141.75736138183896,142.83233642578125,6215900
2021-11-08,143.05082145402508,143.47906981332792,141.59129908975208,142.34291076660156,5578800
2021-11-09,142.11567651019914,142.97215984623975,141.60003953594696,142.0282745361328,6112800
2021-11-10,142.0457760134556,144.0646365208331,141.8884684425449,143.5664825439453,6225100
2021-11-11,142.88476939008117,143.16443169933157,142.010803003212,142.5089569091797,4118800
2021-11-12,146.3281774783441,146.4942332161667,143.86359934127887,144.2131805419922,18995200
2021-11-15,144.20446207591004,144.60649250454352,142.64880288521744,142.91099548339844,7496200
2021-11-16,142.61383942816937,143.6363919137749,142.12442034809786,142.16812133789062,7594700
2021-11-17,142.3429187056047,143.2081503360849,141.39903329117269,142.7012481689453,5414500
2021-11-18,142.84981159186677,143.7412610924139,141.69618282851414,141.93214416503906,6358700
2021-11-19,142.4914717018671,142.6225746593246,141.39027887183408,142.36038208007812,7620700
2021-11-22,141.65663918820835,143.07294222045235,140.44266132542225,140.4866485595703,7634500
2021-11-23,140.32830712242472,141.6302459979983,139.67733097312848,141.3575439453125,7734000
2021-11-24,140.87371071488363,141.29595861998814,140.20515041321656,140.96168518066406,5230900
2021-11-26,141.27837410877882,141.77099890066094,139.57177149188803,140.0467987060547,8523100
2021-11-29,140.31071689468408,141.12003101773433,139.36064898770692,140.5306396484375,9188500
2021-11-30,139.43981619276548,139.8708696169538,137.09984832393891,137.1702117919922,14981700
2021-12-01,138.00592744678485,140.82093594324002,137.45171782514768,139.06155395507812,9835800
2021-12-02,138.34018915608652,140.12596064867262,137.8915516194676,138.19064331054688,11334700
2021-12-03,138.91199247048323,140.46024361361424,138.63048494099513,140.20513916015625,8750500
2021-12-06,140.9176727859671,143.8470447895469,140.60098355793102,143.33682250976562,9692000
2021-12-07,144.26933107639752,144.50685141649333,142.87062553931582,143.70632934570312,8311300
2021-12-08,143.8030935106853,144.77075901129672,143.07294834622755,144.56842041015625,6216400
2021-12-09,144.42768033547998,146.0111270217979,143.82070474349413,145.9407501220703,8574200
2021-12-10,145.65040922195627,146.63565860245257,144.8410818902445,145.5800323486328,6572200
2021-12-13,144.92909072108898,148.8437129451883,144.09338696450902,148.18394470214844,11142300
2021-12-14,148.07839485994197,150.40077867624302,147.0491579505265,149.80258178710938,10482400
2021-12-15,149.41549766754844,150.6910467276173,149.03722361846974,150.55029296875,8552200
2021-12-16,150.65582326948194,152.63512732897615,150.28635478913813,152.19528198242188,8998600
2021-12-17,149.23078504810817,150.23363228038644,147.4890005758395,147.99041748046875,16726200
2021-12-20,147.6209555857894,148.23673664716844,146.5125496753071,147.56817626953125,7954500
2021-12-21,147.84083828021312,147.8760334301926,146.01107974876788,147.09310913085938,7954200
2021-12-22,146.96117459913168,147.9376321346695,146.1342629210882,147.72650146484375,4178200
2021-12-23,147.68252948937277,148.6237918801293,147.2250864105742,148.0080108642578,3501500
2021-12-27,148.79092125960364,149.415507717201,148.40385510819323,149.2571563720703,3704800
2021-12-28,149.36272372050027,150.11046641335844,149.18678821130393,149.85536193847656,3187000
2021-12-29,149.54748685391527,151.29807697349275,149.46831787651763,150.9110107421875,3662000
2021-12-30,151.41241588268443,152.0809896566342,151.08693449674774,151.57955932617188,4231800
2021-12-31,151.77303413170782,151.90498236640173,150.45349809270982,150.4886932373047,4409500
2022-01-03,149.7322139216632,150.95498389847012,148.75575635579438,150.90219116210938,6012200
2022-01-04,150.47993049887407,151.5619465998657,150.0752801821539,150.49752807617188,6748400
2022-01-05,151.30686361981145,152.60001056296193,150.97257671877324,151.50039672851562,7016100
2022-01-06,151.43878336409378,151.74668054890742,150.25120870056526,150.98135375976562,7301600
2022-01-07,150.83181026695752,153.33012924527426,150.54151065410113,153.02223205566406,6986000
2022-01-10,152.79352122615046,152.79352122615046,151.44759516434766,152.2657012939453,7698400
2022-01-11,152.17773118272262,152.5296021678723,149.64421713598836,150.64706420898438,8341100
2022-01-12,149.20440923612946,149.6178651303746,148.08719777148704,149.3627471923828,8116200
2022-01-13,148.66779573511587,149.91695548496796,148.19276844777193,148.4566650390625,6159400
2022-01-14,148.34231762657035,148.35990178436728,147.04036510645227,147.64735412597656,5847700
2022-01-18,146.9963836669922,147.54178783688369,146.03751019592994,146.9963836669922,7815600
2022-01-19,147.0843292835482,148.42146333261311,146.31021034821092,146.53892517089844,5926500
2022-01-20,147.16349060314113,147.66492087911652,145.08741945971747,145.36892700195312,6011300
2022-01-21,146.19583590674821,147.77928224479862,144.6827664529465,145.03463745117188,10550300
2022-01-24,144.26931608005017,144.41886193107823,139.2198851849617,143.3632354736328,14054600
2022-01-25,142.82662556559413,148.1487585866322,142.1404676869697,147.4626007080078,14081200
2022-01-26,147.3833944783963,148.86128203999326,146.23100164873787,148.12234497070312,9963200
2022-01-27,149.01085604208708,151.2276810921028,148.6677770934077,150.0664825439453,9066700
2022-01-28,150.30397952191052,151.1660727984961,148.93166394036123,151.12208557128906,9783100
2022-01-31,150.86701591514168,151.85226560126185,150.26883244086022,151.5619659423828,8054800
2022-02-01,151.07814432983304,151.2892615891026,149.04604674822315,150.3216094970703,8154700
2022-02-02,149.23957728168094,152.17775551178767,149.23957728168094,151.98422241210938,7382800
2022-02-03,151.5355725741408,152.7319529164299,150.46234843960116,151.9754180908203,6240400
2022-02-04,150.42714419630823,152.16892842329415,149.65301190741764,150.98135375976562,6392200
2022-02-07,150.78780132007142,151.07810089111877,149.55622616202064,150.4799041748047,6065700
2022-02-08,150.44473825719712,151.35081879096717,149.9696976644721,150.8757781982422,6296100
2022-02-09,151.36842241547416,151.5179682604876,150.64706942103712,150.8582000732422,5387500
2022-02-10,150.61190110142923,150.62069317908882,148.93168808010887,149.03724670410156,10355300
2022-02-11,148.77332827370873,149.67940887291684,147.3834149703073,147.53297424316406,13125300
2022-02-14,147.5329671891635,147.7616819915654,144.10216461502694,145.67681884765625,8967600
2022-02-15,146.14309272867382,147.8760853405497,146.03752066469227,147.18112182617188,6631400
2022-02-16,146.45973066139692,147.64730522437645,145.77357288998203,147.09310913085938,8482400
2022-02-17,147.0931197659449,147.30423698901868,145.07862010899765,146.19583129882812,6227600
2022-02-18,146.06304250911583,146.39947523301757,144.25695914272507,144.62879943847656,6423200
2022-02-22,144.81470791959927,144.96521372188786,142.04359633070655,142.663330078125,6868900
2022-02-23,142.99091868147258,143.9913548266244,142.4066059372486,142.7341766357422,8016900
2022-02-24,141.45929313996268,141.76916681862244,137.864823311596,140.00733947753906,12883400
2022-02-25,141.654052734375,147.84256902651396,141.3884486836614,146.96607971191406,11340400
2022-02-28,144.1949577141382,146.2400857933865,143.76115085440813,145.70004272460938,9373500
2022-03-01,144.34548896175622,145.85942275349686,143.78773525674407,145.19541931152344,8737800
2022-03-02,145.55840380601845,148.4091928547325,145.23081960481923,147.00149536132812,6793300
2022-03-03,147.585857694911,149.92314972471397,147.24943840514894,149.16175842285156,7333700
2022-03-04,148.41805476347093,150.3835061112931,147.71864372057593,150.0470733642578,6302500
2022-03-07,149.00236084521043,153.26968219982348,148.17014111597658,152.4640350341797,11663400
2022-03-08,152.3135212472983,153.26968776822972,149.18827964618328,149.37420654296875,11100300
2022-03-09,150.51627532665782,150.71105072444314,148.63936350347123,149.94081115722656,7248200
2022-03-10,149.23252871271038,150.64021249049927,148.80757037603829,150.20640563964844,6171400
2022-03-11,149.73718566384133,151.80002434829277,149.63979796597684,149.9319610595703,5188000
2022-03-14,151.10946220863457,154.15502666389392,150.81731259760284,152.003662109375,7729500
2022-03-15,153.45559299014025,156.27982255867815,152.76503062964795,155.94338989257812,10554400
2022-03-16,155.34140564150624,156.66055056652257,152.7739174315687,154.50918579101562,9603300
2022-03-17,155.1200564861897,156.56314804980875,154.22585657812616,156.52774047851562,7472100
2022-03-18,156.70478274552434,156.70478274552434,153.74775788394243,154.79244995117188,13809500
2022-03-21,154.63308656154334,156.84643082066592,154.33207498450616,155.66893005371094,7574900
2022-03-22,155.6689905257829,156.14706712743,153.969143095546,154.9341583251953,8442100
2022-03-23,155.13775793752473,155.41221052771434,154.12847326211335,154.3498077392578,5254200
2022-03-24,154.93415097824212,155.41222755721893,154.1107931174527,155.14663696289062,5012300
2022-03-25,155.54501038553587,157.32453461626116,155.12890051166949,156.63397216796875,4809500
2022-03-28,156.39494566875285,157.74951167061533,156.12935508735646,157.4396514892578,5604200
2022-03-29,158.13901228960245,158.82957460018912,156.5277047346272,157.35992431640625,5933400
2022-03-30,157.97973037336482,159.23690883554463,157.30686478150298,158.99786376953125,6277600
2022-03-31,158.9978609121239,159.5467797023338,156.68712800668712,156.90846252441406,11490400
2022-04-01,156.7490619943782,157.97081898618356,155.46532487145234,157.7583465576172,6525600
2022-04-04,157.75836271453855,157.75836271453855,155.39451214036205,156.23558044433594,6860600
2022-04-05,156.23555800763287,159.05092564362846,156.07619018358994,157.24484252929688,7446100
2022-04-06,158.8207722805158,161.66271300773923,158.1390582851558,161.3351287841797,10330900
2022-04-07,160.83937493528185,161.97260665023228,159.56448587866572,160.91905212402344,7385200
2022-04-08,160.5383209457071,162.18504995871422,159.74150874053225,161.23773193359375,7144500
2022-04-11,162.0168174190484,163.07922007733677,159.0066743023676,159.21914672851562,5932000
2022-04-12,158.65255922263984,160.07795387404747,157.76722126547202,159.2722930908203,5957500
2022-04-13,159.27224882940396,160.1044684393393,158.68793620703312,159.9451141357422,5643100
2022-04-14,159.36083229021114,160.60030002657206,159.12178725920398,159.2722930908203,6188200
2022-04-18,159.12176583496952,159.70609205023075,156.47461434532997,157.28912353515625,6318700
2022-04-19,159.9982487303452,164.61971313960444,159.31653483992653,162.087646484375,14380800
2022-04-20,161.34397698276265,163.18548135852046,161.04295184242585,162.80477905273438,8044900
2022-04-21,162.84017629651154,163.67239599625114,161.62726782431136,162.33554077148438,6969200
2022-04-22,161.5476144703773,162.14963778322272,160.58259936110085,160.7242431640625,8003600
2022-04-25,161.43249815664828,165.2837231560494,161.220025721382,164.6816864013672,11176500
2022-04-26,163.8760499714355,165.1774977594345,163.06152721894313,163.5041961669922,10190000
2022-04-27,163.11463880404665,163.62813634180958,160.9012943356801,161.2200164794922,11090100
2022-04-28,161.35283794253377,163.3448482875033,161.0606748041694,162.42410278320312,9403900
2022-04-29,161.5741495863529,161.61841917848707,159.5378699308253,159.76806640625,8463100
2022-05-02,159.7769388474422,160.60915867113104,156.73137417742566,158.15676879882812,7145400
2022-05-03,158.29839369503392,159.91856341187153,157.30680622068954,157.84686279296875,5898700
2022-05-04,157.72294216849792,159.80349164623624,156.83760426464065,159.5378875732422,5923000
2022-05-05,158.84734241116664,159.1040979964275,155.17319511316938,156.49234008789062,7089200
2022-05-06,155.05805675627042,156.58968731835614,154.65965746094184,156.1470184326172,6434000
2022-05-09,155.33252401007883,158.08592528042087,154.57113291415578,156.99696350097656,7855200
2022-05-10,157.79375416799994,158.63482238605923,156.2621235385502,156.7844696044922,8186700
2022-05-11,155.78406448899742,157.87346249564177,155.71323583514015,155.9345703125,6138900
2022-05-12,156.23558419262534,157.54588053475246,154.67739431304673,157.4750518798828,6898600
2022-05-13,158.2098731640143,158.3780895191855,155.64239876908135,156.57200622558594,7732200
2022-05-16,156.5720031996832,158.59057240435934,155.9699664406625,157.6609649658203,5516700
2022-05-17,158.22756189658907,159.09518909879625,156.34178818836793,158.31610107421875,5751100
2022-05-18,158.3337947651638,158.80302267651103,155.0846069505295,155.37677001953125,8608800
2022-05-19,154.68624426761625,154.75707292314465,152.8890093497855,153.9956817626953,6874500
2022-05-20,154.80134266439097,156.84647112386654,154.09306961763795,156.68710327148438,7522100
2022-05-23,158.24636297229537,160.32244342366886,158.1216197658267,159.88584899902344,7040800
2022-05-24,159.7165910736922,161.93525321663742,159.58294246098177,161.63229370117188,6419800
2022-05-25,160.85713314991096,161.76598466588152,159.5473221285402,160.04629516601562,6558900
2022-05-26,161.27589268716653,161.27589268716653,159.13743325015398,159.90371704101562,6897600
2022-05-27,160.1710266852124,161.4184727834616,158.80775630917898,161.35609436035156,5853600
2022-05-31,158.60283971735416,160.53636708688327,155.93866352641984,159.9661102294922,16391400
2022-06-01,159.62750428713701,160.23340980312398,156.7316661257751,158.3444366455078,5175400
2022-06-02,158.37114473259987,158.43350955302137,155.56440150979734,157.84542846679688,8666500
2022-06-03,157.7741678111851,159.19980294751866,156.95441095270073,157.1949920654297,4234200
2022-06-06,157.89891314755394,159.04833208627616,156.8207644099978,157.1771697998047,5386500
2022-06-07,157.69396438016295,159.7611536737501,157.17716705676617,158.90576171875,5447800
2022-06-08,158.69192189514965,159.8948002463497,157.53358401933227,157.96127319335938,4333100
2022-06-09,157.89891397703974,159.18198154468132,154.71794079252652,154.7803192138672,5509600
2022-06-10,153.40810950729062,155.0119607485885,152.02701500517318,153.7467041015625,6647300
2022-06-13,151.5458736774458,153.4794006344712,151.5458736774458,152.19631958007812,7997000
2022-06-14,152.41909029549598,152.4636443687434,149.0331846686083,149.86184692382812,7116800
2022-06-15,151.15383332575186,152.75768478914586,150.26280624564345,151.4656982421875,7796100
2022-06-16,150.04892043993712,151.66169050569906,149.166812534367,151.5458526611328,7056700
2022-06-17,152.03595402480983,153.43485946141766,150.79742693548434,150.9934539794922,12486600
2022-06-21,152.1428543867322,154.91394879377975,151.082530122236,154.1565704345703,8219700
2022-06-22,153.25665006294446,158.5315284801033,152.98043385737603,156.58909606933594,10593100
2022-06-23,157.71178920211807,160.22449203073737,157.2841000213296,160.08192443847656,10223500
2022-06-24,161.07984719999047,162.63914432635082,160.36702293731307,162.42529296875,9374400
2022-06-27,161.846145071864,163.3698072366756,161.72140183467423,162.27383422851562,5908600
2022-06-28,162.31837705533167,163.03120133104042,157.09695861005406,157.65830993652344,9245700
2022-06-29,157.9078285505161,158.87013947929236,157.20390950635803,157.70289611816406,7097900
2022-06-30,157.5870214128196,158.8611833807085,155.956440519793,158.1661834716797,10777200
2022-07-01,158.11273618917414,160.1353712573765,157.43556057333222,159.95716857910156,5498400
2022-07-05,159.3423498284525,159.60966063051782,155.58221504177936,158.7275390625,5676400
2022-07-06,158.66520002300916,159.8859027823645,158.07711888212486,158.87013244628906,5335600
2022-07-07,158.47808303464862,159.60077230369342,158.166218106361,159.04833984375,5725800
2022-07-08,158.8968337286919,160.37594169246066,158.39786082428603,158.85227966308594,3828300
2022-07-11,158.33552754316645,159.51168994964019,158.1751491764632,158.91470336914062,3645200
2022-07-12,158.5849660911813,159.0037498277655,156.10791236193398,156.6870880126953,4708800
2022-07-13,156.51781964720664,157.1148061574236,155.48422497459478,156.32179260253906,5291700
2022-07-14,153.72889943783153,156.82966983734497,153.52396701842537,156.53562927246094,5359600
2022-07-15,158.34441500443393,159.05722573147577,157.31082041583286,158.8077392578125,5691100
2022-07-18,158.37116625719796,158.77212574466705,154.95853073337005,155.24365234375,7605700
2022-07-19,157.11478757921353,157.48901727587472,151.3676663299289,152.9804229736328,13256400
2022-07-20,153.4348604169501,153.74672533326682,151.26075216695568,152.10723876953125,7455800
2022-07-21,151.5191413391221,152.71311423457072,151.26965487129678,152.64183044433594,5729200
2022-07-22,152.90024689109953,153.69326042006224,152.41908467137296,153.3635711669922,4257000
2022-07-25,153.3635596584666,154.1298434061635,153.007154304372,153.66651916503906,4437300
2022-07-26,153.75560945716654,155.9118930606423,153.69324464011993,154.75355529785156,4525500
2022-07-27,153.81800361068434,155.12781445861498,152.48146303899955,154.3258819580078,4648500
2022-07-28,154.5041097309492,156.90097505397608,152.7577040475217,155.21693420410156,5513000
2022-07-29,154.85158514168023,155.79608523595192,154.0674905824273,155.50204467773438,6451400
2022-08-01,155.19015820014732,156.07227975218476,154.6288068855788,154.95849609375,5461400
2022-08-02,155.9386132011211,156.36631590313098,153.88034323316782,154.0763702392578,5794200
2022-08-03,153.74673325329596,156.16140915010038,153.05173318295414,155.56442260742188,5010000
2022-08-04,155.76042433174976,156.00991079868385,152.90023533725778,153.06951904296875,5651600
2022-08-05,152.63295089540765,152.83788332951286,151.2874912205553,152.46365356445312,5235500
2022-08-08,152.63290599434225,152.79328430533323,150.97559546748002,151.65277099609375,4629800
2022-08-09,151.9557342439068,152.4725315206186,151.23400456994477,151.6349639892578,5532500
2022-08-10,152.383428582978,152.57945559423788,151.05579356962554,152.07156372070312,5603400
2022-08-11,150.15589128476608,151.4300535166603,148.78370193165503,148.92626953125,9328700
2022-08-12,149.282619170064,149.639038035912,147.15306573208434,147.28672790527344,14606900
2022-08-15,147.9104877098256,148.57875798562299,147.13529854061852,147.9906768798828,10072000
2022-08-16,147.78574029776865,149.91529430603245,147.55407816992164,149.3094024658203,7453600
2022-08-17,148.27579843687937,150.19150094646488,148.27579843687937,149.31829833984375,7406600
2022-08-18,149.40739709271855,149.95984306416042,147.84809988176383,148.59657287597656,8312100
2022-08-19,148.89065494857803,151.5815473828043,148.80154678755216,150.8598175048828,8128500
2022-08-22,151.50563712686616,151.523581236718,149.95380696464483,150.33055114746094,5462600
2022-08-23,149.80131749302137,150.49202201092498,148.724903577846,149.0209197998047,5566300
2022-08-24,149.40659642987796,149.4335057453048,148.07005480587,148.52752685546875,5684300
2022-08-25,148.85945470773868,150.01661030940636,147.73818732716313,149.91793823242188,5678700
2022-08-26,150.21392346446092,150.24979799080384,147.28964997948657,147.35244750976562,5667100
2022-08-29,146.63485443836615,146.96674518129487,145.33418709968726,146.2132568359375,5259200
2022-08-30,146.48236141400216,146.69763597365056,145.3431500155983,145.7019500732422,6973300
2022-08-31,146.4195528540315,146.7066038284145,144.6614135416389,144.7241973876953,8741700
2022-09-01,144.85877590458833,148.45579662342757,144.8497970059184,148.31227111816406,7509600
2022-09-02,148.7787359376539,149.083717399059,145.32522671707358,145.9800567626953,5803700
2022-09-06,147.0564340232627,149.10162424570782,146.05178301921063,146.37469482421875,7394600
2022-09-07,146.13254101203137,147.48702710397092,145.45978057193992,147.17308044433594,4590600
2022-09-08,147.00263074424836,148.38402601911358,146.28501694324854,148.35711669921875,5838400
2022-09-09,147.99831399843512,149.08369304772242,147.46010023546413,148.6441650390625,5500600
2022-09-12,149.00295742888616,149.41558978426212,148.20461572350868,148.58135986328125,6365300
2022-09-13,146.72458729372474,147.50498509772967,144.24881988127188,144.71527099609375,6726400
2022-09-14,145.65711058115693,148.3302079710159,145.65711058115693,147.70230102539062,9555700
2022-09-15,147.51391745041352,148.96708912147065,147.1999708311646,148.07904052734375,7174500
2022-09-16,148.29434793014704,150.36644789685027,147.783043425456,150.33953857421875,20201500
2022-09-19,149.1733853911582,149.28998786816035,147.18201382418522,149.1554412841797,7380900
2022-09-20,148.20460009786157,148.81456282537064,147.3972932673719,147.9803466796875,7143400
2022-09-21,148.02522548954533,149.62190900581467,146.428541973276,146.46441650390625,8071200
2022-09-22,146.34779934091907,149.94483352105618,146.0607620357758,149.0657501220703,7401100
2022-09-23,148.67104035964684,150.23183527811224,147.70226402025034,149.55010986328125,9598600
2022-09-26,148.7249302674289,149.65781884470118,147.4511719756975,148.63522338867188,8735500
2022-09-27,149.22720327679463,150.40228906214662,147.4690503599814,147.9534454345703,8686700
2022-09-28,149.12853131220723,150.14216119821896,148.09697100663902,149.22720336914062,8660900
2022-09-29,149.33483681785611,149.95377846031005,147.01157462177378,147.58566284179688,7008100
2022-09-30,148.00728071025105,148.67107586633506,146.5003040583994,146.5361785888672,8985200
2022-10-03,147.37038084865225,147.45112248737382,145.04711855447957,146.39263916015625,8657000
2022-10-04,146.97574120803495,148.90431572593218,146.1415111169694,148.56344604492188,6236100
2022-10-05,148.0252138193988,148.94015799545718,147.2986348671521,148.10594177246094,4539400
2022-10-06,147.818894524872,148.00727344077345,145.03816002414874,145.23550415039062,5890700
2022-10-07,145.10991726978233,145.5135707173096,142.7776760593127,143.70159912109375,6363500
2022-10-10,144.08731297827376,144.67036640011133,142.78663218174853,143.8899688720703,5315600
2022-10-11,143.8541009292327,147.2089375200573,143.8541009292327,145.97105407714844,6212200
2022-10-12,146.15944940145025,147.89965858535137,145.7647610891412,145.93519592285156,4341700
2022-10-13,144.32055640710493,148.8953324735555,144.1949750167925,148.14183044433594,6465100
2022-10-14,147.5049593329689,148.61724774442118,146.75147098572472,147.5229034423828,5684600
2022-10-17,148.36608405245263,149.98969060450548,148.01624920142356,149.43353271484375,6710800
2022-10-18,148.00730511907986,149.95382379240672,146.25813061423284,148.9132843017578,10883600
2022-10-19,148.90428813752163,149.12854158351186,147.0115885058702,147.7292022705078,10044600
2022-10-20,148.00726971182598,148.67106481858335,147.40627213790162,148.10594177246094,5659900
2022-10-21,147.74713496077618,151.92720846861758,147.49595852832138,151.33518981933594,8487600
2022-10-24,152.32192484573847,154.35815018676993,151.8195992626733,153.37142944335938,6855500
2022-10-25,152.6448315839038,153.48802671759864,151.1647643384821,153.1292266845703,5661900
2022-10-26,153.67640499965475,154.79767220743645,152.9587912492057,154.47474670410156,6123800
2022-10-27,154.60034134363963,155.56910424938928,154.03521824249813,154.564453125,5390900
2022-10-28,155.18338269222045,157.32724506168856,154.81560376041506,156.8607940673828,6073900
2022-10-31,156.5468270450409,157.1209152372679,155.56010654870911,156.053466796875,7810000
2022-11-01,156.13421885539438,156.64552328810177,152.86908919143724,155.2641143798828,6985000
2022-11-02,155.08474263426325,156.0266100275302,152.75250086877816,152.87808227539062,6877300
2022-11-03,152.321897822413,153.81094388471809,151.54150026483984,153.13818359375,4819900
2022-11-04,153.89169378069172,154.73488898892543,151.8106287679413,153.81993103027344,5300900
2022-11-07,153.9903499597931,155.94584706668556,153.78404062822227,155.16543579101562,6621000
2022-11-08,155.30003265488097,156.69937225494124,154.4478584354304,155.93690490722656,5148400
2022-11-09,156.32262012686195,156.97743645791516,154.59137613879176,154.69004821777344,6150000
2022-11-10,156.39434637694004,156.77109049401633,154.32223320200592,156.50198364257812,7877500
2022-11-11,154.94118415510374,155.28205376654378,149.639843194048,151.819580078125,11074700
2022-11-14,152.71662675854188,155.41663385190884,152.71662675854188,154.20567321777344,6581500
2022-11-15,154.45681517956933,155.1833941994296,152.9588037104146,154.63621520996094,9351000
2022-11-16,155.75746420295434,156.968438218626,155.29999212612054,155.59600830078125,5500900
2022-11-17,155.18339090502525,156.96845333478726,155.16544679616354,156.85183715820312,4464100
2022-11-18,156.97740400190762,158.44850598334602,156.6365344018393,158.05381774902344,6555700
2022-11-21,158.79412232657694,159.38997600001298,157.83715272870725,158.86634826660156,5706600
2022-11-22,159.25455364173504,159.96777621853695,159.19136455146213,159.6337432861328,4707900
2022-11-23,159.2906612129639,160.15734491009755,158.90244852152918,159.8052520751953,5389200
2022-11-25,160.139346696236,160.80741270949773,159.66988485060034,160.01295471191406,3058600
2022-11-28,159.5705190440579,160.49138247366895,159.39898417449731,160.09414672851562,6183100
2022-11-29,159.80526334380335,160.0309642481351,157.68368310849888,158.9746856689453,6700500
2022-11-30,159.2274462964616,160.70804346134764,157.79199206097877,160.6990203857422,13288000
2022-12-01,161.60185045038355,162.46854800013622,160.49140583800153,161.36712646484375,6282600
2022-12-02,160.24764161807306,161.5657409569112,159.76013372741178,161.49351501464844,5823900
2022-12-05,161.02408334143846,161.92688712474418,160.6990734284207,161.40325927734375,5120600
2022-12-06,162.43243703752066,162.5046629852637,158.83024538209858,158.98373413085938,7943500
2022-12-07,159.40804836114359,160.5907189479429,159.1010846481765,159.94972229003906,5702600
2022-12-08,159.63378106762113,160.22059805138258,159.20042530737024,159.97683715820312,4798500
2022-12-09,159.90456624234088,160.5997288585726,158.58648072530298,158.65870666503906,4561000
2022-12-12,158.84831271621363,160.5816942157592,158.53233967776399,160.5546112060547,4882400
2022-12-13,161.69211867240034,162.68519429575505,160.97889616517224,161.7914276123047,9177500
2022-12-14,161.22266227293622,163.44355132820445,161.22266227293622,162.2879638671875,9533600
2022-12-15,161.7824033948012,162.36019715145196,159.25455054357045,160.23861694335938,7602400
2022-12-16,159.79625056101045,159.79625056101045,157.86425124649818,158.59552001953125,18841800
2022-12-19,158.30661035832384,159.04690211698087,157.1510228991842,158.42396545410156,5736000
2022-12-20,158.89344688552453,159.29068270684886,158.1441181817883,158.59552001953125,6174700
2022-12-21,159.1372134910479,160.86155810407004,158.57746582453092,160.41015625,5472000
2022-12-22,159.588579270847,160.25664504741496,158.29756309667547,159.82330322265625,5709100
2022-12-23,159.49831500703402,160.26570359967323,158.72190333738016,160.22958374023438,3683400
2022-12-27,160.7983618999449,161.01503973956937,159.78722619974536,160.1844482421875,3067300
2022-12-28,160.48237938498866,161.10531613679007,159.48026673550183,159.4893035888672,2645400
2022-12-29,160.2928262859861,160.96992917333128,159.85948429527937,160.30184936523438,2828800
2022-12-30,160.23860531146556,160.4913892006698,158.35173544289913,159.48023986816406,4216600
2023-01-03,159.03789983857843,161.0421251135558,158.9024710209394,160.87059020996094,6344900
2023-01-04,161.5025430601541,162.6761905505738,161.13239026055342,162.6220245361328,9788800
2023-01-05,161.61991307081357,162.49563371223428,161.06920229399938,161.42129516601562,6255300
2023-01-06,162.62202990601736,163.34426182333314,161.9539502292404,162.73036193847656,5706000
2023-01-09,161.87269765731386,162.28797962310009,158.1531372413392,158.51426696777344,7925300
2023-01-10,158.6225939551452,159.01982975374918,157.37673432170268,158.1350860595703,5047500
2023-01-11,158.5052303724147,158.64064539847212,155.3815239396932,157.88229370117188,6494800
2023-01-12,157.3225535713618,157.72882622016337,156.00446800298283,157.08782958984375,4269400
2023-01-13,156.35656287396628,157.0968546871608,155.62529413782275,156.57322692871094,6088000
2023-01-17,157.08780540706113,157.6114330781672,155.36344745533577,155.60720825195312,6053300
2023-01-18,154.96623171680227,155.28221848562447,153.21480431243907,153.2599334716797,7047800
2023-01-19,152.60089007405696,154.6321981563279,152.31200008793704,153.0522918701172,6939500
2023-01-20,153.56689422845702,153.57591730499476,151.2015394850821,152.33908081054688,8620600
2023-01-23,152.66408923407664,153.14257402423686,151.62585686291283,151.95086669921875,8425400
2023-01-24,152.59186329537653,154.3703874307604,149.87441573258036,151.95086669921875,10541800
2023-01-25,150.921683502035,153.03424072265625,150.84043448024732,153.03424072265625,7099800
2023-01-26,153.07032562096012,153.39533540956765,152.25779426159767,152.47447204589844,6946100
2023-01-27,152.15852905137174,152.4564559245044,151.46338012308667,151.878662109375,6058100
2023-01-30,151.6078153773165,152.15852617317046,145.42361843443538,146.2541961669922,23259100
2023-01-31,145.9833098325794,147.54515588742635,145.39649312156774,147.5361328125,11612500
2023-02-01,147.14796129368585,149.84733519667503,146.61529670895652,148.89036560058594,9865300
2023-02-02,147.15700367293095,150.0640327003043,146.9945056186301,149.4501190185547,10099000
2023-02-03,149.8924836352162,150.17235055276186,147.9604844431988,148.61050415039062,6868500
2023-02-06,148.55634847225784,148.82719233171164,147.2472858898705,147.4820098876953,7021000
2023-02-07,145.89309170973812,147.95148316049693,145.7305798711561,147.51812744140625,7310800
2023-02-08,147.4278509450632,148.56537867852276,147.06672118989948,147.7077178955078,6054700
2023-02-09,147.72578675964456,148.7820655279461,145.41461128961464,145.7125244140625,7949500
2023-02-10,146.04653142718612,146.96738111258094,145.66735559631377,146.38958740234375,7028000
2023-02-13,145.6493253066718,146.9945078041582,145.4868134742634,146.93130493164062,6414700
2023-02-14,146.922287366827,147.1299283723206,146.03752977253038,146.29031372070312,6316000
2023-02-15,146.2090724905991,146.23615550251327,143.80761107913082,143.8798370361328,12621800
2023-02-16,143.60899365402946,144.13260768647336,142.57076111566587,142.8596649169922,11177000
2023-02-17,142.7778063852688,146.4968274613001,142.41407929209623,145.84213256835938,12401900
2023-02-21,145.1692491779988,145.80576812817208,143.56889157773207,143.66891479492188,9423900
2023-02-22,144.123551657742,144.44181110720928,143.09604177066612,143.46885681152344,9820200
2023-02-23,143.40524018699665,144.20541213565494,142.4595635093484,143.4234161376953,9385100
2023-02-24,142.4413897287395,142.62326025438452,141.1320135175977,141.8230743408203,8689700
2023-02-27,142.25951710412056,142.66869799133042,141.01378461701432,141.51390075683594,7267100
2023-02-28,140.92283275451862,141.18653663114833,139.15879451003266,139.3588409423828,9062300
2023-03-01,139.13152432431878,139.34067261716277,138.13130598261583,138.7314453125,6767000
2023-03-02,137.98582456465908,138.90420957178617,137.51298622322471,138.62232971191406,8762500
2023-03-03,139.45887538745342,140.14084813225705,138.97694909110717,140.0499267578125,5747200
2023-03-06,140.63187932726925,141.6048199160681,140.55004592606372,141.4502410888672,8148200
2023-03-07,141.93213425028836,142.0776250683026,139.44066989694215,140.11354064941406,7457700
2023-03-08,140.01353241608723,140.21357884355305,138.64958706960368,139.0860595703125,6230500
2023-03-09,139.54071986187134,139.6680208833563,137.0401531810967,137.52207946777344,7439400
2023-03-10,138.0858447607523,139.56800332984673,137.39478402673294,137.8585205078125,8504300
2023-03-13,138.29496755713055,141.76848850979837,137.8221431406183,139.17698669433594,10799600
2023-03-14,139.37703488408656,140.0590075941306,138.12220065767903,139.958984375,8421200
2023-03-15,138.97694355998087,140.84100509654414,138.69506372331054,140.34999084472656,7757700
2023-03-16,139.5316118502234,140.3681633651478,138.75871778061563,140.0590057373047,7605500
2023-03-17,140.46821620211014,140.89558696150235,138.48595512643826,138.55870056152344,20540700
2023-03-20,138.64050170614422,140.09538231969654,138.558668313759,139.93170166015625,7129000
2023-03-21,140.0317248757726,140.14993791462004,138.36770985675693,139.93170166015625,8376800
2023-03-22,139.89532283927173,140.08626740369297,137.3310991188953,137.3492889404297,7943500
2023-03-23,137.46752711884477,137.9312775136294,136.49458644946102,137.4220733642578,9051500
2023-03-24,137.74032325791646,138.90422245650902,137.14928568237767,138.80419921875,5696200
2023-03-27,140.2135949060284,140.52275255670287,139.22246450398728,139.39523315429688,6772300
2023-03-28,138.5677763545286,139.5316290038091,137.967636973922,138.0494842529297,6115300
2023-03-29,138.43138677179692,139.46798484545585,138.27680793951475,139.40432739257812,6012000
2023-03-30,139.6498458787258,139.8498923443986,138.94968324887105,139.51344299316406,4555700
2023-03-31,139.84076938515437,141.11379341770925,139.34066717123403,140.94102478027344,9890000
2023-04-03,140.895557476977,142.7687069454228,139.97717256641215,142.62322998046875,6841900
2023-04-04,142.7323513677752,144.55094536991314,142.38681406744226,144.11448669433594,8314500
2023-04-05,149.46113560748896,150.6341364458106,147.99716695931608,150.5886688232422,16704200
2023-04-06,150.93419959045065,152.06171888276774,149.8521340439697,150.17037963867188,9615400
2023-04-10,149.697559763249,149.8885043508939,148.79735079718375,149.41567993164062,5354000
2023-04-11,149.50661300087185,150.28860898593587,149.16107569649412,149.37022399902344,5903800
2023-04-12,149.0701612615641,149.88852306030384,148.30635506610406,149.05197143554688,5764100
2023-04-13,149.28839950443538,151.24339670281205,148.9519639986886,151.04335021972656,5640600
2023-04-14,150.9160188318547,151.05240782709484,149.1792582936867,150.7978057861328,7225100
2023-04-17,150.70689170363448,151.161540209453,149.97945131937064,150.6432342529297,8046400
2023-04-18,149.35204176933723,149.75213469480158,145.16926975282905,146.40591430664062,14571500
2023-04-19,147.29704109458646,147.9244444339671,146.55141081841236,147.78805541992188,6752000
2023-04-20,147.69708287491184,148.9610188349251,146.36042925038606,148.74278259277344,9498800
2023-04-21,149.52480248167663,150.00672878679288,147.27883775793651,147.93353271484375,7014200
2023-04-24,147.9335298334506,148.95193802446067,147.1878996401961,148.83372497558594,5278900
2023-04-25,149.4065936316189,150.35227031808554,149.2702046262495,150.1976776123047,6263100
2023-04-26,149.2065407409521,149.47933261470132,147.52434962324568,147.869873046875,5518200
2023-04-27,148.12448832635522,148.5882387155827,147.42433956674546,148.21542358398438,5739700
2023-04-28,148.04265486750174,148.90648431558697,147.81533059828078,148.8519287109375,6024900
2023-05-01,148.76097106933594,149.39747609305942,147.5243267912008,148.76097106933594,4893400
2023-05-02,149.43384696656756,150.47044486197245,148.72459650522578,150.06126403808594,7541700
2023-05-03,150.5341371799039,151.1069849161556,147.76986623521367,148.0972137451172,5937200
2023-05-04,147.92441862032695,148.12446505586576,146.6241306640947,147.42431640625,5128000
2023-05-05,148.06992933553306,148.3336332517637,147.02424327057264,147.9244384765625,5194500
2023-05-08,147.29702960433372,147.82442354212228,146.7059782151081,147.58799743652344,4994900
2023-05-09,147.0787810885386,147.42431836811667,146.20584991504617,146.44227600097656,5520500
2023-05-10,146.57867313024175,147.27883570281412,145.54207510873184,146.98785400390625,6756600
2023-05-11,147.15151662505863,147.47886405878407,144.9328300047828,146.38771057128906,5867600
2023-05-12,146.7241406655624,146.9059972610977,145.49658436485373,146.19674682617188,3904200
2023-05-15,146.21492911244553,146.42406349279418,144.52363649907335,145.07830810546875,5104500
2023-05-16,144.6327880700301,145.71485379084294,144.1508617384571,144.88739013671875,5599200
2023-05-17,145.29654875068115,145.54206280403156,143.4597789620045,144.56912231445312,6840700
2023-05-18,144.26905786365302,144.51455805107852,143.26882566564782,144.10537719726562,5173000
2023-05-19,144.2054019790496,145.4238565790754,143.79622112080463,144.4963836669922,6527100
2023-05-22,144.75289865447962,145.79731774382105,143.63518528068985,143.71763610839844,5675900
2023-05-23,143.92839806212908,145.00030102616182,143.25959279320546,143.66270446777344,5793000
2023-05-24,143.91005311093178,143.9650203361871,142.8473068244721,143.5252685546875,5015100
2023-05-25,142.96639560282637,143.18626447893968,140.8317467273413,141.46389770507812,6886100
2023-05-26,141.720425785487,142.26095543121772,141.27150351493017,141.408935546875,6845400
2023-05-30,141.06080385997666,142.35258958736364,140.46530693969842,141.42726135253906,5593100
2023-05-31,141.7295851538179,142.63658625668856,140.950859541768,142.0594024658203,11324600
2023-06-01,141.58297729492188,142.04105605590894,140.309518898556,141.58297729492188,7901300
2023-06-02,141.74792549728784,144.12077066950235,141.17074165235982,143.8092803955078,7659700
2023-06-05,143.60770736512183,145.33924471292974,143.60770736512183,145.04608154296875,6430500
2023-06-06,146.20046070491594,146.22794432005233,144.20322946843572,144.91783142089844,5073600
2023-06-07,144.84450934280434,145.48581681020073,144.2398420252073,145.2292938232422,6504300
2023-06-08,145.21096262053572,146.96998332931943,144.58798223551926,146.82339477539062,5818400
2023-06-09,146.97001888716716,147.2540255419579,146.09967185425631,146.59439086914062,6264400
2023-06-12,146.5851973899549,146.81423676087672,145.4216734714251,146.4935760498047,6510600
2023-06-13,146.3378402706819,147.35477570148893,145.80646721878276,147.26316833496094,6066800
2023-06-14,148.05107368814342,148.49082542170686,147.4830464703578,148.01441955566406,6699100
2023-06-15,148.46334905037708,150.16740282790363,147.89532180489738,150.0024871826172,7138300
2023-06-16,150.6896565542254,151.15690605822368,150.13079964238543,150.4606170654297,13426600
2023-06-20,150.48804850637865,151.4500168216655,150.075780365386,150.36895751953125,7995800
2023-06-21,149.8650577685734,151.0927055637792,149.049678086151,150.13990783691406,7177500
2023-06-22,150.1582468871023,151.82566067174818,150.05746897726704,151.73403930664062,5485900
2023-06-23,152.18294243958522,152.3295310134907,151.1934905349068,151.6057586669922,9450700
2023-06-26,151.14766240776092,151.14766240776092,147.80369308091412,149.91085815429688,6978800
2023-06-27,149.95668142698113,150.1399241454159,148.82065485764312,149.59938049316406,4927500
2023-06-28,149.5169269965467,149.5169269965467,148.33508976863345,149.29705810546875,6780400
2023-06-29,149.00388011616587,150.5430322424346,148.62825212338797,150.3414764404297,4547500
2023-06-30,151.0377733014985,152.02722538884612,150.57053786280315,151.64244079589844,7580000
2023-07-03,150.56131433542967,150.60712500453764,149.29702654066162,149.65432739257812,4033700
2023-07-05,149.32452256020184,150.17654236273717,149.08631265281846,149.15960693359375,7224600
2023-07-06,148.6465833249769,148.7565177729621,147.50138622694163,148.05108642578125,6332500
2023-07-07,147.01578447632082,147.53798694411523,145.85226062149556,145.8980712890625,7022200
2023-07-10,146.06296671722268,146.8600331565866,145.6690257476649,146.13626098632812,5739200
2023-07-11,145.78817221159704,146.86007499113296,144.3864521168611,145.33009338378906,6606700
2023-07-12,145.6140831857075,145.6140831857075,144.64295841974044,144.82618713378906,6940400
2023-07-13,144.75290965251736,145.7881722772557,144.21237999053002,145.4949951171875,6401700
2023-07-14,145.8339744452031,146.7959428159978,145.65074570301766,146.46612548828125,5362200
2023-07-17,146.35619587192556,146.46613032497575,144.89033792712175,145.73321533203125,5486800
2023-07-18,145.73318480436467,147.40058423732717,144.92696170566157,145.72401428222656,6332500
2023-07-19,144.6704347623736,146.9608285215925,144.1390617327003,145.43084716796875,7522600
2023-07-20,148.36254724461116,154.95887842461806,147.77620700593175,154.26260375976562,21892900
2023-07-21,154.07936707433194,156.4980363799157,154.07936707433194,155.9208526611328,12080000
2023-07-24,157.12105166127523,159.24654431808636,156.6538162487065,156.73626708984375,15155400
2023-07-25,156.1590685493703,158.20209619335034,155.5177609906609,157.93641662597656,13790100
2023-07-26,157.5790892397091,159.27398619831317,157.0293891505797,158.2387237548828,14288200
2023-07-27,157.7440040083503,159.67709704409958,157.61574250747165,159.12741088867188,12446400
2023-07-28,159.41142927754862,160.6574042264824,158.70598398086577,159.85118103027344,14138800
2023-07-31,155.46280601121646,155.94836848529602,152.73265991516328,153.48390197753906,22632700
2023-08-01,152.4211072417094,154.91305657107222,152.13710067496154,154.72982788085938,15810300
2023-08-02,154.6932123639506,156.88282841232635,154.6932123639506,155.66433715820312,14595600
2023-08-03,155.7009941089817,156.9561396300736,155.44447107827457,156.33314514160156,17424800
2023-08-04,156.05827138709355,158.20207666708762,153.8136882189226,154.8672637939453,23415100
2023-08-07,155.27956904467675,158.80676769840034,155.16046407374887,158.58689880371094,17736400
2023-08-08,158.4860828178918,158.99912875482954,157.02022530139539,158.66014099121094,27378700
2023-08-09,158.49527997632933,159.6404770859849,157.6249329688825,158.55941772460938,42974400
2023-08-10,159.41143348335106,161.2162651991915,157.2493008378469,157.73486328125,48213800
2023-08-11,158.01887181364944,159.36562471377783,157.2309756542509,159.27401733398438,45905600
2023-08-14,158.9716554845898,160.87726478814042,157.35005277320394,158.8983612060547,64036900
2023-08-15,158.31203085780427,159.92446314805323,157.70736350666522,158.44029235839844,88958100
2023-08-16,158.06467813771843,160.0802221705721,157.69822066972915,157.93641662597656,85832700
2023-08-17,158.36700236092724,160.684879956897,158.27538100968553,159.4205780029297,70904200
2023-08-18,158.65102617601298,159.40228219515453,156.9469723061712,158.02804565429688,49631700
2023-08-21,155.46279048466485,155.6093790605468,152.04552643872125,153.31898498535156,151319500
2023-08-22,152.8700481066372,153.76787858407457,151.5416224658518,152.10047912597656,56834800
2023-08-23,151.99051329608275,152.54021335038792,149.76425743299836,150.73538208007812,119011400
2023-08-24,150.27731885630382,152.69597418161692,150.12157375339763,151.24844360351562,70755100
2023-08-25,151.6175627407821,154.8289349912841,151.39608345142096,153.4170379638672,18185500
2023-08-28,152.2635688664221,153.38017456706302,150.57482577655256,151.60836791992188,18458000
2023-08-29,152.1435562042221,152.89102944211234,150.20566523209035,151.6267852783203,12208600
2023-08-30,152.36504937729197,153.02947322284106,151.0454247103712,151.09156799316406,9939100
2023-08-31,150.75934853009238,150.94392165203234,148.8306805020089,149.19979858398438,15333000
2023-09-01,148.9598807696853,149.93805640923046,147.6587162313683,148.09243774414062,8610100
2023-09-05,148.16626018683576,149.46742469008166,147.90787470716384,148.27699279785156,9019800
2023-09-06,147.50185326790756,147.64950615349005,145.20406684020455,145.8131103515625,9753800
2023-09-07,146.85588526749387,148.62767760062098,146.7082323861615,147.67718505859375,9931800
2023-09-08,147.271148779857,148.27700764651877,146.9020306522053,148.16627502441406,6957000
2023-09-11,148.62767116544205,150.1318549068617,148.06475690056962,150.1041717529297,6309300
2023-09-12,149.69814936731748,151.27614563370176,149.0614085970045,150.9531707763672,6045800
2023-09-13,151.11925615947445,152.21740155398814,150.41792611299877,151.33151245117188,7397500
2023-09-14,151.9682284728786,152.51269666035535,150.82395395488882,151.10079956054688,7758400
2023-09-15,151.32228607224374,152.09745669334788,148.76611409477715,148.98757934570312,13392100
2023-09-18,149.60582888393594,150.55632127085445,148.34158473610194,149.92881774902344,5789000
2023-09-19,149.72581552443526,150.2795067612212,148.92297590395344,149.67967224121094,5550800
2023-09-20,149.67046074063634,150.91624499789265,149.1813728788984,150.3348846435547,3837400
2023-09-21,150.0211258719866,150.87933182626918,149.11676255211142,149.18136596679688,4526700
2023-09-22,148.84915117611325,148.94142366266837,147.88019854108865,148.11090087890625,4976700
2023-09-25,147.71411285000588,147.98172139022915,146.47753750699772,147.88943481445312,6722500
2023-09-26,147.47417623514903,147.72333872979553,146.5975100721541,146.7451629638672,4904800
2023-09-27,146.33912070661768,146.50521964471406,143.2753866483768,144.9825897216797,10211600
2023-09-28,145.34246195612846,145.76696042158753,144.16126720131038,144.77032470703125,7861900
2023-09-29,145.2225163596926,145.43477266814625,143.35845143825748,143.72756958007812,7680700
2023-10-02,143.42303638398994,143.42303638398994,141.48514507735214,143.1738739013672,7259700
2023-10-03,142.740155046783,143.49686553385823,142.01114179692544,143.34921264648438,5740800
2023-10-04,143.56146310976445,143.89366097140424,142.638653722666,143.51531982421875,4955200
2023-10-05,144.2074294895545,145.8407919961642,144.02287042496604,145.01026916503906,5993300
2023-10-06,144.954923858178,146.080752620544,144.50274211560279,145.47169494628906,5802200
2023-10-09,145.04719406169332,146.6159815155084,144.96414458405536,146.30221557617188,4414100
2023-10-10,146.15455326980933,146.9758530500481,145.71159463167,146.13609313964844,5273500
2023-10-11,146.2283774267922,146.7728315699331,143.99516638365725,144.12435913085938,6922900
2023-10-12,143.88443165364313,144.4750290723172,143.10005215748788,144.26278686523438,5792400
2023-10-13,144.63191381902962,145.2132882489435,144.00441018371953,144.74266052246094,5359800
2023-10-16,145.63778557392808,146.03458685518225,144.7334222279441,145.3701629638672,6408100
2023-10-17,143.93978070399422,146.6805252616832,142.6755365564436,144.04129028320312,12244400
2023-10-18,143.41381030903537,143.91212118272904,140.31317020340305,140.940673828125,9097300
2023-10-19,139.9624824113736,141.29133003325566,138.55980835705898,140.56231689453125,7733800
2023-10-20,140.94989399313684,141.9926589007666,140.57153881025909,141.1898193359375,7207000
2023-10-23,141.060632381326,141.65122977938304,139.53800264474302,139.7041015625,5874000
2023-10-24,139.11352817356942,140.23013383247337,138.54139080572637,139.5564727783203,6155300
2023-10-25,139.56571044053533,140.42391649571675,138.63366385648715,139.8702392578125,5880800
2023-10-26,140.23932558506564,140.23932558506564,137.3878483263613,137.4985809326172,7612500
2023-10-27,137.02797205356876,137.1848479609137,133.7612189118209,134.36105346679688,11385800
2023-10-30,134.81325130172772,135.8744907920114,134.7302018170236,135.68069458007812,8205300
2023-10-31,136.15124576779175,137.0740548498265,135.3207232263401,136.88949584960938,7576900
2023-11-01,137.67394439885834,138.1999384644096,137.00029744155577,137.21253967285156,5733000
2023-11-02,136.3081617448707,138.79050682180304,136.15127177971547,138.6428680419922,5349100
2023-11-03,139.5379728565644,140.51614826818889,138.55978336399025,139.65792846679688,4926800
2023-11-06,140.06401504321343,140.66383554411863,139.68565979509563,139.9901885986328,4851400
2023-11-07,140.20243045612656,140.4977362336696,139.0489186643887,139.25193786621094,4840400
2023-11-08,139.66719407146633,140.11013859560347,138.73514766075695,138.744384765625,5460000
2023-11-09,138.88279687955585,138.88279687955585,135.89288973805586,136.04054260253906,6973600
2023-11-10,136.80647627566586,137.03717859653543,134.39794348254927,135.8836669921875,6930700
2023-11-13,135.88370287377467,136.48352343404395,135.33001152509848,136.234375,5889300
2023-11-14,136.24357905393015,137.07410188033649,135.62529844654694,136.2620391845703,6713600
2023-11-15,135.9759703277693,137.88617845812965,135.90214388626907,137.3140411376953,6729100
2023-11-16,137.96001109693103,138.57829173119603,137.16639441634592,138.51370239257812,6875600
2023-11-17,138.92895951999887,139.15042476663334,137.56320553558774,138.2276153564453,7023300
2023-11-20,137.58578362720917,139.90197082982192,137.24160023008594,139.44618225097656,8851700
2023-11-21,139.6229232242863,140.72984848931165,139.16712044900632,140.57171630859375,5916300
2023-11-22,141.04613806802183,141.42750903075242,139.89268571451768,140.2926788330078,4633500
2023-11-24,140.32985108564685,142.02280623933575,140.32985108564685,141.85537719726562,3351400
2023-11-27,141.66003137018282,141.68795040468441,140.43217579436813,140.7205352783203,6449700
2023-11-28,140.83215602079164,141.213541106915,140.31124672936156,141.04611206054688,5909000
2023-11-29,140.76707561503028,141.57634454362358,140.52522888298486,141.4926300048828,5190000
2023-11-30,141.63213723564098,144.31111570351098,141.3158728869937,143.8646240234375,12481900
2023-12-01,145.52037755742177,147.39938407627056,144.61808312080063,147.32496643066406,10342900
2023-12-04,146.971489652682,148.8504962161527,146.971489652682,147.79006958007812,8920300
2023-12-05,147.7156583560199,148.48772551316588,147.176141034386,147.4831085205078,7268200
2023-12-06,147.45520774951947,147.58543509325543,145.26923355782728,145.6878204345703,6642900
2023-12-07,145.6505904195572,145.6505904195572,143.9111224816661,144.55294799804688,6532400
2023-12-08,144.57157197080724,144.97156504630047,143.10185538913524,143.64137268066406,6254700
2023-12-11,143.71580022735657,144.6273916202541,143.5762760017095,144.23670959472656,6090400
2023-12-12,144.18091194162793,144.4785825728141,142.92513703110117,144.24603271484375,5324400
2023-12-13,142.93442613324382,145.05527937635523,141.17635004504055,144.91574096679688,10764600
2023-12-14,145.54832076506887,146.19016070810576,144.22743914324323,145.92039489746094,9240700
2023-12-15,144.63670993714427,145.75294637933794,143.02745475431766,144.32974243164062,21727800
2023-12-18,144.37625281779938,145.52039408732057,143.95765173949897,144.59019470214844,7231400
2023-12-19,144.45995163022565,145.5761879321767,144.12507932026884,145.5389862060547,6651500
2023-12-20,145.61341244718386,145.72504603045016,142.42283521701606,142.57167053222656,7008300
2023-12-21,142.96233517966223,144.30182446600236,142.59955801408805,144.0320587158203,4598600
2023-12-22,144.41343182184693,145.60408571199852,144.19948997116558,144.60877990722656,3798900
2023-12-26,144.18089111758462,145.43666584673986,144.04136690044066,145.24131774902344,4170000
2023-12-27,144.64600088966495,145.5948082137926,144.5715832374083,145.43667602539062,5288100
2023-12-28,145.11108696505923,146.2645391763136,145.1017900820423,145.65060424804688,4377500
2023-12-29,145.58551289809517,145.94829012105032,145.09250831802072,145.79946899414062,4313700
2024-01-02,145.97617172886905,150.35741674892128,145.84594439248295,148.80398559570312,9622100
2024-01-03,149.4272244029367,150.17138672858567,148.6458603481774,149.73419189453125,8232000
2024-01-04,150.3108910322915,150.673668166326,149.22255963018796,149.41790771484375,6766600
2024-01-05,149.29699598932405,150.07836003847734,148.33889179230414,149.88302612304688,5602500
2024-01-08,149.85511753717293,150.37602689027173,148.46911542761583,150.25509643554688,6569800
2024-01-09,150.34811401367188,151.88293714660662,149.39000989175497,150.34811401367188,6357000
2024-01-10,150.5248514894969,151.2689995446182,149.94811829494927,150.57135009765625,4945100
2024-01-11,150.75742251941514,150.87833878884456,149.557457353304,149.90162658691406,4946000
2024-01-12,150.54344129122742,151.12947135323296,150.40391708299467,151.0550537109375,4496900
2024-01-16,150.29227893330614,150.924807523195,148.99928852794494,149.31556701660156,6923200
2024-01-17,149.064428249543,150.0411402905449,148.71094799626076,149.2318572998047,5072100
2024-01-18,148.8318957802318,150.106264345861,148.5435362531521,149.9574432373047,5368500
2024-01-19,149.90160307819818,150.61786047311375,149.092334274748,150.3946075439453,7071300
2024-01-22,150.69227604930825,152.1619925436521,150.0783411478012,151.1294708251953,6824200
2024-01-23,148.51561190191606,149.30627272817253,145.95756402917138,148.65513610839844,9149800
2024-01-24,148.5993532293369,149.39002839192477,147.12033959899225,147.864501953125,7247900
2024-01-25,147.9016676414594,148.4783865833562,147.40866321815156,148.42257690429688,5478900
2024-01-26,149.23188466937822,149.52025840946305,148.23657868050336,148.36680603027344,5591900
2024-01-29,147.91099680843067,148.89702006398184,147.86449819487373,148.236572265625,6483200
2024-01-30,148.2272614280271,148.60863234684552,147.09241716723554,147.687744140625,7200500
2024-01-31,149.20398446239662,149.40862947464444,147.59474340582693,147.80868530273438,8256800
2024-02-01,147.12031370065276,147.42728114995984,146.08779198706125,147.3063507080078,8012000
2024-02-02,146.94358418579935,147.25984854050992,145.0552807470602,145.6785125732422,8295900
2024-02-05,145.67852330251142,145.93897798953975,144.49716613324415,144.92506408691406,9121600
2024-02-06,144.95297256809087,147.65054512013688,144.73903068274782,147.02731323242188,9229900
2024-02-07,146.78546704042355,148.24587270656457,146.68314453945447,146.95289611816406,8690300
2024-02-08,146.35754384648752,146.35754384648752,144.46924053986217,145.483154296875,9755000
2024-02-09,145.36225036183663,146.22732890842636,144.80412509752935,145.8180389404297,6529200
2024-02-12,145.65061308911504,147.35287956970245,145.43667121702282,146.83197021484375,6701500
2024-02-13,146.63662560840297,147.390084814208,144.87854939695262,145.5482940673828,8621000
2024-02-14,145.43665427181836,145.53897675415197,144.0320443603555,144.86923217773438,9098800
2024-02-15,145.09247538866308,147.41797351923915,145.00876086245373,146.89706420898438,7462500
2024-02-16,146.7752137318513,147.39379569342444,145.90355276091464,146.7283477783203,8541000
2024-02-20,146.73773332332692,148.65912324292157,146.625266462184,147.9561767578125,9501700
2024-02-21,148.10613418185466,148.73409795877188,147.27197163622048,148.72471618652344,7472500
2024-02-22,149.0059211113995,150.65551152113545,147.87184200619038,150.38369750976562,8065000
2024-02-23,150.7867293240931,152.07077380843506,150.1118994764793,151.68649291992188,6726000
2024-02-26,151.64902125957522,151.84583830552597,150.49619280026369,150.70237731933594,5465400
2024-02-27,150.28060022158255,150.9366808249114,149.6245196182537,150.8804473876953,5078600
2024-02-28,150.89919111890325,151.47092154551248,150.23372876603648,151.41468811035156,6071100
2024-02-29,151.8364537357463,152.0145358154022,150.84295824028072,151.25535583496094,9849100
2024-03-01,151.67712911351737,152.37070822407398,150.98355000296075,151.9489288330078,5670100
2024-03-04,151.19910870395717,151.47090838411273,148.34045681930098,149.81195068359375,8532900
2024-03-05,150.54302196906784,151.12413414992423,149.2121116089498,149.93380737304688,8298200
2024-03-06,149.45580391824166,150.833565892632,149.23085589105392,149.34332275390625,5773700
2024-03-07,149.96192746163356,150.29934237048158,148.31235140808977,148.90281677246094,5188700
2024-03-08,148.90279510323666,150.32743721121523,148.4903975744943,149.51202392578125,5284000
2024-03-11,149.48391939002968,151.19911054167028,148.91218900614948,151.11474609375,4620800
2024-03-12,151.4427867498135,152.87679638117123,151.02102173496988,152.53001403808594,8018700
2024-03-13,152.33321316466566,152.4737967638668,149.78385902159346,150.99293518066406,6260000
2024-03-14,150.84295591660594,151.40530456311106,148.73411631387307,149.22149658203125,6988300
2024-03-15,148.1436213994085,149.20273197845808,147.24385793702427,148.25608825683594,13165500
2024-03-18,148.62165782759035,148.7341247029381,146.681518418934,146.92520141601562,6602300
2024-03-19,146.84084628700708,147.01892836793368,145.89421674808867,146.4097137451172,7840600
2024-03-20,145.9317121165635,146.62529124764717,145.47246282160998,145.98794555664062,5982300
2024-03-21,145.828596043976,147.1032729788338,145.3693468015055,145.9785614013672,5915800
2024-03-22,145.922327244915,146.55029108671098,145.3787135531774,145.49118041992188,7248600
2024-03-25,145.65051182190209,146.19412550831592,145.1818808130781,145.4818115234375,7498100
2024-03-26,145.84734909182365,146.4284469900114,145.05067062370867,145.997314453125,6864100
2024-03-27,146.2034891503274,148.293579186069,145.6879922442526,148.04989624023438,8461600
2024-03-28,148.27483988321808,149.15586841784534,148.19048973879188,148.26547241210938,6181500
2024-04-01,147.8249616374133,148.2279774268488,146.9345656106402,147.88119506835938,4364700
2024-04-02,146.74712224633228,147.9280672503232,146.16601006531909,147.83433532714844,6102300
2024-04-03,147.89056497225516,148.13426224567385,144.5726637785159,144.58203125,8098200
2024-04-04,145.5661842482073,145.7442663474161,142.84812969608447,142.93247985839844,6947400
2024-04-05,142.49194605720672,143.41045884722197,142.09829771862874,142.82936096191406,6783000
2024-04-08,142.4544574506997,143.43857111588372,142.05142735131946,142.0795440673828,5935400
2024-04-09,142.04206148134256,142.96057425322957,141.47033107913583,142.73562622070312,6135300
2024-04-10,142.0233088255903,142.29512281271698,140.36435109157443,140.77674865722656,6809500
2024-04-11,141.3391213454812,141.40472225283392,139.08031635112707,139.45521545410156,8374400
2024-04-12,138.77099244472953,139.71763610179957,137.91808069677896,138.26487731933594,7100200
2024-04-15,139.06156864100504,140.11131188359587,138.1243065717358,138.33050537109375,8502300
2024-04-16,135.9123920310447,137.07460235510356,134.39403178143317,135.3875274658203,12774900
2024-04-17,135.90300524460912,136.2872861400709,134.5345962784584,135.68743896484375,9378100
2024-04-18,135.88425976218062,136.6528215743939,134.1503334005403,136.59658813476562,9887700
2024-04-19,136.9808719357147,138.83666148533058,135.47187914315123,138.63046264648438,9750800
2024-04-22,139.19276549442299,140.8423556609842,138.0586865563944,139.76449584960938,10118700
2024-04-23,140.45807658727483,141.04855619304044,138.9022183158342,140.17689514160156,10110400
2024-04-24,138.84598574280082,139.64266412687184,137.64629158191727,139.21151733398438,9756300
2024-04-25,139.99881702665232,140.19564833461345,137.14954690721729,137.6088104248047,7642700
2024-04-26,137.49634580564492,137.9462276046352,136.79339923782314,136.9714813232422,6183000
2024-04-29,136.97146484322457,137.9837094952757,136.83088126716865,137.6088104248047,6149600
2024-04-30,137.66504523456854,137.66504523456854,135.46247384440483,135.51870727539062,8817700
2024-05-01,139.40835938540687,142.32324486856393,138.35861618759114,141.6952667236328,14470900
2024-05-02,142.50131901746667,142.77313302695512,139.78326473148744,140.5143280029297,8459800
2024-05-03,140.4862034661683,140.4862034661683,138.5460785234672,139.9051055908203,6532700
2024-05-06,140.46745404440725,140.63616864439848,138.6304284981774,139.25839233398438,5042800
2024-05-07,140.0081989996293,140.3362321113899,139.13653792238736,139.3896026611328,7333500
2024-05-08,139.7645116645831,140.33624208446332,139.37086332160584,139.6051788330078,7735100
2024-05-09,139.63330272217962,140.68304599218703,139.5489525660986,140.44873046875,6546200
2024-05-10,140.58929399169546,140.67364413573466,139.8301140923775,140.50494384765625,5710600
2024-05-13,140.62676585696065,142.4638054301592,140.3174820225803,141.7327423095703,5628500
2024-05-14,142.32325052143713,142.66066543744319,141.2453905640503,141.8827362060547,8254200
2024-05-15,142.29514787933311,143.3542443942552,141.80776755211645,143.09181213378906,5548000
2024-05-16,143.4010900519776,144.6945162249996,142.77312621041168,144.6007843017578,7591000
2024-05-17,145.14438541758724,145.14438541758724,144.06653990111212,144.9381866455078,6521800
2024-05-20,144.6547609115451,144.92875769664735,142.91624734537186,142.9257049560547,7742300
2024-05-21,143.40756048032412,144.17287722038984,142.47216534408338,142.89735412597656,5492400
2024-05-22,142.5194108966398,145.58069229015857,142.0281053430701,145.03268432617188,6609800
2024-05-23,144.32406654075703,144.40909853720973,141.13996572547063,141.4423065185547,8000400
2024-05-24,141.28166823517878,141.5462218027961,138.6644621372273,138.86288452148438,9520600
2024-05-28,138.69280553584656,138.69280553584656,136.19843303969458,136.41575622558594,10499800
2024-05-29,135.88666270373184,137.39839546116585,135.78272990526975,136.4724578857422,8263800
2024-05-30,136.6425013254654,137.5778963709587,136.07560703308636,137.26609802246094,8490300
2024-05-31,137.54012373467683,139.34475400263702,137.18108055289417,138.57943725585938,14621200
2024-06-03,139.12744760045894,140.6864251174315,138.6739292274088,139.59042358398438,7329200
2024-06-04,139.34472434387132,140.12894172727084,138.12588949121982,139.64707946777344,8876400
2024-06-05,139.80772160612355,139.82662240852997,137.80466906368278,137.9180450439453,5891300
2024-06-06,137.473966475475,138.89122386182012,136.6803057992228,138.3432159423828,5016300
2024-06-07,138.58886818192175,140.11951595708103,138.26762663565026,138.96681213378906,5111600
2024-06-10,138.4471598366527,139.42034216666593,137.5684671068129,139.01406860351562,5749900
2024-06-11,138.71173455337959,139.04243378728935,137.41731045287585,138.66448974609375,5661200
2024-06-12,138.9479085960436,139.08964298161092,136.79367857262332,137.38893127441406,6180500
2024-06-13,137.06769854599622,137.94639124123458,135.9433386668164,137.42672729492188,6840400
2024-06-14,137.1338349603186,137.9180525061038,136.5102382009585,137.5117645263672,4075300
2024-06-17,137.02044675390914,138.35265772652645,136.75589319785126,137.89913940429688,6666600
2024-06-18,137.9086347035183,138.31490834096581,137.2472362155289,137.61572265625,6156600
2024-06-20,137.25665037732855,139.9116434324514,137.01098321655564,139.62818908691406,8749700
2024-06-21,139.73214667293894,140.85650664568885,139.2408266812563,140.54470825195312,15172300
2024-06-24,140.78089587677053,141.46118055383735,139.99667841801053,140.89427185058594,6914700
2024-06-25,140.95098950493377,140.96989031024367,138.83456065711414,139.07077026367188,5912500
2024-06-26,138.13535136116954,139.07074643300473,137.7385210202028,138.72116088867188,5267800
2024-06-27,138.7022693577553,139.23137651441095,136.85037989237182,137.75743103027344,5739200
2024-06-28,137.9841895477574,138.9573863349528,137.61570315924243,138.0975799560547,10495700
2024-07-01,138.01255124821412,140.4974664229094,137.5873624368836,138.3621368408203,5144400
2024-07-02,138.35267628714587,139.03296107029715,137.70074991895788,137.97474670410156,5492000
2024-07-03,138.13535048076363,138.56052481358333,136.75589469720754,137.6534881591797,3246200
2024-07-05,137.7290904469724,138.4660632073046,136.52914170454886,138.39991760253906,4888500
2024-07-08,138.32432767064935,139.09910203223689,137.2377693428599,137.455078125,5260200
2024-07-09,137.6345799638235,139.0140500903654,137.1716040519725,138.93846130371094,5890400
2024-07-10,139.13689723160743,141.22499643369065,138.5888892309834,141.18719482421875,6093200
2024-07-11,141.3289305232844,142.2737689294432,140.44078011476074,141.4423065185547,6350400
2024-07-12,141.72574170255015,142.55720400067327,141.0076698014089,141.61236572265625,5336400
2024-07-15,141.8013512392268,141.96197203993665,140.65809041205773,141.0076904296875,6711400
2024-07-16,141.43285928849704,142.7461840588951,140.93209610089062,142.68003845214844,6469600
2024-07-17,143.19022937966395,148.80257048803227,143.06739580252412,147.94276428222656,13801400
2024-07-18,147.01683435973635,148.40574771124963,146.09088251400266,146.8467559814453,10166200
2024-07-19,147.8766417193638,147.8766417193638,145.61847868916126,146.15704345703125,7398000
2024-07-22,146.23262042041404,146.55386196626014,145.11770378524147,145.7318572998047,6840600
2024-07-23,144.8531579130485,145.03267949733635,143.20914849291427,143.9461212158203,6261900
2024-07-24,144.3334973346563,147.78216587110714,143.92722377511504,147.65933227539062,7168200
2024-07-25,147.84829191184622,151.72213467631306,147.3947735684204,150.833984375,10019600
2024-07-26,150.9379183426812,152.6669741607888,150.67336477219257,151.77882385253906,8356900
2024-07-29,151.14579366347263,151.1741376609169,149.33170574159232,149.81356811523438,5625000
2024-07-30,149.79467883105306,152.6386517414491,149.62461483330878,152.4307861328125,6545700
2024-07-31,151.03240730390812,151.5048264516625,149.03879792370114,149.14273071289062,8293200
2024-08-01,149.73798157329176,151.93945671621148,149.0104664051373,151.8922119140625,7213400
2024-08-02,152.96929641082903,155.756580590725,152.11894781101822,155.0857391357422,11280400
2024-08-05,154.7550618180832,156.6352952617401,151.7221388897678,152.3551788330078,12032200
2024-08-06,152.16619289330188,152.57246639349307,150.17258374213313,150.200927734375,7607100
2024-08-07,150.10649791541795,151.7599654009442,149.46401461267493,150.1348419189453,5993000
2024-08-08,149.82301114927333,151.83550685746494,149.31279041073788,151.38198852539062,5094800
2024-08-09,151.28749907820514,152.05281576966155,150.55052638146287,151.75991821289062,4579200
2024-08-12,152.09063084276278,152.7803588036995,149.9553013550368,151.06076049804688,7605400
2024-08-13,151.42922403318713,151.5236992039847,147.81049195693203,149.65292358398438,9711400
2024-08-14,149.12385211631062,150.7489753799507,148.7175640918554,149.7379913330078,5141200
2024-08-15,149.63401590346092,150.70168764570374,149.13325282828725,150.31430053710938,7237800
2024-08-16,150.3615839766237,151.11745758797085,149.4545327595891,150.59779357910156,5012800
2024-08-19,150.66390316455121,151.4481061702371,150.35210483378003,150.82452392578125,4408400
2024-08-20,151.1741397829281,152.05283255021345,150.86234138957508,151.3253173828125,7275100
2024-08-21,151.55207091446673,152.57249809848136,151.46703892007122,152.52525329589844,5019400
2024-08-22,153.06381679303217,153.52679278706455,151.9205560154414,153.39451599121094,6552100
2024-08-23,153.53620310988111,155.1613259207803,152.78032968807673,155.0762939453125,7093400
2024-08-26,155.11409977978255,156.5691588147038,154.51884704576128,155.5298309326172,6870600
2024-08-27,155.65359790454076,156.16767679035647,154.3779082949286,155.12998962402344,4388700
2024-08-28,155.17758905358738,157.0816085511774,154.90151261810382,156.05343627929688,5187000
2024-08-29,156.72938442881957,156.81506182795763,155.52032786597454,156.34857177734375,7390100
2024-08-30,156.24384257926062,158.01458137530793,155.94872186767216,157.9003448486328,7971000
2024-09-03,157.31009771883697,159.756755244312,156.86265197023562,159.13795471191406,6956500
2024-09-04,159.75674006835874,160.7468382579612,158.0716788885164,159.32833862304688,6939100
2024-09-05,159.17604670633676,159.33788664039133,156.9197879721694,157.07211303710938,4600400
2024-09-06,157.25295968554767,157.9764963748187,156.24383169947552,156.49136352539062,6016900
2024-09-09,156.92928799423865,159.37596009136075,156.5770490255932,158.61434936523438,7538200
2024-09-10,159.46164864200608,160.37558448260702,158.74764126002697,159.347412109375,6559600
2024-09-11,158.78569357215355,158.78569357215355,156.2152702534485,156.91024780273438,5920200
2024-09-12,156.3200049687657,157.1768224976273,154.90151967540524,156.7388916015625,4540900
2024-09-13,156.83409370267964,157.79561833447815,155.9582464632509,157.57666015625,3693400
2024-09-16,158.3763339779608,159.22362202832144,157.8241666098078,158.97610473632812,5187800
2024-09-17,158.2621067721383,159.67107714096886,157.96697154605468,159.05227661132812,5066500
2024-09-18,158.63339728124967,160.2708552958487,157.78610914213294,158.17642211914062,4722800
2024-09-19,158.25257045734247,158.38585123604526,156.5294352017869,156.91024780273438,4956100
2024-09-20,156.4152021683899,156.95784016286686,155.70119486804106,156.28192138671875,11839000
2024-09-23,156.51038839565365,156.60559517597153,154.91101907722205,155.38702392578125,4671600
2024-09-24,154.97766977573121,155.6440882604939,153.79718691441477,154.96815490722656,6041600
2024-09-25,155.17760963762564,155.482259770379,152.66430414848185,152.89279174804688,5420000
2024-09-26,152.550061441908,153.78766260823832,152.3406181157407,153.64486694335938,6122000
2024-09-27,154.2255695338506,155.58693641565057,153.59723965308982,153.65435791015625,7553800
2024-09-30,153.81622409891565,154.39693610782652,152.968921465942,154.28269958496094,6010000
2024-10-01,154.63495184059965,154.9396019631172,153.44493953673546,154.21607971191406,4408000
2024-10-02,153.7590893742848,154.33981590239725,152.94036040885604,153.43540954589844,4684400
2024-10-03,153.06412320775254,153.69245311583617,152.53100008326308,152.7975616455078,4791200
2024-10-04,151.96931038164493,152.79755415756563,151.16009634029794,152.59762573242188,5331100
2024-10-07,152.55956317567225,153.14028970704277,151.57899429054896,151.87411499023438,4266000
2024-10-08,151.83605967119266,152.5595819441583,151.3219662056104,152.02645874023438,4766300
2024-10-09,152.24540556534606,153.48302121140156,151.85507806074483,152.94036865234375,6047200
2024-10-10,153.6163125855196,153.64487171938316,152.32157858647386,152.80709838867188,4793900
2024-10-11,154.39692041042855,154.85389550846295,153.4639550066756,153.71148681640625,5253500
2024-10-14,153.65437401878577,154.35886649166352,153.17836912464267,153.84478759765625,5964000
2024-10-15,152.32157678239108,158.7476433028982,151.36956692750113,156.22482299804688,10548000
2024-10-16,156.12960236680277,157.07209726917264,154.8348684978223,156.3961639404297,5982100
2024-10-17,156.37711319079165,157.08160562130556,155.7773569382682,156.57704162597656,4798000
2024-10-18,156.97688838075024,157.35768647325938,156.06295262160583,157.1958465576172,5908000
2024-10-21,157.1768287101666,157.31962437402933,154.52071315018208,155.01576232910156,6082700
2024-10-22,154.53022643136677,155.87254911125356,154.13036956121294,155.60598754882812,5680300
2024-10-23,155.00624146956926,158.03362563859264,154.62542883645787,157.9003448486328,7441600
2024-10-24,157.08161974560232,157.56713952254262,155.50127996361581,155.81544494628906,5386300
2024-10-25,155.82496346194608,156.05345105283348,152.90230081024603,153.1593475341797,6400400
2024-10-28,153.3973418350404,154.19702657083684,153.27357591407792,153.84478759765625,4842500
2024-10-29,153.71148970536208,154.38740844498867,152.37866743415043,152.4072265625,5216900
2024-10-30,151.79797824318976,153.54015813313737,151.39813582154056,152.90231323242188,5820500
2024-10-31,152.31204411339957,153.14980280976587,151.8074801113953,152.1882781982422,8613900
2024-11-01,152.87371394449525,153.33067451685585,152.20731008344546,152.4453125,5256400
2024-11-04,152.0359372984517,152.58810463536028,150.48417145618015,150.64601135253906,4644000
2024-11-05,150.10337350564672,150.9792207205984,148.84672820646063,150.75074768066406,6547100
2024-11-06,152.22636357578656,153.13078452105938,149.79875016926215,150.30331420898438,8926600
2024-11-07,150.86499842200377,151.13156001139856,148.99905276972308,149.20849609375,7522800
2024-11-08,149.4655460726702,149.54170860366003,147.95185390135575,148.00897216796875,8926100
2024-11-11,148.1517462316955,150.017691652569,147.47582747331106,147.59957885742188,7146800
2024-11-12,147.11405603134722,147.5995757430344,145.05771161741038,145.31475830078125,7181400
2024-11-13,145.18147866463096,146.14300322820864,144.1533064495947,145.88597106933594,7161900
2024-11-14,145.82887199905758,146.21919955108615,143.52500974490513,144.5817413330078,7716400
2024-11-15,143.65826112387532,147.01885427771643,143.65826112387532,146.6094970703125,11328500
2024-11-18,145.26715586687354,147.87566766059663,145.0196385757306,147.34254455566406,7510600
2024-11-19,146.56190763670477,146.59999616403024,144.75309480470148,145.65750122070312,8233700
2024-11-20,145.6860445113977,145.89548780936272,144.52459150505186,145.76220703125,9061300
2024-11-21,146.24775339480956,148.57065983066317,145.47662771478824,148.03753662109375,10141100
2024-11-22,148.4183212372567,149.57977434933565,146.71423009578947,147.72335815429688,8266000
2024-11-25,147.72335062200878,149.50360419948817,147.6947914917349,148.3040771484375,12256200
2024-11-26,148.8990866539002,148.9854515172531,146.9797893718744,148.284912109375,5683500
2024-11-27,148.39046042969707,150.3097575356133,148.36167214455432,149.12937927246094,4140400
2024-11-29,148.63994331083506,149.38846790760743,147.9489952764186,148.75509643554688,5687800
2024-12-02,148.50560351417397,148.7455156361678,147.7186847253588,148.5535888671875,6946500
2024-12-03,148.55359616010614,148.55359616010614,146.1640660362323,146.21205139160156,8674400
2024-12-04,145.18523495155404,145.4443441820041,143.70738250266044,144.39833068847656,10333100
2024-12-05,143.9472757418836,144.31194685954674,142.93964188307558,143.4866485595703,7898100
2024-12-06,143.36189937523835,143.9952709461681,142.392659590446,143.28512573242188,8389600
2024-12-09,143.26592743161854,144.8013709886229,142.4502349394584,143.5634307861328,8410300
2024-12-10,143.8800945363958,144.74378698400625,142.34466570132315,143.20834350585938,9398700
2024-12-11,142.50780139932587,142.50780139932587,140.46374542074378,140.7228546142578,13446700
2024-12-12,141.2602588935812,141.80726557741076,140.11827481449086,140.33900451660156,6176300
2024-12-13,139.7823895344471,141.0011324600985,139.18739756883383,140.70364379882812,8324900
2024-12-16,140.80923392261204,141.30825529093318,137.7287701398216,138.0454559326172,8732400
2024-12-17,138.0358476209154,140.74206363319422,137.91110326335962,140.5021514892578,10343000
2024-12-18,139.80158471760046,140.81882441516754,138.83234501612696,138.90911865234375,9336100
2024-12-19,138.32373198524482,139.3601541057871,137.58479855203828,137.7863311767578,9516700
2024-12-20,137.27772745735842,139.60007518190608,136.9898299648943,138.6404266357422,17702800
2024-12-23,138.79396763382746,139.46571865711493,137.6615747862222,139.40814208984375,8720800
2024-12-24,139.14904504151625,139.96475219726562,138.50608224573483,139.96475219726562,3164100
2024-12-26,139.6384602705986,140.46375863905968,139.23540962224445,139.7056427001953,4656300
2024-12-27,139.02426189561788,140.68446420494374,138.84192635295773,139.19700622558594,5588300
2024-12-30,138.99548779121798,139.03388193204813,137.1817526784633,137.55601501464844,6268700
2024-12-31,137.95906448886848,138.83234814707063,137.52722558809984,138.78436279296875,5811400
2025-01-02,139.36975418661507,139.8879726013951,137.97826672401828,138.20858764648438,6051300
2025-01-03,138.25656622629964,138.73639047561466,137.82471268745692,138.37171936035156,5878800
2025-01-06,137.71915733581497,138.9763092291661,137.1625594228921,137.8631134033203,7910500
2025-01-07,137.9590585903311,141.24105459615257,137.79592010781911,140.3293914794922,8422000
2025-01-08,139.61927487028785,139.71523094085825,135.7326952568487,136.52920532226562,11175600
2025-01-10,135.31044214184166,137.87270194863527,135.00334758490075,136.32766723632812,8821500
2025-01-13,137.2105450304511,139.2162216206704,136.56758226169026,138.6404266357422,10376400
2025-01-14,138.66920653031897,138.9666952187379,137.0953835955594,138.90911865234375,8681700
2025-01-15,139.4465315164206,140.15667673050484,138.43889758820282,139.12025451660156,7434600
2025-01-16,138.4964817621477,142.09516372064633,138.24696377479086,141.80726623535156,8964000
2025-01-17,141.4905969053542,142.39266896398644,140.69408678215927,141.09713745117188,10773100
2025-01-21,141.60574686831652,142.8532929927474,141.11633134761914,142.17193603515625,11111700
2025-01-22,138.18938439133169,139.60006886177246,136.3756493069184,139.40814208984375,16834700
2025-01-23,139.57127934974673,141.94161230204338,138.96669611257198,140.7228546142578,10506400
2025-01-24,140.8859782509478,141.67289696198034,140.47333647058124,140.8955841064453,9887300
2025-01-27,142.45983051714566,147.25807347591157,142.0279915794718,146.72067260742188,15152300
2025-01-28,146.4999326712666,146.79742134133608,144.23516179332339,144.3119354248047,10320600
2025-01-29,144.42709190788477,145.75141145634518,143.9472676822772,145.0508575439453,7156400
2025-01-30,145.78022259330496,147.9202348749573,145.25241293377397,146.70147705078125,8911000
2025-01-31,146.46156457768814,146.9989654505446,145.92416370483167,146.01052856445312,8457800
2025-02-03,145.86656501508298,146.31760095993073,144.69579272970026,145.74180603027344,6687500
2025-02-04,145.25239184336863,147.9585928927294,144.8589324594774,147.29644775390625,9645000
2025-02-05,147.61312388363416,148.48639279870358,147.1236938281773,148.44801330566406,8947000
2025-02-06,148.54399228036223,148.59197763637022,147.19089895661585,147.31564331054688,7418100
2025-02-07,147.33483513737792,148.2561041534855,146.63429582243552,146.94137573242188,6204900
2025-02-10,147.4116063357853,148.14093392262154,146.14486328998797,148.0161895751953,6936200
2025-02-11,147.8914314599803,150.07942887651248,147.72829297155434,149.82992553710938,7554500
2025-02-12,149.00461623186942,149.37887853486555,148.0449677992565,148.99501037597656,7746000
2025-02-13,148.99503343196258,151.7492348170456,148.54399742739386,150.9047393798828,10704700
2025-02-14,150.94311989787084,151.11586425803483,149.76275623520567,149.84912109375,6411800
2025-02-18,149.1042619190336,150.37146199599803,148.23367072791967,149.92649841308594,9670700
2025-02-19,149.9361820400892,153.12837467429054,149.69434948841163,152.7317657470703,7974700
2025-02-20,151.82246490395653,154.72445536950636,151.82246490395653,154.46327209472656,7224000
2025-02-21,154.6567435562885,158.1681418378064,154.0763395829984,156.9976806640625,12546900
2025-02-24,157.36525792585152,159.48371326496002,156.7558499830282,158.39064025878906,10201900
2025-02-25,158.73888654710618,160.99275285054702,158.58411017768495,160.6638641357422,12303700
2025-02-26,159.68684205387544,159.7352115071084,157.24916626172592,157.75218200683594,11396400
2025-02-27,157.00734397615628,158.5937647275845,156.4462907547592,158.38095092773438,8364600
2025-02-28,158.9420190357954,160.5187719477418,157.38461686027114,159.6288299560547,12037200
2025-03-03,159.57080394504658,161.86337190578521,159.45471427847943,161.81500244140625,9191500
2025-03-04,162.58886424242598,164.43646849479492,159.91903816381347,160.01576232910156,11999700
2025-03-05,159.13548341667513,161.02178908560785,158.1875039682792,159.72555541992188,8744800
2025-03-06,159.609482937494,160.45105548787242,158.16815562635495,160.41236877441406,8037900
2025-03-07,159.73523004513686,162.9564411685286,159.31927041140122,161.2442626953125,9637600
2025-03-10,162.008469119244,164.34940659609956,161.59252418902597,162.22128295898438,17559000
2025-03-11,161.73760994444348,161.8343488706259,159.65785587411196,160.44139099121094,9890300
2025-03-12,158.3809646338741,158.84529374297648,156.92996937857492,157.52972412109375,8010700
2025-03-13,158.09074343981507,159.16448038880492,157.34590992658494,157.66513061523438,5286700
2025-03-14,156.82356763097957,157.8199165582549,155.83690145230864,157.49102783203125,6235800
2025-03-17,157.10408991917342,158.15847621815908,156.44629775557772,157.52003479003906,6669800
2025-03-18,158.10043713262183,159.4740441314241,157.6457907955192,158.88397216796875,7348800
2025-03-19,158.6131099340724,158.99036806424263,156.91061435489397,157.66513061523438,5936400
2025-03-20,157.67481735458355,157.86828043609006,156.63976699007893,157.6941680908203,7485900
2025-03-21,157.67481799117763,158.76790580851875,157.17180216900024,158.28424072265625,17047100
2025-03-24,157.52002668169055,159.01939125771872,157.19113799696544,157.955322265625,8046400
2025-03-25,158.17783162138625,158.8259410562263,155.31452785823248,155.75950622558594,7456200
2025-03-26,155.94331240569394,157.1814939155619,155.39192709130742,156.4366455078125,7223500
2025-03-27,157.04605131212926,158.70986030386553,156.0497024666494,157.80056762695312,6752500
2025-03-28,158.24552839235523,159.145153065683,157.58775100565197,158.3616180419922,5760300
2025-03-31,159.00003597141426,161.18621133616944,158.86461035450523,160.42201232910156,12481400
2025-04-01,155.47897263911065,156.52369098418785,148.1272722719447,148.24334716796875,23303100
2025-04-02,148.97850699856625,150.70035343748125,148.436804491081,150.28440856933594,10356900
2025-04-03,153.56365877809012,155.40158012864245,152.3351453749852,154.5987091064453,13249300
2025-04-04,153.96026564233253,154.59870706483335,147.93378835947183,148.23367309570312,16601700
2025-04-07,146.3377059768481,147.7209957862234,142.58446021857634,145.6992645263672,18083000
2025-04-08,148.57224503032552,148.57224503032552,143.16487263997396,145.0995330810547,12018400
2025-04-09,137.55435179128617,148.18531602643375,136.87722360185043,146.037841796875,18773700
2025-04-10,145.4574441517095,146.2603300259317,140.38864311678157,143.83233642578125,13830500
2025-04-11,144.45140861090906,147.3727497065952,143.34865286436727,146.7729949951172,9943900
2025-04-14,146.63758406137615,149.6169629011498,146.23130714144625,149.3170928955078,10685300
2025-04-15,150.61332133248166,151.19372540339688,147.13094118785625,148.6012725830078,10847700
2025-04-16,150.29408394503258,150.54559923607638,147.26635054679667,148.8817901611328,7986900
2025-04-17,149.12360974458923,154.23111142279075,149.12360974458923,152.32546997070312,10981100
2025-04-21,152.79947337039977,153.06064187730914,150.410166775653,151.79344177246094,6285400
2025-04-22,152.40286566048607,153.53464014675,151.15500152107364,152.59632873535156,7136300
2025-04-23,151.377493722798,151.9675656783417,149.28805714969707,150.3037567138672,9099400
2025-04-24,150.710056596656,150.80678076592883,148.42715660572296,149.86846923828125,8310400
2025-04-25,149.27840668298583,149.83944522171166,147.46948913401275,149.5299072265625,8643600
2025-04-28,150.41982810559807,150.7196980700793,148.79472064894418,150.2747344970703,5815200
2025-04-29,150.37147364868648,151.89018911743372,149.249367096524,150.8164520263672,5246700
2025-04-30,153.03163792568353,153.03163792568353,149.95553490953938,151.20338439941406,9598200
2025-05-01,149.93615482286282,150.02321098319482,148.3497341622452,149.41380310058594,7325800
2025-05-02,150.97122232750266,151.59998101560734,149.97485870190687,151.0195770263672,5974500
2025-05-05,151.55162747956874,151.6677023854978,149.6750044455121,149.93618774414062,5464100
2025-05-06,149.76206389500825,150.80676748879304,148.66897608041438,149.42349243164062,8644200
2025-05-07,149.68466333398126,152.7801166677254,149.4524987988433,152.16102600097656,7853100
2025-05-08,150.72939184579346,151.89985306765084,149.72336021877442,150.57461547851562,7606100
2025-05-09,150.34246448123574,150.96155524587235,148.78506220078125,149.18167114257812,6520400
2025-05-12,147.05352818556858,150.28440722654932,146.2409596713147,149.10426330566406,9023800
2025-05-13,146.74400666784575,146.74400666784575,143.24227563092705,143.59051513671875,10549600
2025-05-14,143.81297578397934,143.95808416684352,141.34628087815992,141.5784454345703,10216000
2025-05-15,143.16487253592385,144.7609614945403,142.51676305986737,144.72227478027344,7945800
2025-05-16,144.7802911485082,146.55050696426127,144.34499556502792,146.3860626220703,8051200
2025-05-19,146.92778992020104,147.67263833969156,146.1152360590958,147.50819396972656,12639900
2025-05-20,147.35340274928245,149.00752903136188,147.15025692431985,148.63995361328125,7351500
2025-05-21,148.1853114104131,149.3847913771101,148.00151631608705,148.17562866210938,7032200
2025-05-22,147.66293903016444,148.31106320890513,146.42475763964194,147.62425231933594,7535300
2025-05-23,148.0015188949979,148.46583325276845,147.23733454032794,147.9434814453125,6727300
2025-05-27,148.80202058666853,150.2849567928587,148.22639171638167,149.51422119140625,6990700
2025-05-28,149.5434883640455,149.894713230394,148.22639139353228,148.71420288085938,8459300
2025-05-29,148.05080484696552,150.28497518703873,147.86543407679693,149.83619689941406,6810600
2025-05-30,150.14837399962022,151.9142641375451,149.48495750417268,151.42645263671875,15529700
2025-06-02,150.71424498435448,151.7484030381292,148.58739387554635,151.61181640625,6669300
2025-06-03,151.02644218444954,151.86547855329525,150.32399243905195,150.65570068359375,8209800
2025-06-04,151.1532618003879,151.1532618003879,149.39715233824217,149.48495483398438,6983900
2025-06-05,149.9337320877222,150.33374108147183,148.91909074097882,149.9142303466797,5295400
2025-06-06,150.2459486896024,152.22646227683742,150.2459486896024,151.25083923339844,5391500
2025-06-09,151.0752267540242,152.1874363730245,150.6849686238681,151.44595336914062,5319000
2025-06-10,151.64107558271036,153.60208733818877,151.2410814671241,152.63621520996094,6791600
2025-06-11,152.48987597049666,152.7825658442017,150.95814073397457,151.4752197265625,6016000
2025-06-12,152.43135033586668,152.86061197193177,151.38742652912393,152.8411102294922,7075500
2025-06-13,152.16792694173967,153.82648313457608,152.16792694173967,153.2703857421875,6587500
2025-06-16,152.6069476236472,152.68499924993841,150.68496912584888,151.4362030029297,7024000
2025-06-17,151.1922802409236,151.49472095450506,148.3922473143579,148.66542053222656,6407100
2025-06-18,148.8508064155057,148.92884315413448,147.03614706246643,147.05564880371094,8325200
2025-06-20,147.57273208840428,147.7093187152152,145.40684780124104,146.13856506347656,22605500
2025-06-23,146.08980042037933,147.73859086491296,146.08980042037933,147.63128662109375,7397900
2025-06-24,147.80687455609248,148.99713572696209,147.29954646191248,148.4800567626953,9544200
2025-06-25,147.68981633757784,149.33862160994235,147.0556524476084,148.56787109375,7153700
2025-06-26,148.9776102672767,149.48493833137786,147.83613328816685,148.30442810058594,7156900
2025-06-27,148.30444402383372,149.59227350478832,147.32882104256214,148.6947021484375,10010800
2025-06-30,148.4507989678105,149.24105121440112,147.82640084448238,149.0264129638672,9039300
2025-07-01,149.27032317180044,153.90453255131712,149.08495241472764,152.119140625,10896700
2025-07-02,152.1971903268143,152.4898802086541,151.28986806861928,151.76791381835938,5544000
2025-07-03,151.6410917698349,152.47037736220446,151.1045109725892,152.2069549560547,3482500
2025-07-07,152.21668725927918,152.53864459896056,151.11422863129354,151.48497009277344,6270900
2025-07-08,150.71423061646016,152.93864977319205,150.450823135907,151.99229431152344,6438200
2025-07-09,151.99230678299833,152.8703764506989,151.28987189039452,152.47036743164062,6147400
2025-07-10,152.29475604694676,155.3582116672941,152.0215827982655,153.8459930419922,6732900
2025-07-11,153.2606118387534,153.34841433496518,151.39716835607928,153.0752410888672,7872000
2025-07-14,153.0459768826626,153.631356643652,151.72889475067498,152.99720764160156,10185600
2025-07-15,152.54841441792806,153.3581833025349,151.02644490443114,151.38742065429688,6873200
2025-07-16,156.39236630434038,162.07048429346574,155.9045548154852,160.76315307617188,22134800
2025-07-17,159.20215592676115,160.68510707307274,158.34361779938138,159.0070343017578,11295700
2025-07-18,159.93387704486614,161.0753690966727,159.37777965584667,159.70948791503906,9792600
2025-07-21,159.7777643654309,160.89972473070313,158.81189234808585,160.35337829589844,8254000
2025-07-22,160.97779647556757,163.96320050104055,160.69487235317746,163.83636474609375,9288000
2025-07-23,164.490032770855,164.9973459784646,162.52902114423384,164.97784423828125,10617600
2025-07-24,165.36810074328554,165.84616137902782,164.76321923886425,165.4266357421875,6636900
2025-07-25,165.61200757880374,165.73884333513735,163.3583207853967,164.19735717773438,6254900
2025-07-28,163.76808146723806,163.84613309560726,161.0265831506335,162.16806030273438,8014600
2025-07-29,162.60707869014607,164.66564375316304,162.31438882166105,164.01197814941406,7663400
2025-07-30,163.61196997244835,164.499790452766,162.71439862163524,163.1826934814453,6189200
2025-07-31,161.88511520296575,162.99733970029322,160.2265591012451,160.72413635253906,11036200
2025-08-01,161.44608338903257,163.53391592972537,160.77290116417123,163.25099182128906,8927800
2025-08-04,162.95831662651884,167.0169120817774,162.57782423301498,166.8705596923828,12679100
2025-08-05,166.38274434466635,167.3778839997418,165.51444044678632,166.577880859375,7934400
2025-08-06,165.76810208205814,167.9827555011224,165.54369808088197,166.4315185546875,8957200
2025-08-07,166.99737743981552,167.43640478699228,165.77784876053298,167.34860229492188,9315900
2025-08-08,166.85103452522807,169.71936826748328,166.23638732708073,169.10472106933594,7686800
2025-08-11,169.17303465776985,170.34379425313082,168.8315755148118,169.5828094482422,7256800
2025-08-12,169.75840703822468,170.49987518097336,167.6217902229204,168.56814575195312,7916700
2025-08-13,168.78276906344786,170.28522184479246,168.49007920331394,170.16815185546875,5878700
2025-08-14,170.0608369580466,171.4364689140486,168.5096000136997,170.46084594726562,8241700
2025-08-15,171.2901365456328,172.94869266139256,170.69500592262676,172.33404541015625,9477600
2025-08-18,172.19747327439327,173.24139711357495,171.80722999790723,171.9535675048828,9284000
2025-08-19,171.74866850719522,173.8365011577051,171.69013350835883,173.4657745361328,9274200
2025-08-20,174.1487147089303,176.20727994325964,173.660903183135,174.4804229736328,9030000
2025-08-21,174.19749541661915,175.69019746528133,173.81700302944694,174.56822204589844,8859600
2025-08-22,175.6511661348864,176.74387406623362,173.14382265519245,174.91944885253906,9524000
2025-08-25,175.14385527414382,175.86580680839708,173.94382819611357,174.0609130859375,6229100
2025-08-26,173.70710234835255,174.11004745781355,172.74397805899144,173.4515838623047,9145000
2025-08-27,173.9233078663175,174.63091363627115,173.12725512414355,173.74639892578125,5951100
2025-08-28,173.33364882246966,173.4515931267191,171.62361386987305,172.4294891357422,6424700
2025-08-29,172.94051986330464,174.35573137148032,172.4294679306645,174.11985778808594,6942300
2025-09-02,174.4146983239466,176.1149106462827,173.84468173694643,174.99453735351562,9049000
2025-09-03,174.6112568259705,175.22057819566584,173.4908835031877,174.93557739257812,7111700
2025-09-04,174.93558453686083,175.82008430293442,174.493334653824,175.6824951171875,7854800
2025-09-05,174.93557956719528,176.41957824245722,173.5203679848044,175.35816955566406,9733800
2025-09-08,174.30659126581332,176.36060646744886,173.65795015074036,175.06333923339844,8382500
2025-09-09,174.9355715419111,175.02401851272893,173.4122531725237,173.91348266601562,6005700
2025-09-10,173.26485563285135,173.56951633226447,171.3287695795717,172.7636260986328,6891600
2025-09-11,172.7243150128704,175.7709518877805,172.60638571317708,175.42697143554688,5792500
2025-09-12,174.65057191045906,175.72180299819078,173.6776102367026,174.99453735351562,7220200
2025-09-15,174.6996890918819,175.90852428276543,173.88397652262117,174.34588623046875,4768100
2025-09-16,174.51299492702006,174.5621221393924,172.6260360952719,173.42210388183594,7959300
2025-09-17,173.66779837849663,175.43679789881932,173.5498540800044,174.14935302734375,6714900
2025-09-18,173.5596932002785,173.9724607587581,170.87668157601635,171.1616973876953,8200900
2025-09-19,171.6825772149866,174.11005542992743,170.34599008042846,173.15675354003906,25621000
2025-09-22,173.0584546641959,173.5989889374499,171.12236871932896,171.21083068847656,7193900
2025-09-23,171.87911622148897,173.92330901529326,171.82015157295257,173.54002380371094,8350400
2025-09-24,173.1076132585804,173.90366608360205,172.71450556595894,173.6481475830078,6676800
2025-09-25,174.14935263823506,175.32869064784728,172.8815676520236,174.67022705078125,8475000
2025-09-26,175.52524370855838,176.81268846148026,174.2672812785206,176.6161346435547,8634400
2025-09-29,176.73406344614986,178.73893637719632,176.70458112334734,178.4932403564453,8597100
2025-09-30,178.57187086847907,182.78802312370823,177.95272707277698,182.2278289794922,11569000
2025-10-01,182.79785791373442,183.34821465646485,180.7438425717239,182.8470001220703,13063800
2025-10-02,181.019021152065,183.3776971939459,180.92073673527972,182.7781982421875,7728100
2025-10-03,183.83960944789652,186.51278366279104,183.69219781682014,185.3924102783203,8675100
2025-10-06,184.7634204923522,186.6503642638064,184.14426167812178,184.92066955566406,5806100
2025-10-07,180.60624213956396,185.97223504313797,179.7905295194919,185.63809204101562,8776800
2025-10-08,185.61844144726052,186.9452060756144,185.0287799427337,186.42433166503906,5751200
2025-10-09,186.7289813736248,188.79283400829777,186.46362546434503,187.79039001464844,7484800
2025-10-10,188.7043847234836,188.76336437091723,186.5815822948636,187.4365997314453,9598000
2025-10-13,186.56190842005566,188.00660225384837,186.02137416317822,187.6134796142578,7979500
2025-10-14,189.59871697072126,191.05323331805099,182.6799231328508,187.56436157226562,13613300
2025-10-15,188.18352118721785,190.2375516361476,186.0410587522667,187.8788604736328,9473000
2025-10-16,188.04591430941218,189.72648179210694,187.1515771402817,188.81248474121094,10611800
2025-10-17,189.18594889971985,190.2670174632995,188.38005869848845,189.8935546875,7764400
2025-10-20,190.16871977405776,191.13184397504045,189.01886419821113,190.3849334716797,8034700
2025-10-21,189.68715019476815,190.2178619966558,188.46850753106088,188.5766143798828,6716000
2025-10-22,188.6945733628713,190.119607506236,188.47835963120522,189.61839294433594,6343100
2025-10-23,189.24491059611512,190.6601221495905,188.24246657972077,189.15646362304688,8882500
2025-10-24,188.89111534343255,188.99922220247353,186.158976537956,187.12210083007812,6903400
2025-10-27,186.71915829526654,187.51521102429962,186.26707100677734,187.02381896972656,7126000
2025-10-28,186.00172668504106,186.2474227276328,183.40717707511635,183.7118377685547,8329500
2025-10-29,183.4857968826683,183.87891953834813,181.48092382503702,183.3875274658203,10551100
2025-10-30,183.85924801939953,186.1196544091771,183.69217652484616,185.7953338623047,7072500
2025-10-31,184.23272445795735,186.23759753765293,183.54476355197036,185.61843872070312,8791700
2025-11-03,185.7462092852839,185.77569161087956,182.32612455131903,183.05337524414062,7542600
2025-11-04,183.6135688219617,184.58653055172488,182.4243933744734,183.64305114746094,7209400
2025-11-05,183.42683281749487,184.59634835321097,182.2081750751503,182.7978515625,5049400
2025-11-06,183.5447683915115,184.29169396716964,182.17869897867467,183.75115966796875,6767400
2025-11-07,184.50791850471418,185.10741749059588,182.50303025851102,183.35806274414062,6959200
2025-11-10,182.79786822386598,185.17620427972008,181.93301329588363,185.1663818359375,5323800
2025-11-11,186.1294931418327,190.58150422711145,185.79535012348111,190.49305725097656,7465600
2025-11-12,190.0311447751098,192.18344447353272,189.74614396849537,191.0434112548828,8803000
2025-11-13,190.86652189255162,192.62569897367158,190.11959631943768,191.88861083984375,8631600
2025-11-14,191.64291792168322,193.78538026750178,190.2178838389208,192.55690002441406,8824800
2025-11-17,193.56916860880608,196.8320041184873,192.5274048355465,196.14405822753906,13257000
2025-11-18,195.58387723766617,196.85167724696106,195.11214502299904,196.5568389892578,12468600
2025-11-19,196.55683769104098,199.97692246795802,195.94751629294967,199.02362060546875,14690800
2025-11-20,198.52238842306767,200.98917111824514,198.09979845771855,199.573974609375,10612600
2025-11-21,200.44865859984768,203.3773511207127,199.49535679003293,200.38967895507812,13189100
2025-11-24,200.20297413908787,202.57147264227206,199.50519076522252,202.502685546875,14803900
2025-11-25,202.92794482022794,205.44007432722765,202.92794482022794,204.40159606933594,10275300
2025-11-26,204.22358194574548,205.52908584700302,203.6796156988426,205.28182983398438,6729000
2025-11-28,204.72798848496785,205.18294621066644,202.38400619964904,204.64886474609375,5638300
2025-12-01,204.23346843115957,205.42029428513683,203.08619689941406,203.08619689941406,8473700
2025-12-02,202.98731188517345,203.3532459732576,200.870800913071,203.1653289794922,8393600
2025-12-03,203.64004506291835,204.7477622566812,202.74004465032948,203.07630920410156,8363300
2025-12-04,202.34442494855622,202.6114656652222,199.49604597225286,200.25758361816406,9049900
2025-12-05,200.7521013377821,201.21694385760424,198.6059209186059,199.713623046875,7785300
2025-12-08,200.4356216823513,201.02902706966685,198.78395329612633,199.4070281982422,7785700
2025-12-09,200.69276157197945,203.28399979452115,197.7158045675227,197.7652587890625,7509400
2025-12-10,198.38833529328133,204.53018143025886,197.98283180120782,204.2730255126953,11599800
2025-12-11,205.61809939160463,208.9214512752855,205.54887555375637,207.70494079589844,9009000
2025-12-12,207.9719714336103,209.94013468251453,206.66646756392336,209.25770568847656,6922700
2025-12-15,208.04122593814026,212.82809897096232,206.71592217177204,211.8192901611328,8467000
2025-12-16,211.65115682105406,212.37314018651233,206.51811934148523,207.00274658203125,9949800
2025-12-17,207.09175353970042,209.1983796799915,206.17196838010346,208.0214385986328,8457600
2025-12-18,207.4972566705998,208.7434215885478,205.47963908004408,206.0236053466797,7499900
2025-12-19,205.2818299532778,206.94339820920948,203.76862436002912,204.10488891601562,24803900
2025-12-22,203.86753830110726,205.79613223753498,203.24444830191146,205.0444793701172,8187800
2025-12-23,202.76972468229533,204.263145636555,201.0488173198817,203.52137756347656,7047300
2025-12-24,203.73895852778904,205.65766763921368,203.31368542129266,205.49942016601562,2376500
2025-12-26,205.25215052295067,205.75654733256223,204.44115868643942,205.35105895996094,2316700
2025-12-29,205.71700283150668,207.17086939536102,205.10381274843945,205.28182983398438,4348900
2025-12-30,205.23236714396373,205.41039931347132,204.25324303125262,204.6389617919922,3937400
2025-12-31,204.6389735094918,205.2224940876339,204.1048920616966,204.67852783203125,4083800
2026-01-02,204.54996091774888,205.11369677781147,201.44441091836137,205.0741424560547,6325500
2026-01-05,203.61038001401067,203.6796189425871,198.70482908872975,202.0675048828125,9477000
2026-01-06,202.3543344281176,204.4411758573138,201.87959200016542,202.542236328125,8107900
2026-01-07,203.00708135778572,205.9741536581461,202.7796100403249,205.21261596679688,7545900
2026-01-08,204.6587403592623,206.68624268930276,202.72026166352438,203.49169921875,6557800
2026-01-09,203.6499578336023,204.43128023925763,201.77080297238516,202.14663696289062,6154300
2026-01-12,203.29389293263304,207.59613841994204,201.6125550953637,207.41812133789062,11794300
2026-01-13,207.6060372129626,212.0368606301377,206.56755896593322,211.3049774169922,11379600
2026-01-14,212.37313538945378,216.45780964823578,211.7994996150229,216.15121459960938,11858800
2026-01-15,215.83471521828713,217.33803600690493,213.5401872590057,217.16001892089844,8492100
2026-01-16,216.63582865534352,217.6940916687404,215.74571301652978,216.260009765625,10021500
2026-01-20,214.70723940497442,216.32923833406923,212.14567059407463,215.81495666503906,14057100
2026-01-21,208.68408811532706,216.2797860692503,208.18957605818176,215.6171417236328,14762900
2026-01-22,216.3687986995512,219.731474480514,215.7061543876507,216.0918731689453,13160000
2026-01-23,217.38749032599776,218.78201786558222,215.44899653785455,217.7237548828125,6950600
2026-01-26,217.79299511138254,219.59301105490832,217.58529341839787,219.05894470214844,6856700
2026-01-27,219.56334137834915,223.0249255892691,218.27760708174557,221.9765625,8154100
2026-01-28,223.91504676014566,226.0612423044947,223.5985669004937,225.22056579589844,9026500
2026-01-29,226.29859362973275,227.47553468029685,224.58758622487807,224.79527282714844,9645300
2026-01-30,225.7546309332309,225.9920021451608,222.8567976243886,224.75572204589844,11045500
2026-02-02,225.8139792081263,228.65247341332187,224.75571622672862,228.21730041503906,8187500
2026-02-03,228.95907459996246,232.61846067897852,227.9502658124434,230.54151916503906,9346600
2026-02-04,232.42065065293195,233.2415424215143,230.3832635341583,231.89646911621094,8641400
2026-02-05,232.4206527224898,236.95038470140014,232.41076791481981,235.18002319335938,10267500
2026-02-06,236.3372023941143,238.29546586018128,235.36794792342116,237.35589599609375,8274000
2026-02-09,237.61303555143124,238.09766278417874,234.43826161002661,236.0207061767578,9378500
2026-02-10,237.3459856469766,237.86028237497558,235.26904421116984,235.73388671875,6723300
2026-02-11,236.7130182930035,238.61194270447737,234.79430917447928,238.21633911132812,6803900
2026-02-12,237.84050942813226,243.64609111049592,237.04928713623855,241.8658447265625,10254300
2026-02-13,241.90539516837612,242.26144443944952,239.9471317231273,240.7779083251953,13268500
2026-02-17,241.450447727279,241.80649699124882,239.21524370129245,240.6592254638672,12703000
2026-02-18,240.5702180251247,242.3801338676713,240.15482973047114,242.30101013183594,8129700
2026-02-19,241.93504723210512,244.24937487280008,241.58889788520008,244.19992065429688,7553900
2026-02-20,243.76475689710122,244.170260376332,237.6426956610537,239.8284454345703,13565800
2026-02-23,240.95592795431625,244.10101710886994,239.93723441623308,243.14166259765625,9622700
2026-02-24,243.94705977412517,245.83618923451164,243.14167872556501,244.87173461914062,7246300
2026-02-25,243.4598567160501,245.83618975331572,242.32637600311875,243.76808166503906,7698200
2026-02-26,243.70842620154187,244.0663682763732,240.6360989093031,242.0778045654297,7172600
2026-02-27,242.63459590951953,247.51652337921405,241.11334590987298,247.00942993164062,16428600
2026-03-02,247.76508953624906,250.27068397455253,245.45834842794568,247.13868713378906,9042400
2026-03-03,245.0506999866165,246.46257832712044,242.96270213047706,245.3390350341797,6178700
2026-03-04,244.34476266176227,245.1600810545075,241.78945104558642,243.8973388671875,5768000
2026-03-05,241.24261118820294,241.61049061943945,234.58091062648668,238.259765625,9375400
2026-03-06,236.75838349957985,239.41311415382512,234.08376296078876,239.0253448486328,7179800
2026-03-09,239.49265390312758,242.6942425341329,238.66739818305737,241.20281982421875,7844000
2026-03-10,240.91449571542952,243.59905368087047,239.44296282285708,242.31643676757812,7214100
2026-03-11,241.4812160284302,242.2965343871637,239.97985597145382,241.6005401611328,6933200
2026-03-12,240.07928999023173,243.00246573676242,238.92591946160707,240.6559600830078,7710200
2026-03-13,242.81356702435843,244.1856656028509,240.11905664901153,240.13894653320312,6415300
2026-03-16,242.52521416415624,243.65869480615754,240.28808012034816,241.7993927001953,7571500
2026-03-17,242.1871663459089,242.7439617349266,235.86353339492615,236.74844360351562,7281800
2026-03-18,236.50980988406457,237.74272479331552,234.07382247775118,235.92318725585938,6811500
2026-03-19,236.97712235314108,237.8918597954365,234.9587314976836,236.24136352539062,7511500
2026-03-20,235.47576703036307,236.92741000247076,233.1590885516746,234.02410888671875,17156600
2026-03-23,236.04249575836326,236.94729584714173,232.9105141237134,234.07382202148438,7313700
2026-03-24,232.8011393317389,234.65050408093313,230.9120099861425,233.9246826171875,9046200
2026-03-25,235.44593740287846,240.07929431329362,234.38204857588565,238.5580291748047,6456400
2026-03-26,238.62764275887116,240.26820173422362,237.5637539025668,237.8719940185547,5171400
2026-03-27,239.8108319839459,241.2923021698431,237.7626138844777,239.07505798339844,7617600
2026-03-30,242.09769065335334,242.8135747917876,239.13471984701397,241.10340881347656,7241300
2026-03-31,241.6204206888047,243.92716180378,241.2624786251546,243.04225158691406,7554200
2026-04-01,244.1956233482748,245.78646517225613,242.34625853888824,242.7240753173828,6314600
2026-04-02,243.70842400047428,245.7964219467219,240.48694535608743,241.65025329589844,6878700
2026-04-06,241.26247293527413,242.12750841875737,239.12477313181626,239.5920867919922,4442400
2026-04-07,239.4031807823271,239.4031807823271,234.66045214638598,237.04673767089844,6241100
2026-04-08,235.28685476163636,239.95003903356442,232.56251704958862,239.9202117919922,8771100
2026-04-09,239.92020790715435,242.80361913705298,239.164544008795,239.93014526367188,6216500
2026-04-10,240.61620179277648,240.87470960567668,236.54959276728223,237.09645080566406,7354500
2026-04-13,236.35073374880298,237.02683809159646,233.83518683278206,236.59930419921875,7663600
2026-04-14,233.66616015209323,240.8051113590548,231.9162296473752,238.72706604003906,10318700
2026-04-15,238.56797895805093,239.0452299768987,235.3962175694789,237.30523681640625,6463500
2026-04-16,236.06238904969683,236.7782731773554,230.79269234336317,233.1988525390625,8668900
2026-04-17,233.01989048398582,234.19313576204675,230.71314935408492,232.84091186523438,8946300
2026-04-20,233.46731645339545,233.91474024714643,228.2175095512339,229.37088012695312,7810500
2026-04-21,228.03853688190875,228.3765890527153,223.41511740932572,224.8667755126953,11681200
2026-04-22,224.88665810207786,226.179227521564,222.50038776728556,224.80712890625,9003400
2026-04-23,225.95054827447007,230.06687448765834,225.73180505581692,229.3311004638672,7097600
2026-04-24,227.72036189515308,228.67487910891896,225.72186091736185,226.19911193847656,6067500
2026-04-27,224.47901697917217,226.60677952616038,223.0671385761741,224.0514678955078,7897800
2026-04-28,226.42780279148377,229.70893595019464,225.0755788606257,226.48745727539062,7179800
2026-04-29,224.2304350257485,227.4021963844683,223.57420539879897,226.0499725341797,7071100
2026-04-30,226.64654568129225,229.83819710946466,226.5073468285346,228.5356903076172,8157200
2026-05-01,227.75018650912293,228.4561332620675,225.72185831412563,225.89088439941406,6863600
2026-05-04,224.22049078306688,225.7715831872257,222.30153412698715,222.91798400878906,8215200
2026-05-05,224.10118043151417,225.23466110768987,223.61397687442042,224.26026916503906,5556700
2026-05-06,223.9619889745702,225.0457525608476,221.67513766216507,223.33558654785156,7982300
2026-05-07,223.49466434064516,223.49466434064516,219.36840089217355,221.23764038085938,7269700
2026-05-08,221.6651903038654,222.09272420205565,219.65673678916983,220.05445861816406,5550600
2026-05-11,220.05446192273791,222.003245813697,219.1098820469021,220.163818359375,6223200
2026-05-12,221.7248410111843,226.34824530446224,220.38255451492364,222.97763061523438,8632500
2026-05-13,224.52872968620946,229.4802489417275,224.15089773666944,229.1024169921875,7464500
2026-05-14,229.67910846360988,230.43475721152035,227.84963349190846,229.48025512695312,6974400
2026-05-15,229.4504169649123,230.81257818629632,225.14517491785094,225.41363525390625,12167000
2026-05-18,225.41363810532903,228.38653103757844,224.5684924896482,227.61099243164062,10141600
2026-05-19,227.6308781704825,229.52996005341413,226.73601544578764,228.684814453125,9677900
2026-05-20,230.36515581180683,230.67338074656544,227.8595613935984,228.0087127685547,7353800
2026-05-21,228.00871482343763,230.5640112181241,226.04997841934332,230.40492248535156,5239000
2026-05-22,231.667665991262,234.15337056198368,231.3892682930641,233.0,5462300
2026-05-26,233.0,233.24000549316406,229.0800018310547,230.17999267578125,6619600
2026-05-27,229.97999572753906,232.88999938964844,229.02000427246094,231.2899932861328,5835500
2026-05-28,230.02999877929688,231.8699951171875,229.72999572753906,230.8000030517578,7193400
2026-05-29,231.22999572753906,231.5,224.58999633789062,225.3300018310547,13897700
2026-06-01,223.1999969482422,224.44000244140625,220.83999633789062,223.50999450683594,8041000
2026-06-02,222.5800018310547,225.5,221.1699981689453,222.88999938964844,5669000
2026-06-03,222.4499969482422,224.92999267578125,222.0,223.24000549316406,6507200
2026-06-04,227.08999633789062,228.6699981689453,225.89999389648438,228.1699981689453,7274800
2026-06-05,230.0,235.22000122070312,229.0,232.77000427246094,8032100
