Datetime,Open,High,Low,Close,Volume
2013-11-27,26.359468753724588,26.507642909475887,26.309084849319007,26.386274337768555,44899056
2013-11-29,26.36269491175999,26.473390429765065,26.29543124825417,26.298906326293945,47664288
2013-12-02,26.396201748062822,26.46668889383393,26.079748306309405,26.172077178955078,54873072
2013-12-03,26.08446396014586,26.394464761705112,26.03656198546374,26.14179801940918,66976956
2013-12-04,26.09488568366308,26.407864023190513,26.060882131752162,26.2639102935791,47616336
2013-12-05,26.239584096168475,26.300642934429742,26.087936771126618,26.243061065673828,45302652
2013-12-06,26.55206985265286,26.557281523711858,26.311067427518402,26.554054260253906,57094848
2013-12-09,26.581850039820292,26.862811100820757,26.50813375115554,26.75931167602539,59244696
2013-12-10,26.709923281658103,27.111011963751093,26.697511748797616,26.921140670776367,74081844
2013-12-11,26.98914655453061,27.086441170286303,26.685600292694126,26.738218307495117,68403528
2013-12-12,26.794808289651158,26.87845230374004,26.53246353847827,26.556289672851562,63796140
2013-12-13,26.691308347681936,26.713395995161743,26.256711750468153,26.32868766784668,86409504
2013-12-16,26.408361060127582,26.673685237566087,26.358968419007635,26.631242752075195,64015920
2013-12-17,26.627272895194363,26.8243421618701,26.51707300980028,26.55380630493164,61366572
2013-12-18,26.603197867769925,26.928339940072252,26.285255657736446,26.923376083374023,88323588
2013-12-19,26.824590984248832,27.103072048867393,26.782646016510096,26.959861755371094,66561372
2013-12-20,27.01148797136982,27.330918978280362,27.004040294184215,27.31726837158203,130333536
2013-12-23,27.49646533046778,27.69403022043695,27.42895574834335,27.67665672302246,68795136
2013-12-24,27.67343019815319,27.680132539505777,27.50291869937912,27.595745086669922,29338632
2013-12-26,27.649604887368326,27.773455381695978,27.517563272826244,27.735233306884766,53458488
2013-12-27,27.798274830734208,27.805223094632463,27.623045403863653,27.758562088012695,62725212
2013-12-30,27.806714711751923,27.81068541864521,27.52575362113495,27.536672592163086,49394556
2013-12-31,27.60567085261378,27.823093050379505,27.45724701252557,27.815895080566406,54261684
2014-01-02,27.68559138397428,27.742429810058674,27.506888769367073,27.627513885498047,72783144
2014-01-03,27.674174290384133,27.72207626049636,27.424239206536182,27.425975799560547,66601332
2014-01-06,27.624785493188835,27.769980192333747,27.461717883310516,27.73175811767578,70701228
2014-01-07,27.922374064142595,28.286979164043593,27.82706574848501,28.26637840270996,102001896
2014-01-08,28.44359203895862,28.476354626927172,28.12813176948302,28.3252010345459,89610300
2014-01-09,28.38005513292329,28.399414931326877,27.93627611520823,28.052433013916016,83296620
2014-01-10,28.271842595227152,28.271842595227152,27.85412191867691,28.050945281982422,85654260
2014-01-13,27.958857828859596,28.466175664913848,27.728032838694432,27.872238159179688,96659244
2014-01-14,28.24379243953216,28.567693550033937,27.99906900571754,28.52798080444336,99204696
2014-01-15,28.617084513009857,28.66697278692995,28.38874142640008,28.508621215820312,77929992
2014-01-16,28.520534061288114,28.739692868872094,28.49323285016485,28.69725227355957,67288644
2014-01-17,28.7128892712167,28.8067088152328,28.39891964645824,28.556028366088867,107943948
2014-01-21,28.81415161489986,28.89034983732926,28.575137389291367,28.882904052734375,79116804
2014-01-22,28.955129616814236,28.986899054372177,28.762776398416808,28.915666580200195,62793144
2014-01-23,28.791070470513272,28.852870860248355,28.651333374521617,28.79355239868164,77886036
2014-01-24,28.567939314629413,28.63098256069171,27.87273458175133,27.893335342407227,155544300
2014-01-27,27.949680815307655,27.959608529687056,26.86182427150538,27.332408905029297,173969856
2014-01-28,27.558019282727127,27.94099103868417,27.548587198402828,27.872983932495117,88319592
2014-01-29,27.776433717608707,27.841709187075764,27.287482503525638,27.473630905151367,95100804
2014-01-30,28.418774490730804,28.604675089999805,27.978220848645538,28.180253982543945,203452344
2014-01-31,29.072778001011706,29.449792765708168,28.570919588129396,29.311546325683594,222429348
2014-02-03,29.267613244519072,29.330158971987423,28.096362539181502,28.131607055664062,182581236
2014-02-04,28.244783951005825,28.666970913736712,28.22046218944513,28.249004364013672,112363524
2014-02-05,28.378564144251296,28.56198280237472,27.997330887572723,28.374095916748047,95684220
2014-02-06,28.57091841405711,28.795042973467673,28.48206273168776,28.79007911682129,77786136
2014-02-07,28.980447893950743,29.235346850813443,28.80497064331034,29.22393035888672,105342552
2014-02-10,29.083945351349378,29.347037319264352,29.01494698759337,29.11199378967285,77730192
2014-02-11,29.291686230019188,29.58207748462648,29.094119462062828,29.540132522583008,81949968
2014-02-12,29.51084815607859,29.535667439016507,29.32172030163621,29.453514099121094,68911020
2014-02-13,29.306084796147964,29.781387329101562,29.27903139811103,29.781387329101562,73382544
2014-02-14,29.674908223784914,29.892827968636112,29.605164522532505,29.853363037109375,87380532
2014-02-18,29.81886385698503,30.10330003951815,29.783867153250217,30.05390739440918,84271644
2014-02-19,29.915412239829898,30.012706856707286,29.72181615574576,29.84194564819336,84059856
2014-02-20,29.861801768963126,29.954875974832426,29.78932832531241,29.88587760925293,67963968
2014-02-21,29.977710047038343,30.028839283614346,29.854355183243467,29.877933502197266,74417508
2014-02-24,29.91690251472729,30.28423738299532,29.910449879115866,30.0943660736084,66905028
2014-02-25,30.179496111085502,30.391954476594762,30.042490638165525,30.28026580810547,57490452
2014-02-26,30.37954345669769,30.50066420419496,30.1253879493687,30.284482955932617,79208712
2014-02-27,30.240303410363175,30.38525218029641,30.206052044214488,30.260656356811523,50349600
2014-02-28,30.288705050668195,30.384261185705256,29.93824805898624,30.172300338745117,92451456
2014-03-03,29.951403320215288,29.97845671835288,29.588782605887832,29.85063362121582,84107808
2014-03-04,30.156164777879397,30.18098406092571,30.019656829411026,30.1539306640625,58649292
2014-03-05,30.157406299590125,30.356711577963228,30.067061837574855,30.237077713012695,49362588
2014-03-06,30.33685463660486,30.432908291705967,30.2455170237711,30.270586013793945,50673276
2014-03-07,30.449041998789877,30.453758041238846,30.067808704503566,30.150955200195312,60543396
2014-03-10,30.17329005759329,30.221689550599322,29.885378811255745,30.071033477783203,48535416
2014-03-11,30.12563697858967,30.13928758457125,29.700472435218664,29.783618927001953,68451480
2014-03-12,29.6945139067421,29.978702256282855,29.391463280972737,29.965051651000977,78493428
2014-03-13,29.981184711041866,30.044475773810227,29.405611923347188,29.51233673095703,93730176
2014-03-14,29.33685991389336,29.557261579921402,29.102064198677642,29.1087646484375,91664244
2014-03-17,29.268854186034964,29.71114439725928,29.24055793370612,29.58778953552246,86397516
2014-03-18,29.65157559796232,30.070039667263472,29.61161504030003,30.063337326049805,72527400
2014-03-19,30.076740724027186,30.081456766077153,29.645123561490276,29.76525115966797,64451484
2014-03-20,29.78262508423328,30.022386546769408,29.668702305090836,29.71337890625,67320612
2014-03-21,29.94048372090829,30.02288488301083,29.348280819157537,29.362924575805664,128211660
2014-03-24,29.391463698326827,29.409085010689118,28.442351249618213,28.73969268798828,121362516
2014-03-25,28.939987245955184,29.03529555502115,28.468411448537267,28.759300231933594,96311592
2014-03-26,28.84095995211805,29.078239499060746,28.083706939376704,28.09537124633789,103096800
2014-03-27,28.0675695127916,28.094622908189276,27.353998138442744,27.65630531311035,152735112
2014-03-28,27.77345788290646,28.12565338328072,27.742929404863727,27.802001953125,90265644
2014-03-31,28.05640418514767,28.17057478631819,27.620814389002888,27.662015914916992,77614308
2014-04-01,27.804980030362533,28.232626545466818,27.748639115841573,28.167848587036133,87152760
2014-04-02,28.341826712681634,28.413804512620068,27.897550273701867,28.173051834106445,83360556
2014-04-03,28.434491866498355,29.173881443588748,28.068517133122565,28.34076690673828,80366000
2014-04-04,28.690375016760676,28.748395767589045,27.001335741024032,27.039024353027344,107274000
2014-04-07,27.016210693453722,27.267137043127782,26.309055992891263,26.80991554260254,79232000
2014-04-08,27.029107001616843,27.76452775168279,27.011750527858407,27.64699935913086,69650000
2014-04-09,28.060085027475598,28.15728127948776,27.54137144455441,28.119592666625977,60632000
2014-04-10,28.167199741675528,28.17761362589624,27.0514215679072,27.11043357849121,65890000
2014-04-11,26.67651810723379,27.155063012936353,26.451379592781905,26.667593002319336,63494000
2014-04-14,26.96017631645483,27.42433854795398,26.80446179234138,27.036544799804688,50824000
2014-04-15,27.32416489211448,27.41789173470295,26.31451004489112,27.210107803344727,79956000
2014-04-16,27.65642030439549,27.968838704772022,27.428306122659958,27.963878631591797,91644000
2014-04-17,27.587987531038774,27.62170922076811,26.748921670157614,26.944307327270508,112294000
2014-04-21,26.977037590505887,26.977037590505887,26.48113617811948,26.747434616088867,48502000
2014-04-22,26.58031351703078,27.175395558217907,26.58031351703078,27.051420211791992,46622000
2014-04-23,26.96066912197943,27.01670546027223,26.190037996362804,26.655193328857422,39114000
2014-04-24,26.862482240537727,26.902650889463146,26.33236352406093,26.502954483032227,41348000
2014-04-25,26.394849126205006,26.474193275580106,25.91084849081727,25.940603256225586,47400000
2014-04-28,26.07449726885921,26.079455450647572,25.340561511073155,25.93465232849121,75056000
2014-04-29,25.979778598792976,26.6675943600227,25.935643025804282,26.5966796875,50704000
2014-04-30,26.536675306320323,26.597174200518037,26.237646454736083,26.52477264404297,40770000
2014-05-01,26.493527844523243,26.774208932071726,26.424597590785446,26.705774307250977,40086000
2014-05-02,26.85008684145745,26.897693710466534,26.444934717583457,26.474689483642578,35616000
2014-05-05,26.294673492869496,26.56642761126412,26.16276430296551,26.547088623046875,24568000
2014-05-06,26.451874992501995,26.508408853895983,25.898946019878665,25.914318084716797,36700000
2014-05-07,25.948041638970604,26.006558020444572,25.34502572155836,25.687692642211914,61486000
2014-05-08,25.574625472892016,26.15135978115987,25.51214217093092,25.79530143737793,49040000
2014-05-09,25.719926130580514,26.15135980526697,25.503217089425334,26.115158081054688,45224000
2014-05-12,26.37401601987242,26.71668478529247,26.159291404789787,26.700815200805664,38968000
2014-05-13,26.75784526258338,26.97653680555984,26.674534198592347,26.85504150390625,40240000
2014-05-14,26.86893221178012,26.86893221178012,26.437002847036908,26.5014705657959,25618000
2014-05-15,26.438484484468837,26.481133166379244,26.050193253586233,26.239131927490234,36658000
2014-05-16,26.262936887331836,26.32442893145927,25.963908034462953,26.198471069335938,38154000
2014-05-19,26.22723219489297,26.74644137402414,26.067552648100254,26.720653533935547,39530000
2014-05-20,26.77867471410419,27.093571260332705,26.608581281083023,26.798015594482422,48506000
2014-05-21,26.922487669189362,27.262178920131863,26.88331027785561,27.259700775146484,31294000
2014-05-22,27.383675328172444,27.669314634404437,27.32416579941026,27.544841766357422,42994000
2014-05-23,27.677742784938552,28.018427159344938,27.481365889541436,27.958919525146484,53450000
2014-05-27,28.15628728284804,28.50788116455078,27.97627560419169,28.50788116455078,43716000
2014-05-28,28.493007029216344,28.646239623129492,28.263899690120823,28.288694381713867,31632000
2014-05-29,28.434489960386376,28.43895251291948,28.18951493262688,28.29414939880371,28222000
2014-05-30,28.34770803007009,28.394321747175567,28.057604276703344,28.348203659057617,37434000
2014-06-02,28.25397961361614,28.286710042111253,27.606828178676707,27.98569679260254,33210000
2014-06-03,27.81510710162253,27.889493061622144,27.40003677424054,27.498226165771484,40626000
2014-06-04,27.34995334901545,27.700060361821972,27.203165828030752,27.461034774780273,34582000
2014-06-05,27.627159915904006,28.01842681501308,27.525005491932912,28.014955520629883,35868000
2014-06-06,28.175135218826714,28.206872500197438,27.74965096503263,28.069507598876953,34804000
2014-06-09,28.105209832537383,28.36555880908541,28.029336983283695,28.302579879760742,30594000
2014-06-10,28.205877040781978,28.365558475985537,28.074463481640148,28.18207550048828,29676000
2014-06-11,28.064053567671802,28.215303656831026,27.952972130402504,28.142406463623047,22580000
2014-06-12,28.117607786614247,28.117607786614247,27.629144639193207,27.745681762695312,30930000
2014-06-13,27.77444080528949,27.802706787014703,27.459048670958566,27.787830352783203,27066000
2014-06-16,27.63410438805856,27.67080174191639,27.274576634561186,27.388633728027344,39436000
2014-06-17,27.391607470194874,27.46004209981176,27.149112492825086,27.305320739746094,29552000
2014-06-18,27.413425492906295,27.839900948339118,27.352926603868678,27.803205490112305,41212000
2014-06-19,27.827507318129268,28.018428520828685,27.60534257236536,28.017932891845703,52548000
2014-06-20,28.090335925682012,28.106203620826022,27.739237632484784,28.093807220458984,63212000
2014-06-23,27.986194549091568,28.486558472406276,27.944041494860723,28.4791202545166,34456000
2014-06-24,28.475648865902965,28.873856469875015,28.224722515772214,28.392337799072266,56886000
2014-06-25,28.442421540057406,29.12428589241922,28.42804073393099,29.056346893310547,42294000
2014-06-26,29.223467955513314,29.238344391300632,28.74244302011149,28.998825073242188,40248000
2014-06-27,29.032544283429452,29.15304832933475,28.892205620778462,29.04444694519043,40426000
2014-06-30,29.097507261059505,29.144618495142275,28.9254294303052,28.993864059448242,29578000
2014-07-01,29.141645724991374,29.4396833316378,29.07420423875819,29.33207130432129,32864000
2014-07-02,29.370258267326857,29.463983226789644,29.214048109841762,29.296863555908203,23916000
2014-07-03,29.342484554988346,29.46893994005212,29.208592843407516,29.410919189453125,17978000
2014-07-07,29.43224346250845,29.538364813452798,29.156024897530394,29.295869827270508,26734000
2014-07-08,29.078169550976927,29.15751369561005,28.464739789908997,28.68293571472168,42504000
2014-07-09,28.7102101210238,28.96559902459229,28.613509504948613,28.92890167236328,27456000
2014-07-10,28.415145532639865,29.022625790546694,28.37051433773942,28.76426124572754,28724000
2014-07-11,28.811868881914183,29.17040725278353,28.791041115146363,29.09205436706543,30232000
2014-07-14,29.28793806056393,29.499191411231383,29.094039291926368,29.469436645507812,39032000
2014-07-15,29.51357248992014,29.521010708490813,29.025604921175155,29.409929275512695,33476000
2014-07-16,29.599856694834475,29.605312396899635,29.270579347896867,29.28892707824707,28816000
2014-07-17,29.207105059278476,29.23338853018822,28.60607354851832,28.802946090698242,58706000
2014-07-18,29.90334752649718,30.08633487270341,29.30380295849071,30.007488250732422,97432000
2014-07-21,29.821027157103543,29.96037645184753,29.478855903095464,29.676721572875977,44758000
2014-07-22,29.739205559771634,30.1949382800524,29.717384643543838,29.93111801147461,37632000
2014-07-23,29.85574291418678,30.103693599397015,29.821028077880836,30.011455535888672,22120000
2014-07-24,30.028315503984437,30.19592889106958,29.80367073689565,29.90334701538086,27100000
2014-07-25,29.716887627046656,29.80366998380522,29.543322913529533,29.65886688232422,27200000
2014-07-28,29.642509267029144,29.808635795049852,29.386622807923064,29.705488204956055,27162000
2014-07-29,29.640026437594784,29.679201936292646,29.365792271568694,29.454063415527344,27332000
2014-07-30,29.5463018171636,29.67721975591195,29.392076073841675,29.527952194213867,24302000
2014-07-31,29.206609623176032,29.356868447715364,28.64723364560293,28.739967346191406,46190000
2014-08-01,28.690373064494167,28.932372414544947,28.281254062601416,28.444902420043945,44266000
2014-08-04,28.589208139302187,28.95171151312399,28.37845045181107,28.874847412109375,30388000
2014-08-05,28.73153518382445,28.772199461843147,28.28175187236579,28.42209243774414,32876000
2014-08-06,28.241581520488886,28.694834177211323,28.139920838381432,28.489036560058594,26456000
2014-08-07,28.566398398486506,28.678472971538625,28.23811230965383,28.356136322021484,23260000
2014-08-08,28.366552563994162,28.740463032854176,28.217782517891276,28.660125732421875,29866000
2014-08-11,28.71269024421877,28.746907560014517,28.52920537423355,28.625905990600586,24068000
2014-08-12,28.514328251048838,28.558959449197285,28.261915018304162,28.371509552001953,27890000
2014-08-13,28.5862364132808,29.066268226648177,28.52424873831707,28.988412857055664,37988000
2014-08-14,29.09403922935701,29.149084316213294,28.807904281847875,28.992876052856445,25458000
2014-08-15,29.134207889079885,29.23189977087218,28.799970444084114,28.946260452270508,34468000
2014-08-18,29.114369135250687,29.508611710211788,29.087094408416927,29.392074584960938,29320000
2014-08-19,29.53538823836638,29.645478401106047,29.47836064117843,29.61076545715332,20864000
2014-08-20,29.60283294241242,29.60481735003339,29.406951668886453,29.526464462280273,19346000
2014-08-21,29.50117508614196,29.518531559454463,29.31273202466788,29.378190994262695,22640000
2014-08-22,29.4203417551029,29.505637233515774,29.248263911319523,29.38414192199707,17544000
2014-08-25,29.494725168254462,29.534891921485016,29.221482283587783,29.28644561767578,25912000
2014-08-26,29.357363216879122,29.35984325355546,29.131727172175225,29.164953231811523,29434000
2014-08-27,29.149576943738666,29.22693856980229,28.806910057645243,28.911048889160156,27292000
2014-08-28,28.763272230224167,28.995850862737655,28.657148983389185,28.77815055847168,28116000
2014-08-29,28.87881497897447,28.906089704145096,28.674999875311805,28.879310607910156,24122000
2014-09-02,28.908572275574734,29.223470735596333,28.881299437941333,29.190244674682617,31660000
2014-09-03,29.343971441221726,29.48084070132436,29.084615619277187,29.234376907348633,31580000
2014-09-04,29.36380964199621,29.65490275925449,29.287936789821142,29.413894653320312,32616000
2014-09-05,29.512577912465716,29.67969567214582,29.43422502835408,29.643991470336914,35982000
2014-09-08,29.71143733131901,29.928642009231634,29.655894724710414,29.834915161132812,31984000
2014-09-09,29.76747215869957,29.78383737327986,29.281984665384265,29.355873107910156,31424000
2014-09-10,29.34446717815858,29.44265657128896,29.11635300495715,29.427778244018555,23202000
2014-09-11,29.258179712245948,29.354880324364593,29.061802822629286,29.31322479248047,30028000
2014-09-12,29.27752165732674,29.33157358992711,28.92493461859367,29.005271911621094,37030000
2014-09-15,28.873359819260102,28.95667088314293,28.61400400251624,28.84360694885254,30908000
2014-09-16,28.80939017650685,29.26561852066552,28.80939017650685,29.19767951965332,31592000
2014-09-17,29.23388340187718,29.559193841014647,29.11536375477926,29.42133331298828,34390000
2014-09-18,29.508609869067882,29.633080833434292,29.4079404438616,29.61870002746582,29890000
2014-09-19,29.728794032627935,30.02187156677246,29.64300292293764,30.02187156677246,83832000
2014-09-22,29.878055838973754,29.942523543077876,29.412900516638416,29.61870002746582,35644000
2014-09-23,29.5061323881529,29.587956570635523,29.27008246642625,29.31669807434082,28074000
2014-09-24,29.336040404344836,29.7595402531847,29.273059578478932,29.675731658935547,35160000
2014-09-25,29.6048188392191,29.658375147115503,28.99733847872853,29.02263069152832,33420000
2014-09-26,29.056349428153275,29.236858639032075,29.010231340394668,29.154043197631836,25782000
2014-09-29,28.85302739363316,29.223962145835717,28.84013536605181,29.14957618713379,22874000
2014-09-30,29.133708371239695,29.30776871413159,28.985433975115175,29.179330825805664,31430000
2014-10-01,29.099491618499908,29.19470534439833,28.664089154978516,28.74393081665039,28954000
2014-10-02,28.663100950503416,28.92295431690219,28.467219667703752,28.80592155456543,30726000
2014-10-03,28.965597170253428,29.17337919592928,28.93584240886069,29.072216033935547,24290000
2014-10-06,29.255700489576054,29.377197685997793,29.030066352260903,29.148090362548828,25722000
2014-10-07,29.005274290200713,29.052383637764162,28.46969985961914,28.46969985961914,30914000
2014-10-08,28.503916210512287,28.9948594218823,28.14934663888775,28.9477481842041,44158000
2014-10-09,28.84211966893014,28.88774212651552,28.218276023570677,28.306547164916992,48234000
2014-10-10,28.14091722667772,28.525735301043337,27.523023000035742,27.531949996948242,59574000
2014-10-13,27.52897354461477,27.814117216400895,26.99835921945719,27.01422691345215,55116000
2014-10-14,27.281517818037237,27.702537595023156,27.00182985520658,27.209611892700195,52198000
2014-10-15,26.88182241112267,26.97306732781607,26.204420558201,26.814876556396484,76720000
2014-10-16,26.134005815344846,26.827771055310926,26.032345113876563,26.625940322875977,76100000
2014-10-17,26.80099073362768,26.94976266965563,25.70802473979229,25.93415641784668,119930000
2014-10-20,25.8091880209573,26.439480560491823,25.744226570573385,26.400798797607422,54964000
2014-10-21,26.643293978982797,26.717678050802483,26.292691340830846,26.68098258972168,49190000
2014-10-22,26.83074458068952,27.312265165147103,26.79008030334629,26.912073135375977,59474000
2014-10-23,27.18927945488832,27.641542768563745,27.051418936695736,27.45557975769043,43026000
2014-10-24,27.521536826483743,27.52252808448404,27.034560524986265,27.220027923583984,43508000
2014-10-27,27.163495163002075,27.472937904364652,27.135724806088536,27.268625259399414,31934000
2014-10-28,27.35937618238006,27.73080470260028,27.295899730237203,27.717912673950195,34774000
2014-10-29,27.81263023924237,28.016942892227082,27.57112649372702,27.693614959716797,41066000
2014-10-30,27.68369687031512,27.8944545933443,27.380205446478897,27.78386878967285,32250000
2014-10-31,28.182076630843113,28.20340002719913,28.009005639961654,28.160751342773438,46810000
2014-11-03,27.945529116076376,28.12504516277656,27.851306648806492,27.957429885864258,30834000
2014-11-04,27.828005010957177,28.008016714240455,27.68617755104569,27.978261947631836,27726000
2014-11-05,28.107194202607097,28.11264801292191,27.48037490055596,27.569637298583984,32906000
2014-11-06,27.547319945256252,27.611787651210893,27.303336190583288,27.358381271362305,33014000
2014-11-07,27.55227797554185,27.55227797554185,27.242339651044404,27.364826202392578,31782000
2014-11-10,27.3935924295376,27.801718287274266,27.3549106699568,27.682703018188477,26090000
2014-11-11,27.69708487192117,27.894453033839273,27.584019037816113,27.834449768066406,21966000
2014-11-12,27.827506693286914,27.832464874719058,27.547321203673196,27.68369483947754,21882000
2014-11-13,27.810645959680972,27.811141588654785,27.477399793056545,27.593936920166016,30220000
2014-11-14,27.671297410927586,27.671297410927586,27.399047651517506,27.531949996948242,28502000
2014-11-17,27.531947545087686,27.531947545087686,26.998853215591307,27.107952117919922,33612000
2014-11-18,27.17192285395019,27.412930945165893,26.967116485168948,27.0023250579834,36440000
2014-11-19,27.01422591837934,27.186303751401503,26.738504882379964,27.135723114013672,30346000
2014-11-20,26.882316324306473,27.045467158530208,26.85305908270285,26.965131759643555,35016000
2014-11-21,27.3261496344454,27.3261496344454,27.026625156121387,27.07076072692871,50120000
2014-11-24,27.104483688535655,27.333589137585857,26.98447526163205,27.14961051940918,33076000
2014-11-25,27.13621915739558,27.39855064876524,27.121342721667677,27.236391067504883,38072000
2014-11-26,27.236390431153943,27.268623338382508,27.03802913141965,27.162004470825195,29604000
2014-11-28,27.125804833912934,27.25473835546113,27.000838235713577,27.228952407836914,24202000
2014-12-01,27.031087923498358,27.214572797225205,26.710240046534942,26.76131820678711,39888000
2014-12-02,26.751400379011983,26.870417545174213,26.513863567385307,26.70875358581543,41480000
2014-12-03,26.654697621811795,26.84859447501234,26.541136167007977,26.628414154052734,32476000
2014-12-04,26.661643081731963,26.91207382068864,26.52526943880661,26.906618118286133,32598000
2014-12-05,26.61502587063573,26.689411833522012,26.1468967435891,26.187559127807617,61402000
2014-12-08,26.244090050442253,26.472204203235762,26.133999897058185,26.318971633911133,64566000
2014-12-09,26.0784631176768,26.61254875232942,25.955974656187696,26.585769653320312,43322000
2014-12-10,26.575353600875278,26.746935802070666,26.158300759459,26.185575485229492,46222000
2014-12-11,26.283270368080416,26.631888620553223,26.241119202227157,26.387409210205078,41426000
2014-12-12,26.155822241796514,26.39385467821332,25.859273427154648,25.861753463745117,47314000
2014-12-15,25.973331671630525,26.0531714496242,25.558758824174777,25.580577850341797,52352000
2014-12-16,25.469494153871885,25.567681654600698,24.65572059714176,24.70382308959961,86998000
2014-12-17,24.78812806391961,25.24485397664026,24.750935079596704,25.114927291870117,72788000
2014-12-18,25.588015773475384,25.600909694113355,25.120380361276435,25.520078659057617,77534000
2014-12-19,25.63760643212387,25.827040746638414,25.234438741091573,25.788856506347656,97442000
2014-12-22,25.817121541230527,26.430055662658674,25.816128391593942,26.39682960510254,66390000
2014-12-23,26.506426625485048,26.892733494629983,26.467251125004548,26.717679977416992,57544000
2014-12-24,26.720159282381697,26.79305647054489,26.535683143928384,26.626434326171875,14754000
2014-12-26,26.62643493061756,26.939844608134162,26.555024627816447,26.854053497314453,22270000
2014-12-29,26.803469687418925,26.973565013946356,26.637838805157305,26.64527702331543,44300000
2014-12-30,26.528741390283905,26.671561997143076,26.46179553137189,26.54461097717285,20972000
2014-12-31,26.666596591367043,26.699327016620167,26.29268808750441,26.315500259399414,24648000
2015-01-02,26.411706170235586,26.570396349230737,26.17764066273826,26.26045799255371,26480000
2015-01-05,26.1414384936347,26.183094023442695,25.675291927892772,25.760089874267578,41182000
2015-01-06,25.811667839004635,25.846876415134567,25.07029576570784,25.12434959411621,54456000
2015-01-07,25.33808262798601,25.364859835605216,24.976074833139705,25.050458908081055,46918000
2015-01-08,24.869948193443566,25.166992607128865,24.54810719977949,25.13773536682129,73054000
2015-01-09,25.200713971275817,25.221541736159896,24.72812044660414,24.83077049255371,42000000
2015-01-12,24.757382501912144,24.80895629523444,24.34429652631825,24.649276733398438,57138000
2015-01-13,24.922514988303167,25.22154383043746,24.659192240158898,24.88433074951172,60958000
2015-01-14,24.815897018606716,25.204683901204348,24.70382433468335,25.08913803100586,52800000
2015-01-15,25.235926371151862,25.278573165229815,24.894746343387073,24.993927001953125,51068000
2015-01-16,24.951278328926936,25.33312263498767,24.94830266324565,25.313783645629883,49658000
2015-01-20,25.428334942620978,25.569171129443106,25.259728399950568,25.287994384765625,46796000
2015-01-21,25.33262663942792,25.87861493705752,25.270638965153605,25.80621337890625,46356000
2015-01-22,25.935641982816453,26.721149592800394,25.88159004863909,26.6447811126709,56068000
2015-01-23,26.6809813562442,27.04695604247036,26.567915529254652,26.87537384033203,45966000
2015-01-26,26.853061388067903,26.853061388067903,26.385425977502006,26.61602020263672,30932000
2015-01-27,26.3521995975943,26.420634231646282,25.829519108082973,25.845884323120117,39148000
2015-01-28,26.03482419659876,26.069041515183972,25.40750921148825,25.411476135253906,35822000
2015-01-29,25.434783771142534,25.548345239425768,24.96764397707178,25.451148986816406,79018000
2015-01-30,25.737282057374063,26.932404292585282,25.69661778151271,26.65717887878418,121108000
2015-02-02,26.497000586216952,26.605108230868467,25.872165716474527,26.391870498657227,75378000
2015-02-03,26.27979664583379,26.652218298064415,26.12457965499123,26.446420669555664,47062000
2015-02-04,26.438484572025626,26.617504992397134,26.03630816237833,26.089370727539062,33896000
2015-02-05,26.1801191178171,26.31698837213654,26.066557665389382,26.274341583251953,33176000
2015-02-06,26.332864203565517,26.789588266295457,26.215831429122602,26.475187301635742,42938000
2015-02-09,26.33533765344044,26.4751825813196,26.161277301678282,26.247068405151367,30314000
2015-02-10,26.38939139694253,26.828263275653615,26.241612622678073,26.78660774230957,47430000
2015-02-11,26.76528213922532,26.875372294473127,26.580310399240943,26.67949104309082,38306000
2015-02-12,26.761813224322232,27.192255630025567,26.629904034551185,27.076711654663086,48590000
2015-02-13,27.151096980535073,27.400536456486503,27.105970150369355,27.332101821899414,47382000
2015-02-17,27.33209883958527,27.423343747936165,26.940336326627193,27.027118682861328,39174000
2015-02-18,26.96810642191581,27.153078164938613,26.75635747473584,26.910085678100586,31164000
2015-02-19,26.901165453186415,27.11886577042631,26.815869969101037,27.098533630371094,30834000
2015-02-20,27.154565720873848,27.154565720873848,26.68445221162013,26.867935180664062,38234000
2015-02-23,26.729084878532156,26.743961314439,26.381953537568048,26.530723571777344,32906000
2015-02-24,26.359637627123586,26.748920140345838,26.33236289949478,26.711729049682617,28406000
2015-02-25,26.70131367413935,27.253251372623044,26.679988387179915,27.142169952392578,40836000
2015-02-26,27.06332338324558,27.77692508208699,27.031088581871714,27.73526954650879,54032000
2015-02-27,27.678735143283944,28.237617351493522,27.623194430262107,27.90089988708496,68328000
2015-03-02,28.117611613038402,28.563426138423793,27.92668850208504,28.515323638916016,50406000
2015-03-03,28.581272761688712,28.80442874196286,28.29117093318906,28.702274322509766,50526000
2015-03-04,28.612020966188823,28.843110810434542,28.391345005427517,28.67946434020996,37964000
2015-03-05,28.74343670388251,28.920968353841317,28.67450644227373,28.833194732666016,35918000
2015-03-06,28.86146076348798,28.900140632343085,28.368535047860103,28.41019058227539,37592000
2015-03-09,28.312002817833648,28.53664571758496,28.21926911800199,28.46969985961914,23478000
2015-03-10,28.1909990683199,28.254475514116713,27.761547949397087,27.763036727905273,40080000
2015-03-11,27.76056066028267,27.977765341311013,27.542860350251907,27.556745529174805,40524000
2015-03-12,27.695098967604835,27.861721098304436,27.54880897428897,27.8284969329834,35602000
2015-03-13,27.732292666182627,27.986690312830884,27.290940746609365,27.4233455657959,35428000
2015-03-16,27.618232968221747,27.956437279393626,27.340031915465485,27.851802825927734,36856000
2015-03-17,27.685678262189203,27.802215392654798,27.493270170559015,27.651958465576172,28892000
2015-03-18,27.65790652474542,28.093309002192417,27.448140078719497,28.075952529907227,35324000
2015-03-19,27.994623849019984,28.11562352549206,27.875608580105705,27.952472686767578,24660000
2015-03-20,28.10322722392035,28.122566212036446,27.992641430387078,28.015947341918945,44320000
2015-03-23,28.068017239601534,28.248526445963858,27.92222287007759,28.036775588989258,30234000
2015-03-24,28.193977304775633,28.855509568803893,28.171660758825556,28.640289306640625,79156000
2015-03-25,28.641774453777348,28.765749792129892,28.11760711669922,28.11760711669922,53070000
2015-03-26,28.001071857479552,28.127031611706055,27.6866709384634,27.950984954833984,49842000
2015-03-27,27.861227604693646,27.97231092538727,27.618236978800084,27.648983001708984,34552000
2015-03-30,27.782877426269927,27.87759364275053,27.611295204391645,27.827011108398438,24788000
2015-03-31,27.668319264325994,27.89197087893446,27.506159689475478,27.507648468017578,34932000
2015-04-01,27.514098195679992,27.6960924051215,27.077704434444374,27.249286651611328,38902000
2015-04-02,27.146139535334154,27.1753967801162,26.800495058394315,26.843639373779297,47760000
2015-04-06,26.721149575441377,27.05340448591427,26.56543694970901,26.97455596923828,33718000
2015-04-07,27.026132706064068,27.282512901681653,26.95670680751052,27.019685745239258,27318000
2015-04-08,27.076214364887697,27.34896163497774,27.076214364887697,27.217050552368164,28386000
2015-04-09,27.23540168831244,27.243335535686125,26.875376406810727,27.176387786865234,32366000
2015-04-10,27.253251390894178,27.267136568432296,27.025632848374226,27.202173233032227,26104000
2015-04-13,27.12828571557167,27.436735297330877,27.091092733983057,27.20713233947754,29326000
2015-04-14,27.104482506404334,27.104482506404334,26.567421220305313,26.767765045166016,47206000
2015-04-15,26.67751281880942,26.93686866461666,26.40030297870069,26.830249786376953,46962000
2015-04-16,26.6968516486026,27.038031678584748,26.68445524852235,26.95323371887207,31722000
2015-04-17,26.645275047205896,26.76875475627133,26.23318227975601,26.41864776611328,49234000
2015-04-20,26.468737510531874,27.066299612000666,26.448901000306595,27.003318786621094,38508000
2015-04-21,27.091588085878954,27.163989640722676,26.888268599216065,26.923477172851562,29128000
2015-04-22,26.93041822698677,27.324163257933787,26.84413149919235,27.233909606933594,31806000
2015-04-23,27.294906521429535,27.828496482594353,27.278541307653953,27.644515991210938,78184000
2015-04-24,28.76475882163892,28.995353028947168,28.184553248660876,28.447877883911133,92168000
2015-04-27,28.403743761447362,28.54011550691454,27.884534573920153,28.0739688873291,48062000
2015-04-28,27.98470448811535,28.158766723954724,27.818082361538323,27.987184524536133,37178000
2015-04-29,27.7957670261414,28.060082925372953,27.720887326741288,27.839406967163086,33622000
2015-04-30,27.699064727414658,27.825520098702157,27.11191847957301,27.213577270507812,47240000
2015-05-01,27.299867020556977,27.335077487539767,26.969596510182956,27.332101821899414,36572000
2015-05-04,27.323670463790585,27.606334107447942,27.14514565901463,27.41541290283203,35260000
2015-05-05,27.28250887301028,27.404006069251963,26.896202043307127,26.929428100585938,28528000
2015-05-06,26.90959255894804,26.97356463930399,26.393854667726384,26.534690856933594,39034000
2015-05-07,26.575358154661167,27.036546643625876,26.45386283195528,26.879840850830078,31844000
2015-05-08,27.218540553162164,27.413428682728835,27.176885017324594,27.22250747680664,28226000
2015-05-11,27.199693024731946,27.441694263927836,27.056378697965574,27.065303802490234,21858000
2015-05-12,26.91802075916091,26.92546086857674,26.530722675982496,26.715694427490234,35282000
2015-05-13,26.801983669631728,26.96910144425895,26.728093331209017,26.753385543823242,24238000
2015-05-14,26.975549388907698,27.259206198424557,26.9026521975352,27.234905242919922,31736000
2015-05-15,27.2939165841016,27.304330467605634,26.90264967167524,27.100513458251953,33440000
2015-05-18,26.968109933796644,27.192257200243283,26.890252672404074,27.10944175720215,26706000
2015-05-19,27.175397977909448,27.44318520404442,27.13175992331358,27.238874435424805,47126000
2015-05-20,27.320195528871597,27.575584410452482,27.031580592387993,27.399044036865234,30840000
2015-05-21,27.284495138093554,27.651958633866258,27.239863936616246,27.612285614013672,34170000
2015-05-22,27.495746410979923,27.68319819974523,27.454090878301756,27.498722076416016,24266000
2015-05-26,27.402516869220108,27.439709849299344,26.92595639205407,27.13522720336914,37474000
2015-05-27,27.209117713257594,27.536908186762428,27.10497887448245,27.485334396362305,34844000
2015-05-28,27.46252212682138,27.560213998268125,27.31424772660707,27.481861114501953,23544000
2015-05-29,27.43326320064512,27.469960552190802,27.028608642586157,27.04249382019043,43446000
2015-06-01,27.21159581451539,27.302840726272397,26.95620691732995,27.23539924621582,33210000
2015-06-02,27.147129166513526,27.71047391919658,27.103489224742496,27.470457077026367,31842000
2015-06-03,27.527486477177284,27.670802711295863,27.381196469035018,27.536909103393555,26710000
2015-06-04,27.382680331868404,27.57013211891472,27.230934638014197,27.358381271362305,26866000
2015-06-05,27.3737568462272,27.439711442929994,27.144649513335406,27.25126838684082,24396000
2015-06-08,27.255233273514065,27.26812719284664,26.924962793990048,26.95124626159668,27336000
2015-06-09,26.948273174664187,27.018692217076097,26.72164587363136,26.88578987121582,30016000
2015-06-10,27.061339755940764,27.51161870475974,27.032082511080166,27.40351104736328,30316000
2015-06-11,27.497235788608503,27.514096631971313,27.233415517518978,27.276559829711914,25872000
2015-06-12,27.133241210035596,27.217543527688782,27.057863996383123,27.149110794067383,25468000
2015-06-15,26.91405300252423,26.979511964676494,26.739497031260527,26.92744255065918,27150000
2015-06-16,27.00084266492166,27.110435324944056,26.85653516354682,27.02018165588379,32526000
2015-06-17,27.047452099267378,27.193246464639486,26.8684316766305,27.105968475341797,24440000
2015-06-18,27.17539551704082,27.634103919778923,27.17539551704082,27.581043243408203,41192000
2015-06-19,27.597900172953118,27.666830425417505,27.38664686367556,27.647489547729492,59290000
2015-06-22,27.74121859022809,28.048676900115016,27.716422009150264,27.754606246948242,34752000
2015-06-23,27.760062395682265,28.013468778679943,27.62914446634922,27.938587188720703,31396000
2015-06-24,27.893462745900152,27.9013965932914,27.612285983657653,27.69956398010254,28924000
2015-06-25,27.78535273565518,27.926188919344042,27.64451655196632,27.66881561279297,26684000
2015-06-26,27.75609589450206,27.77047670128077,27.3663177660201,27.426321029663086,43676000
2015-06-29,27.113407381290678,27.319206906545624,26.790575100916495,26.840662002563477,37756000
2015-06-30,27.031089480051104,27.071258129999237,26.755864045325954,26.78066062927246,34510000
2015-07-01,26.960171969603095,27.066790830046603,26.766770755708695,26.942319869995117,30760000
2015-07-02,27.01373044889129,27.17539439967458,26.95570970169703,27.14266586303711,28124000
2015-07-06,26.89025337771514,27.204160576486395,26.882815159190336,27.057373046875,25614000
2015-07-07,27.14713038726974,27.32416641545881,26.77123741316802,27.276063919067383,33578000
2015-07-08,27.05637919589752,27.189279642021923,26.83818138427437,26.86297607421875,27662000
2015-07-09,27.207629108859532,27.219034249992017,27.007780920138345,27.009267807006836,29766000
2015-07-10,27.45855090626489,27.735265065819682,27.373752961842985,27.57756805419922,43436000
2015-07-13,27.74617937211934,28.407711658944137,27.706010723053176,28.352170944213867,41792000
2015-07-14,28.489536428466536,29.243802428883303,28.473171212765315,28.969568252563477,74832000
2015-07-15,28.947748705350484,29.193219369597855,28.772695192681354,28.95865821838379,41466000
2015-07-16,29.233388479248838,29.97724059377571,29.155035587373664,29.842355728149414,112642000
2015-07-17,33.72129819448271,34.8618730291378,33.62211941904652,34.69425582885742,257162000
2015-07-20,34.166617275261125,34.604000420067635,33.80907201914201,34.3580322265625,102436000
2015-07-21,33.96329094268302,34.990797837634226,33.92709111290519,34.48250198364258,75604000
2015-07-22,34.4165422149748,35.37412750366267,34.29752696240169,34.47010040283203,83100000
2015-07-23,34.30893546441238,34.51820817553252,33.304238793044426,33.45995330810547,76232000
2015-07-24,33.561116144605975,33.61169678007174,32.391284301881726,32.470130920410156,82622000
2015-07-27,32.31144664446251,33.08009533437121,32.31045538646763,32.64370346069336,58382000
2015-07-28,32.81677388534284,32.93281539367433,32.402696650191075,32.7126350402832,34364000
2015-07-29,32.84155968049941,32.89462224145807,32.37441997272285,32.80039978027344,36756000
2015-07-30,32.60254283352619,33.12869272868121,32.317397262340016,32.955623626708984,39606000
2015-07-31,32.96256796855076,32.977444405791424,32.59064190382379,32.60551834106445,34922000
2015-08-03,32.6134511700776,33.06025881949313,32.6134511700776,32.963558197021484,31348000
2015-08-04,32.9447068009055,33.12620913263566,32.754778777791365,32.79296112060547,26188000
2015-08-05,33.01463364676089,33.71683019917647,33.00620417058776,33.388545989990234,36448000
2015-08-06,33.42325750568146,33.46094422406888,32.76569029062574,33.23283004760742,40660000
2015-08-07,33.11530216930516,33.16588280837708,32.67345461645793,32.94719314575195,27544000
2015-08-10,33.081087525365255,33.30573232064785,32.74090063558093,32.88520812988281,34458000
2015-08-11,34.69226808978544,34.911457160933935,33.93552211583512,34.23207092285156,109880000
2015-08-12,34.43984803080831,34.51472961114356,33.74658049758928,34.29008865356445,58498000
2015-08-13,34.17752067623679,34.41704187957468,33.82939998119783,34.044124603271484,36354000
2015-08-14,33.921637223376614,34.32926745628415,33.865105253744765,34.185951232910156,27598000
2015-08-17,34.11999961520021,34.452252638028696,33.87304017850036,34.42101287841797,24680000
2015-08-18,34.270262093636326,34.50283696440737,33.98511649425122,34.15422058105469,27710000
2015-08-19,34.222649574438194,34.72301159549296,34.05850558850643,34.417537689208984,50194000
2015-08-20,34.17256697658716,34.52267021396411,33.48722937149362,33.69550704956055,57798000
2015-08-21,33.27696406965198,33.36870839688974,31.891416261520664,31.937536239624023,91880000
2015-08-24,29.7838375995172,31.126738628969118,29.41141404338392,30.65216064453125,129788000
2015-08-25,32.05854023191623,32.08481991953804,30.332801649332946,30.372474670410156,71430000
2015-08-26,31.89141785393162,32.852476523564945,31.26013596134002,32.71659851074219,87740000
2015-08-27,33.32407380131135,33.42276071308658,32.28813741784781,33.12422561645508,58974000
2015-08-28,33.01512073152388,33.07661276060183,32.41954509986424,32.714111328125,38836000
2015-08-31,32.44881240251621,32.94818700633582,32.052589167728634,32.125484466552734,38936000
2015-09-01,31.43072650988023,31.957869555490344,30.996812790137227,31.219968795776367,51458000
2015-09-02,31.638503796051058,31.988608871412946,31.273520394743613,31.981170654296875,37630000
2015-09-03,32.130937667947364,32.29557728889015,31.430725541682214,31.591398239135742,34572000
2015-09-04,31.226913420750392,31.464945878378575,31.068225115664937,31.190216064453125,40478000
2015-09-08,31.787275088083895,31.987618896192036,31.38559621400263,31.930095672607422,39092000
2015-09-09,32.32681827475334,32.598570483555946,31.782315032428677,31.906789779663086,40978000
2015-09-10,31.931089185101307,32.47657994008775,31.82199027741857,32.287147521972656,27850000
2015-09-11,32.244006639395664,32.49691362825871,32.105151069903656,32.49641799926758,34892000
2015-09-14,32.512784880501904,32.527165687999634,32.20879405681656,32.3560791015625,29942000
2015-09-15,32.5663422242119,33.1683688110224,32.39922443807292,32.980918884277344,35546000
2015-09-16,33.004717935568486,33.129684543960956,32.83859142004004,33.003231048583984,26252000
2015-09-17,33.10092204842332,33.81997754826942,32.977442330298594,33.30820846557617,47752000
2015-09-18,32.98041608447303,33.2174591575203,32.7309785034644,32.775115966796875,72544000
2015-09-21,33.00273108634691,33.17580016850662,32.63030945504248,33.075626373291016,39094000
2015-09-22,32.604027613716674,32.67097535684172,31.987124685911564,32.392276763916016,54362000
2015-09-23,32.37739908095618,32.74337375689388,32.269787067147824,32.3967399597168,29160000
2015-09-24,32.18251117603219,32.56931361997211,31.845298109931004,32.477073669433594,38692000
2015-09-25,32.659074123106286,32.659074123106286,31.72082766241659,31.745126724243164,48480000
2015-09-28,31.69057789235324,31.879022842956157,30.638771840615803,30.95664405822754,47646000
2015-09-29,31.018630953456583,31.47386805727541,30.648193696937074,30.875316619873047,42130000
2015-09-30,31.332539258884072,31.703474071835064,31.199638796077018,31.6568603515625,52954000
2015-10-01,31.635535091283668,31.928118901454877,31.297330710553393,31.836870193481445,42506000
2015-10-02,31.638999162693374,32.58071489770734,31.415347563585488,32.58021926879883,48788000
2015-10-05,32.808834194265174,33.375648301219435,32.524679913967475,33.30870056152344,37960000
2015-10-06,33.19315738145942,33.66178403029545,32.8822277636184,33.30672073364258,42774000
2015-10-07,33.5923611947688,33.65881331694059,32.635766930041534,33.22539520263672,44354000
2015-10-08,33.198115386125764,33.31911694873325,32.45624588445839,33.07661819458008,39308000
2015-10-09,33.100917498068654,33.428210402054624,32.84651987863882,33.28688049316406,32124000
2015-10-12,33.18522220552426,33.62111840780781,33.08852159244433,33.544254302978516,26684000
2015-10-13,33.4366504859315,34.140829596415884,33.37961909839299,33.87849807739258,42446000
2015-10-14,33.90626636458576,34.21917850798546,33.6667451451537,33.74162673950195,31292000
2015-10-15,33.98164303164574,34.423490588881315,33.93899623911965,34.36695861816406,47156000
2015-10-16,34.484983066996705,34.52564734412958,34.17256655376191,34.481014251708984,36316000
2015-10-19,34.41555893306463,34.72500168821004,34.32679215609925,34.71062088012695,30172000
2015-10-20,34.60846271312809,34.61391841535207,33.40788284910291,33.72129440307617,52434000
2015-10-21,33.880474331511955,33.964281020637365,33.260102040302456,33.31465148925781,31952000
2015-10-22,33.495160778379436,34.12049317943638,33.30969339758653,33.77782440185547,88632000
2015-10-23,37.19557677269566,37.31657834222597,35.60274256042105,35.67167282104492,126726000
2015-10-26,35.70589297080628,36.44627568678156,35.70589297080628,36.256343841552734,48776000
2015-10-27,36.030706464907304,36.4963593573802,35.9102043026409,36.34064483642578,38778000
2015-10-28,36.34957569104113,36.56628285661725,36.06542136179441,36.543968200683594,39604000
2015-10-29,36.52958366715749,37.03341888468649,36.45668459176194,36.93721389770508,36520000
2015-10-30,36.97242814892143,37.0096192440627,36.52462920296716,36.56727600097656,39984000
2015-11-02,36.4254430052311,37.102347282876416,36.272702273183576,37.080528259277344,39914000
2015-11-03,36.96597381216498,37.276903412475235,36.754222968060866,37.13408660888672,36306000
2015-11-04,37.18764216868517,37.68354353190753,37.15292922459669,37.45592498779297,41840000
2015-11-05,37.62949693635786,38.00340932985121,37.563048592583016,37.721736907958984,45486000
2015-11-06,37.65825823986574,37.83826993515519,37.44204292717733,37.767852783203125,33544000
2015-11-09,37.61511265746209,37.85215574227227,37.14847227321365,37.42914962768555,35538000
2015-11-10,37.365171745931285,37.718252480317275,37.113751688258986,37.602210998535156,29798000
2015-11-11,37.806531377119946,38.1387844155206,37.676109063474144,37.948856353759766,41866000
2015-11-12,37.69742902616258,37.97612762255128,37.48320002892764,37.51642608642578,35452000
2015-11-13,37.39294438825416,37.45691457162377,36.670415771122535,36.700172424316406,48188000
2015-11-16,36.70711892593055,37.27740250220077,36.4155263941077,37.21343231201172,50704000
2015-11-17,37.3150966806788,37.438080783297195,36.89754624330496,36.993255615234375,38864000
2015-11-18,37.171282551527526,37.74305681978294,37.06317489340695,37.689002990722656,36266000
2015-11-19,37.67759398567718,37.84868056944109,37.55114049409953,37.68553161621094,28078000
2015-11-20,38.14969747743551,38.64659016960035,37.891830396406384,38.53153991699219,55478000
2015-11-23,38.55484109549322,38.8241151515043,38.35846232466683,38.51665496826172,34648000
2015-11-24,38.3311928411181,38.48145165914476,37.594778970833715,38.16605758666992,47880000
2015-11-25,38.268211045561536,38.33317627208229,38.01232652134756,38.147708892822266,23612000
2015-11-27,38.142749457401536,38.38276629242169,38.03563306790784,38.28209686279297,14434000
2015-11-30,38.27714112273493,38.43384690963323,37.7440486099861,37.82984161376953,33586000
2015-12-01,38.03266294813621,38.928260775611164,37.98356919271066,38.868255615234375,40398000
2015-12-02,38.94065444844514,39.32745689791467,38.50326757910973,38.57368850708008,46876000
2015-12-03,38.7080803524573,38.902472857762696,37.810004381712915,38.09514617919922,41950000
2015-12-04,38.17002376326418,38.800312452228674,37.961746100906474,38.64112854003906,49800000
2015-12-07,38.6832824278646,38.729898036561686,38.02175015120801,38.33268356323242,36626000
2015-12-08,37.91165997198597,38.61336089691655,37.81347246475396,38.439300537109375,31082000
2015-12-09,38.23895399053182,38.48640904040247,37.29227621033942,37.81495666503906,46550000
2015-12-10,37.86652972777277,37.98951380078681,37.44054991590039,37.69048309326172,32458000
2015-12-11,37.1430151615623,37.56155681578896,37.125656796729835,37.21343231201172,43184000
2015-12-14,37.25509236089599,37.894310061521836,36.51124017989402,37.81446838378906,53864000
2015-12-15,38.07481268341187,38.41995962886247,37.58932706644658,37.692970275878906,49386000
2015-12-16,38.01430735997485,38.75468995750433,37.54221134881579,38.511199951171875,53120000
2015-12-17,38.73782986935756,38.75915326493866,38.149692330947715,38.17597579956055,36510000
2015-12-18,38.04704573208433,38.3897145632784,37.519405120109674,37.53229904174805,67794000
2015-12-21,37.83976081744702,38.00340920623527,37.3984088235111,37.72818374633789,34848000
2015-12-22,37.90025437574304,38.20126383905244,37.74801305103078,38.04207992553711,36338000
2015-12-23,38.218627070064294,38.27863223215675,37.571971187686074,38.11051940917969,30594000
2015-12-24,38.11101171760498,38.14473340506595,37.906207231389665,37.978111267089844,10412000
2015-12-28,38.184406654224105,38.820151079785774,38.071838341300904,38.79138946533203,31156000
2015-12-29,39.02694275079181,39.60715025993219,38.9877691434778,39.372589111328125,38430000
2015-12-30,39.37259583856282,39.496571208834155,39.03736519638475,39.19109344482422,28566000
2015-12-31,39.06809992202885,39.09339213243624,38.54740576237022,38.58162307739258,32752000
2016-01-04,37.79760152625233,37.79760152625233,37.07060845171725,37.66073226928711,67382000
2016-01-05,37.89182995234427,38.14473695670867,37.4727926400835,37.764381408691406,45216000
2016-01-06,37.210955341035884,37.972657666344276,37.09342694910747,37.65528106689453,48206000
2016-01-07,37.01853991923657,37.455922991439444,36.4626334310664,36.74628829956055,63132000
2016-01-08,37.083504854463264,37.19855509533496,36.14724280023346,36.24592971801758,47506000
2016-01-11,36.29749427156683,36.452713128714414,35.683073368650334,36.35303497314453,50896000
2016-01-12,36.73389495664945,37.110285453731414,36.519665943780325,36.96151351928711,46816000
2016-01-13,37.159867757495846,37.34137008828544,35.545214729520225,35.683570861816406,51728000
2016-01-14,35.9250820981259,36.691248873480134,34.96104962981701,36.26973342895508,55558000
2016-01-15,35.20849886076103,35.91119095575997,34.78797474408008,35.23329544067383,76676000
2016-01-19,35.712337622552276,35.97020845919307,35.201559805863795,35.65927505493164,48724000
2016-01-20,35.00567715077589,36.049551236863124,34.107105591540744,35.63349151611328,82440000
2016-01-21,35.71332696791137,36.58115433751783,35.264041218887336,36.03566360473633,51938000
2016-01-22,36.79588223031551,37.12119645318262,36.72150004733301,36.967464447021484,47146000
2016-01-25,36.88713048466049,37.31459724254527,36.32477697420802,36.38031768798828,45340000
2016-01-26,36.45916528243361,36.66992108776197,36.05054002440141,36.38874435424805,30940000
2016-01-27,36.492888449732405,36.492888449732405,35.38008780013358,35.584896087646484,42428000
2016-01-28,36.60693843599409,37.25012097365468,36.230548014955104,37.10829544067383,62104000
2016-01-29,37.141030202687276,37.94190984183688,36.904978400370666,37.75545120239258,75808000
2016-02-01,38.2468885694867,38.56079573905824,37.75693853330035,38.222591400146484,111522000
2016-02-02,39.696907806285125,40.18537097839742,38.71006131553536,38.72543716430664,135846000
2016-02-03,38.99173504007707,39.247123962189306,36.51123674531437,37.161861419677734,131114000
2016-02-04,36.92431488361528,36.95654967895893,35.83382916090233,36.2022819519043,104922000
2016-02-05,35.97765445603164,36.038151471340264,34.720046739235336,34.89956283569336,109556000
2016-02-08,34.10214485923391,34.93724562533521,33.82096811188599,34.91939163208008,89410000
2016-02-09,34.36349122891852,35.752512478189,34.14281522756152,34.7636833190918,84300000
2016-02-10,35.29776085518859,35.864574950078676,34.98038430968948,35.05278396606445,60314000
2016-02-11,34.53160307794266,35.32405338722975,34.27621413255875,35.02849578857422,65004000
2016-02-12,35.31859363034466,35.50653916965729,34.791448691291016,35.05477523803711,46538000
2016-02-16,35.637956568764324,35.84772493985097,35.2179279809767,35.58787155151367,43444000
2016-02-17,36.052028629810145,36.38725920195434,35.536790155612145,36.298492431640625,49154000
2016-02-18,36.39718081601734,36.49834209810593,35.48422464827459,35.5814208984375,47276000
2016-02-19,35.501576333189426,35.90474589195882,35.36371581647202,35.809532165527344,34918000
2016-02-22,36.17650443881607,36.44131789824232,35.87599055501673,36.15369415283203,37516000
2016-02-23,36.00739829970938,36.245428835425884,35.49017354088412,35.57050704956055,41332000
2016-02-24,35.239244814592205,35.76539845421387,34.81326875766319,35.74952697753906,37092000
2016-02-25,35.85020469690462,36.17650644240944,35.36917966445656,36.157169342041016,36146000
2016-02-26,36.3793256728897,36.50627479219468,35.80110448008465,35.94590759277344,42474000
2016-02-29,35.754485562804575,36.23055039127199,35.54819042545934,35.56703567504883,45068000
2016-03-01,35.769364708569626,36.81224750656304,35.63745551829939,36.80431365966797,60112000
2016-03-02,36.83902266903829,36.85141717530995,36.36196281409154,36.6709098815918,36292000
2016-03-03,36.67091474737662,36.746291969969896,36.18245157917267,36.27964782714844,40534000
2016-03-04,36.43883480475191,36.44875116757251,35.983593920971344,36.21171188354492,48516000
2016-03-07,35.960289324527984,36.062445647425086,34.967990906401326,35.34785079956055,61690000
2016-03-08,35.129158978228716,35.81647912998505,34.91146055622317,35.38405227661133,52530000
2016-03-09,35.46537862909297,36.01434258412561,35.34090765342415,35.973182678222656,39544000
2016-03-10,36.09120788912516,36.52512161690802,35.86805377106496,36.308414459228516,44616000
2016-03-11,36.69422005557142,36.93968879105776,36.533049854230754,36.938201904296875,35380000
2016-03-14,36.94316947087796,37.40386232088396,36.878204234872406,37.20450973510742,32824000
2016-03-15,36.99523871831813,37.341876374771225,36.83754166354164,37.22087478637695,29832000
2016-03-16,37.14549576339584,37.63891904501995,37.019042261615226,37.55759048461914,29306000
2016-03-17,37.571968755668735,37.95331553476409,37.55758794820657,37.613128662109375,44564000
2016-03-18,37.76933555142435,37.79462397783317,37.28285493435395,37.46088409423828,56222000
2016-03-21,37.386499070206696,37.85413444883395,37.255581140686395,37.79561996459961,28774000
2016-03-22,37.611141130032486,37.9364515228525,37.58337077678476,37.69097900390625,22096000
2016-03-23,37.85462913043871,37.955794186354,37.49162822203553,37.567501068115234,24678000
2016-03-24,37.252109887349306,37.56750014196808,37.21739694501264,37.4326171875,31116000
2016-03-28,37.49857520641017,37.604204718627905,37.29377070928025,37.355262756347656,21676000
2016-03-29,37.375091123461125,38.044560973656424,37.107803352439426,37.980587005615234,40062000
2016-03-30,38.09563815367206,38.54691020969638,38.06439839574429,38.10208511352539,40396000
2016-03-31,38.10208322990788,38.13877868796318,37.60171744799952,37.832313537597656,32554000
2016-04-01,37.54766515033831,38.18638325076064,37.45046513423861,38.16803741455078,31674000
2016-04-04,38.16010409929226,38.30540661925344,37.77727045556589,37.942405700683594,26924000
2016-04-05,37.59577283294784,37.83082960126046,37.470306818416816,37.617591857910156,24478000
2016-04-06,37.581390895074165,38.10605770627769,37.505022410602244,38.08869934082031,25312000
2016-04-07,37.952325072995734,38.15266890712352,37.564531325513435,37.6944580078125,25498000
2016-04-08,37.979596569868875,38.0420798690037,37.47873891888084,37.6622200012207,23434000
2016-04-11,37.95877509978983,38.046550623881764,37.55660051205497,37.5665168762207,31774000
2016-04-12,37.610652273204835,37.93248953810477,37.27046160123936,37.90273666381836,27388000
2016-04-13,38.19977156143231,38.469541228771526,37.91611671844642,38.279117584228516,35426000
2016-04-14,38.45021141628466,38.66096723532075,38.3440862798703,38.451698303222656,26992000
2016-04-15,38.45715517847342,38.72642927613029,38.42888540865253,38.6803092956543,31712000
2016-04-18,38.68973061373029,39.10430724842004,38.56179022953772,39.061161041259766,33540000
2016-04-19,39.201003750442005,39.22331840346527,38.19779400459653,38.49434280395508,43952000
2016-04-20,38.638654486784844,38.66345107068384,38.24738754743505,38.42839050292969,34262000
2016-04-21,38.54691321102571,38.76362036785129,38.26127200626965,38.6803092956543,77628000
2016-04-22,36.890599455022155,37.38699647032671,36.21915082425063,36.586116790771484,140798000
2016-04-25,36.46610665327489,36.938698297116204,36.45370836315738,36.80629348754883,49442000
2016-04-26,36.91589445735679,36.973913319769586,35.720770209922655,35.9712028503418,55864000
2016-04-27,35.96871671908137,36.059466003152295,35.16337262850262,35.77730178833008,66262000
2016-04-28,35.868054686016556,36.16410789180207,34.87178740984706,34.96402359008789,62590000
2016-04-29,34.91741552649877,35.313638802807205,34.90055278809086,35.10387420654297,58278000
2016-05-02,35.304212693865104,35.4772817960254,35.02849163997751,35.42769241333008,33476000
2016-05-03,35.33297265193177,35.37611507234514,35.07659249084334,35.13163757324219,38620000
2016-05-04,35.04882898575691,35.45943307024009,34.913942212695886,35.27694320678711,34172000
2016-05-05,35.456950540503065,35.5834040370402,35.181725108746676,35.442569732666016,29668000
2016-05-06,35.31810218556678,36.00194920151554,35.30570389252196,35.9617805480957,39952000
2016-05-09,36.03715548540521,36.4135459970618,35.87846718145269,36.15766143798828,38074000
2016-05-10,36.44676553432639,36.69669871704253,36.280639041442896,36.66595458984375,32634000
2016-05-11,36.72248758116569,36.73637275837127,36.0966595656053,36.22807312011719,29834000
2016-05-12,36.29997921587671,36.467100764219005,35.91664993409312,36.1050910949707,27094000
2016-05-13,36.03318662984244,36.26477020884887,35.87895900339875,35.944419860839844,25244000
2016-05-16,35.91912655555551,36.33369936195989,35.70489756365002,36.215675354003906,22538000
2016-05-17,36.25336873687271,36.49090365851421,35.60572163675657,35.71432113647461,33404000
2016-05-18,35.63051002417591,35.98111262986324,35.45793657214052,35.79316711425781,32536000
2016-05-19,35.62059685429264,35.72969576269237,35.224369867887525,35.472320556640625,30598000
2016-05-20,35.5293505534508,36.086740169008664,35.45744273779759,35.789695739746094,34798000
2016-05-23,35.703909605619906,35.878465597231845,35.55315515600746,35.56852722167969,24816000
2016-05-24,35.697464304438995,36.40908163708497,35.687544157240886,36.3510627746582,37884000
2016-05-25,36.448753615719134,36.691248618127936,36.3297383367418,36.602481842041016,32216000
2016-05-26,36.49834031875138,36.75125107849786,36.34957217681544,36.54446029663086,27202000
2016-05-27,36.57322724917385,37.088965206709794,36.5484306635179,37.07359313964844,34802000
2016-05-31,37.131113711060095,37.365179237167304,36.972921040165026,37.13557815551758,42484000
2016-06-01,37.11674089888549,37.260552792809264,36.91193257356451,37.11624526977539,20788000
2016-06-02,36.99919653823685,37.05870605666059,36.54792453623356,36.908447265625,33916000
2016-06-03,36.7705882434434,36.7705882434434,36.39469343628079,36.49139404296875,24608000
2016-06-06,36.622315129272636,36.622315129272636,36.116001771606534,36.203773498535156,29992000
2016-06-07,36.36296376522541,36.53355094153868,36.24047530192825,36.25485610961914,24314000
2016-06-08,36.6719113329672,36.88564474045426,36.48694332761007,36.84200668334961,32314000
2016-06-09,36.55140896156725,36.89159587710238,36.523142972066466,36.82167434692383,19180000
2016-06-10,36.49586662497493,36.67885210505577,36.22609688061012,36.3589973449707,29050000
2016-06-13,36.19187672755759,36.64711384493055,36.19187672755759,36.29403305053711,23354000
2016-06-14,36.16658902714752,36.49834646615228,36.027241595532985,36.36197280883789,26584000
2016-06-15,36.44477722591714,36.555363005433556,36.26575682394039,36.30939865112305,23234000
2016-06-16,36.099637586057966,36.22014353461452,35.483729643717986,35.9156608581543,45002000
2016-06-17,35.77383212371017,35.77383212371017,34.76863974427127,34.923858642578125,82262000
2016-06-20,35.22437245687685,35.5000935219661,34.98138182339865,35.017086029052734,45654000
2016-06-21,35.211480320498914,35.47579814839239,34.94419250183941,35.15346145629883,30318000
2016-06-22,35.40984099345797,35.41777484125465,35.00468885938305,35.23230743408203,29058000
2016-06-23,35.23626770133524,35.45099230248681,34.72548995784813,35.450496673583984,42500000
2016-06-24,34.22562410768181,34.96104668906864,33.96477950200668,33.97916030883789,95436000
2016-06-27,33.84477214472343,33.88642767730192,33.35730026102296,33.77782440185547,58146000
2016-06-28,34.28513404683131,34.35307305008712,33.961806136866464,34.27967834472656,38246000
2016-06-29,34.42845502682062,34.68830463015796,34.35010023750311,34.474571228027344,43124000
2016-06-30,34.59655672969045,34.90004810804574,34.460183104318745,34.888145446777344,42250000
2016-07-01,34.9660046966552,35.33445751731709,34.898065698230106,35.22139358520508,30984000
2016-07-05,34.96154444049597,35.11576829328428,34.66995568759762,34.95559310913086,28440000
2016-07-06,34.705161889897475,35.35776902803737,34.663506356617944,35.157920837402344,28902000
2016-07-07,35.21444999704518,35.2174237705734,34.74631902224402,35.073116302490234,21174000
2016-07-08,35.236769615941654,35.600761817162095,35.11527241139529,35.594810485839844,29946000
2016-07-11,35.67613567815189,36.14773607742154,35.64886095249556,36.061946868896484,28822000
2016-07-12,36.29601436340188,36.478504194121754,36.07682528820751,36.32527160644531,26468000
2016-07-13,36.474537033417846,36.474537033417846,36.15220039950056,36.175010681152344,20436000
2016-07-14,36.39617483188098,36.505273711874516,36.23004836768218,36.4884147644043,21408000
2016-07-15,36.74629226191535,36.74629226191535,36.43089819075422,36.47999572753906,32342000
2016-07-18,36.593055044872514,37.447492820416564,36.52362916168582,37.351287841796875,38698000
2016-07-19,37.186158559557356,37.519402852180285,37.11772392326122,37.36170959472656,30436000
2016-07-20,37.39344235996958,37.72024345265381,37.39344235996958,37.543701171875,22502000
2016-07-21,37.539729022096616,37.59676039889288,37.2679768195528,37.411293029785156,19062000
2016-07-22,37.555605264775416,37.661230989831516,37.32451352158369,37.652801513671875,20920000
2016-07-25,37.57345890283083,37.67958404998017,37.3944384540727,37.56552505493164,21466000
2016-07-26,37.56552111847807,37.651809745123494,37.328977459667236,37.57196807861328,23792000
2016-07-27,37.63742951484033,37.90918175235793,37.48667506795926,37.786197662353516,32172000
2016-07-28,38.12688319509839,38.133330155205364,37.643376320784256,37.978111267089844,73464000
2016-07-29,39.55855021112275,39.86749352741342,39.176208406814645,39.24266052246094,101810000
2016-08-01,39.01107110759106,40.04353807350582,38.9302381893422,39.71872329711914,60594000
2016-08-02,39.539698681627094,39.787153699487206,39.400846924797094,39.67805480957031,39928000
2016-08-03,39.49705593897711,39.649297258183886,39.32596936986431,39.61854934692383,29206000
2016-08-04,39.58483365491569,39.68202990935872,39.370604635245485,39.53573989868164,21520000
2016-08-05,39.67756561496506,40.03015076539793,39.56350663425749,40.015769958496094,36146000
2016-08-08,39.96965131250218,40.048997351017164,39.7559179342937,39.93146896362305,24426000
2016-08-09,39.894768746040526,40.3331468962697,39.87344534998043,40.04304504394531,32154000
2016-08-10,40.02171980145878,40.21164784135088,39.99394944662197,40.0931282043457,18370000
2016-08-11,40.1913189255675,40.36042299631303,39.969651698054754,40.07875061035156,25646000
2016-08-12,39.92452083623422,40.02865965976885,39.8526130258764,40.0217170715332,17946000
2016-08-15,40.02965811702832,40.235457656536525,39.87196107490603,39.96767044067383,18596000
2016-08-16,39.84567953294938,39.883370039647275,39.52334284361589,39.73112869262695,21158000
2016-08-17,39.67210900347558,39.951303226097735,39.48862413730073,39.940887451171875,21322000
2016-08-18,39.93791416794562,40.06883209899758,39.752942412631626,39.8084831237793,17292000
2016-08-19,39.661693412815055,39.73310560047904,39.517389717467125,39.65475082397461,22416000
2016-08-22,39.5982146769493,39.63739206106753,39.39092829152487,39.52085494995117,17056000
2016-08-23,39.695911586274086,39.72169942636103,39.47325310960791,39.50300598144531,18350000
2016-08-24,39.51639840253241,39.59574444443538,39.21389823877548,39.354736328125,25672000
2016-08-25,39.27538219080895,39.41026892087024,39.038838567725755,39.24066925048828,24054000
2016-08-26,39.299691888546334,39.64236070790431,39.14695491713737,39.33589172363281,24978000
2016-08-29,39.32745977997956,39.598716386747114,39.19207739937307,39.46482467651367,15474000
2016-08-30,39.31903402530101,39.5729360748784,39.14992994078312,39.271427154541016,23348000
2016-08-31,39.156375359035735,39.25406724185126,39.037360078538164,39.16877365112305,21428000
2016-09-01,39.274393783780425,39.319522501186384,38.99421209636444,39.24563217163086,26070000
2016-09-02,39.43755303317884,39.52830232852005,39.337874848610355,39.51689529418945,26998000
2016-09-06,39.59227244752184,40.21214923065979,39.4454868057042,40.069828033447266,39790000
2016-09-07,40.06535511520292,40.197759920590386,39.856581839226074,40.06833267211914,22906000
2016-09-08,39.93097412171164,40.089662418442124,39.72219702922466,39.81294631958008,23554000
2016-09-09,39.61111224275351,39.758892905676326,39.07950668293214,39.100830078125,37752000
2016-09-12,38.904454963709604,39.680538014267306,38.85387054339459,39.61359405517578,37274000
2016-09-13,39.37505957344082,39.463330700919286,38.89502596527092,39.112728118896484,36180000
2016-09-14,39.05371784004065,39.490113445419176,39.05371784004065,39.19901657104492,25842000
2016-09-15,39.17670633103821,39.85311505544717,39.10975858250415,39.73310852050781,31144000
2016-09-16,39.623512960897855,39.623512960897855,39.35572575706211,39.571441650390625,42612000
2016-09-19,39.72715541149446,39.86997600750059,39.352751232306396,39.44350051879883,22990000
2016-09-20,39.67210525050568,39.80847886898965,39.585816635808385,39.66119384765625,20984000
2016-09-21,39.73459646229607,39.96519258740044,39.4752387210365,39.92155075073242,26970000
2016-09-22,40.168008016965224,40.617293747399934,40.054448457896264,40.463069915771484,35186000
2016-09-23,40.422903681301484,40.51513985173427,40.303392784561225,40.413978576660156,28234000
2016-09-26,40.15909057862152,40.17198450003354,39.69442891247819,39.80352783203125,29454000
2016-09-27,39.76285648404533,40.341077628158295,39.76285648404533,40.20420837402344,27346000
2016-09-28,39.874437357579566,40.180410693029,39.80997153921569,40.17098617553711,29406000
2016-09-29,40.03065433022891,40.36191615046349,39.71476457787789,39.803035736083984,27000000
2016-09-30,39.85063332153985,40.07329178970308,39.7464944906586,39.873443603515625,33204000
2016-10-03,39.79856435558325,39.84765810849905,39.485156586603146,39.690956115722656,29784000
2016-10-04,39.920061304868916,39.99444726895475,39.655747290474906,39.81046676635742,25174000
2016-10-05,39.96965218742491,40.093627537747835,39.707320679083224,39.73310852050781,24276000
2016-10-06,39.87443755737931,40.01676252758669,39.697403424625215,39.82484817504883,21998000
2016-10-07,39.966179435986824,39.966675064939814,39.514411753622035,39.70731735229492,23262000
2016-10-10,39.86699760521317,40.533985551315936,39.78319090953712,40.37480163574219,29922000
2016-10-11,40.374804560718644,40.65697258095822,40.037591454310316,40.146690368652344,34432000
2016-10-12,40.265207629577795,40.39116548922834,40.09610734911758,40.25578689575195,18158000
2016-10-13,39.973126162770036,39.9974233342632,39.603678249481995,39.87443923950195,27380000
2016-10-14,40.04155648128074,40.17247440941919,39.78715884269366,39.90022277832031,22238000
2016-10-17,39.96915559860903,40.34108164064635,39.86204298695418,40.01130676269531,21128000
2016-10-18,40.3767859905438,41.10080156765005,40.333147939351875,40.7378044128418,45786000
2016-10-19,40.80673017146021,41.14989456215698,40.80673017146021,41.00310516357422,30002000
2016-10-20,41.038814054720824,41.083942776470344,40.69118896392038,40.744747161865234,27878000
2016-10-21,40.6639107485067,40.876652851654306,40.580104055872475,40.8652458190918,32316000
2016-10-24,41.16427631898356,41.55355690969719,41.11220501274694,41.4444580078125,28952000
2016-10-25,41.581333001019736,41.581333001019736,40.926743282825875,41.087913513183594,37814000
2016-10-26,41.01699692821822,41.046257956904626,40.482913161281594,40.7680549621582,35898000
2016-10-27,40.81318235131715,40.99021648753633,40.39662320804764,40.532501220703125,59470000
2016-10-28,41.156844146689444,41.60612995611763,40.51514456045022,40.64209747314453,87098000
2016-10-31,40.78441134185767,40.79433148720963,40.06882911024519,40.163047790527344,44854000
2016-11-01,40.21115832740182,40.364394714683094,39.585825836102025,39.94386672973633,47118000
2016-11-02,40.0073491945455,40.0073491945455,38.92826632897164,39.09786605834961,47014000
2016-11-03,38.9034645627497,39.176211854857065,38.6123714304505,38.78891372680664,43504000
2016-11-04,38.248870652847216,39.10083034211921,38.233994217349625,38.73485565185547,39412000
2016-11-07,39.42168309064155,39.92006263479361,39.32002239578502,39.77278137207031,39852000
2016-11-08,39.77277777837263,40.467532276714046,39.65326310030571,40.266197204589844,35382000
2016-11-09,39.76285549063467,40.25280548782601,39.27736993715862,39.94931411743164,61970000
2016-11-10,40.1680141232141,40.17098789722699,38.09663296956203,38.6946907043457,118192000
2016-11-11,38.52211894770034,38.545920491149815,37.96323857967161,38.27119445800781,71852000
2016-11-14,38.27168658399166,38.27267784194953,36.87473171458264,37.3522834777832,73766000
2016-11-15,37.95976679091577,38.692215713541266,37.94737228142415,38.4402961730957,58878000
2016-11-16,38.20523510608127,38.85387346355575,38.002413130908955,38.679317474365234,35968000
2016-11-17,38.804287841957326,39.12166446220774,38.67287426248306,38.98578643798828,30674000
2016-11-18,39.035868182676,39.240177027686165,38.44971317756701,38.4804573059082,36126000
2016-11-21,38.58608578500666,39.005123063165335,38.49682338384016,38.91834259033203,32616000
2016-11-22,39.126122661419124,39.363161938984966,38.86577368920534,38.92825698852539,27884000
2016-11-23,39.15240358493448,39.15240358493448,38.31581601216383,38.630714416503906,26260000
2016-11-25,38.8097354297692,38.82411623564059,38.59054637232288,38.69171142578125,12270000
2016-11-28,38.59847790665208,39.65921077563897,38.58607961724987,38.967430114746094,51508000
2016-11-29,39.09587056298145,39.49556694230976,38.94511612419917,39.1484375,31240000
2016-11-30,39.13158268627295,39.25109359617068,38.34061931970273,38.47599792480469,45582000
2016-12-01,38.608406724396346,38.61088486946278,37.35922865610931,37.90323257446289,57342000
2016-12-02,37.78273408607631,38.20920965155179,37.638922206236636,37.90968322753906,34376000
2016-12-05,38.1844107297002,38.680312167748255,38.03415189782094,38.592041015625,33770000
2016-12-06,38.68972453266154,38.94213964178725,38.349042073936005,38.490867614746094,34682000
2016-12-07,38.67783252909305,39.27539086346188,38.359460882219835,39.24911117553711,40588000
2016-12-08,39.322496510051494,39.62251849051618,39.07256332010588,39.432586669921875,32250000
2016-12-09,39.63739227921947,40.16552839065662,39.575404614813294,40.14073181152344,38090000
2016-12-12,39.91113633053669,40.234959873944966,39.89675552333381,40.063873291015625,32572000
2016-12-13,40.2865331757099,40.87715268327736,40.264218520661544,40.432823181152344,42564000
2016-12-14,40.46158471019402,40.87516625794876,40.305870201888204,40.55927658081055,35994000
2016-12-15,40.533002010271325,40.8126919185087,40.267197282463194,40.448204040527344,35394000
2016-12-16,40.580108506608354,40.62424218801325,40.07478258380665,40.16007995605469,51978000
2016-12-19,40.13230881964824,40.47646450909607,39.89526574314572,40.291988372802734,25272000
2016-12-20,40.33513114188209,40.48985440647992,40.21760275231205,40.425880432128906,25438000
2016-12-21,40.4516632080779,40.4516632080779,39.92501774314116,40.27710723876953,29192000
2016-12-22,40.1233875826191,40.221079470772125,39.97114244961582,40.15214920043945,22632000
2016-12-23,40.06932996020436,40.216115593068096,39.92551810127754,40.05891418457031,15310000
2016-12-27,40.10255166351089,40.46555260028408,39.95973484802999,40.1645393371582,19520000
2016-12-28,40.33314821026562,40.33314821026562,39.79311313528553,39.898738861083984,24296000
2016-12-29,39.787655235629515,39.95725114232601,39.579873198421986,39.8149299621582,21148000
2016-12-30,39.83129857481206,39.83526739044925,39.15736795230836,39.29771041870117,34718000
2017-01-03,39.702854194904596,40.23941984674428,39.51788622033972,40.06932830810547,39180000
2017-01-04,40.16255272289262,40.33810373386275,39.87592407978732,40.05742263793945,30306000
2017-01-05,40.04403719083414,40.35347993020166,39.96568619388392,40.31777572631836,26810000
2017-01-06,40.415462809502735,41.10823854216271,40.24239372942542,40.92227554321289,40342000
2017-01-09,40.979801294318186,41.18113636918223,40.744248904466446,41.01996994018555,28178000
2017-01-10,41.01451151316652,41.13055299904202,40.81962341108531,40.961944580078125,23948000
2017-01-11,40.99220317879171,41.15485650891124,40.7368142580937,41.15287399291992,26508000
2017-01-12,41.07947755844788,41.178660105260526,40.713998480740365,41.13650894165039,26990000
2017-01-13,41.20940230155456,41.390405238780495,41.13601138212753,41.20642852783203,25804000
2017-01-17,41.15981329531637,41.168738399991994,40.82260021577669,41.03385543823242,28818000
2017-01-18,41.14989926027357,41.15039488925985,40.86624057617033,41.1112174987793,20554000
2017-01-19,41.11022772926218,41.308589050350946,40.86029450774119,40.88062286376953,21410000
2017-01-20,41.114685659918514,41.12212766134273,40.892027182126576,41.06906509399414,26124000
2017-01-23,41.23965612545367,41.93044562655304,41.09534864255038,41.87540054321289,49148000
2017-01-24,42.00185388462575,42.2269942903419,41.768779631954004,42.12831115722656,33768000
2017-01-25,42.327661405847955,42.58751095898606,42.13872084245832,42.57065200805664,33108000
2017-01-26,42.600408910411446,42.69710953150405,42.17740659261196,42.49775695800781,69866000
2017-01-27,42.5979232559827,42.99464203365003,41.7499324704852,41.905147552490234,75050000
2017-01-30,41.50992797712627,41.51835745440374,40.71499573238062,40.853851318359375,70338000
2017-01-31,40.63911489947876,40.81615280472264,40.33661476749601,40.67333221435547,40404000
2017-02-01,40.862277255504374,40.862277255504374,40.279591580894134,40.4278678894043,45020000
2017-02-02,40.415963207605486,40.890045571153436,40.26967320585819,40.5776252746582,33784000
2017-02-03,40.81913249418466,40.967900639756444,40.63167880428613,40.67036056518555,30562000
2017-02-06,40.70953830527926,40.782433600042616,40.380754685087716,40.7442512512207,27018000
2017-02-07,40.93665983419373,41.25502766801395,40.82706529787356,41.12162780761719,33332000
2017-02-08,41.18609679896117,41.37057292412029,40.91731834970197,41.15386199951172,26044000
2017-02-09,41.24560383092649,41.258002122135224,40.98624989062791,41.16278839111328,23884000
2017-02-10,41.30610711108008,41.514384795626334,41.18510931581262,41.40032958984375,28302000
2017-02-13,41.54165796360543,41.74200557655793,41.46975392643804,41.60414505004883,25914000
2017-02-14,41.64430975388923,41.75489555205995,41.44892599840214,41.657203674316406,27266000
2017-02-15,41.596706077532765,41.74349550332452,41.46827005924954,41.52281951904297,27144000
2017-02-16,41.581330563872754,41.78911260951294,41.51983851944751,41.763328552246094,20102000
2017-02-17,41.72068022980646,41.999874481419,41.64480737399382,41.980533599853516,29224000
2017-02-21,42.05194672997789,42.2607200495014,41.98053453364208,42.115421295166016,25206000
2017-02-22,42.052444459147544,42.33956879560209,41.988470478318575,42.21906661987305,24488000
2017-02-23,42.20518265255601,42.28155114508294,41.77969834888603,42.20121383666992,27734000
2017-02-24,42.03508449324998,42.07029307110475,41.802505844371204,42.04301834106445,26924000
2017-02-27,41.90119218825459,42.184847106668066,41.80498719091664,42.135257720947266,20206000
2017-02-28,42.02020257062519,42.09359727432697,41.727123168204734,41.90019226074219,27662000
2017-03-01,42.22005829018635,42.54834632441239,42.10302551661584,42.486358642578125,36374000
2017-03-02,42.46452681776513,42.47345570558734,42.08814014521589,42.1441764831543,25018000
2017-03-03,42.09904496066619,42.19227616365611,41.88928042907905,42.105987548828125,20100000
2017-03-06,41.99589940031871,42.09904696985124,41.71373141676095,42.016231536865234,20958000
2017-03-07,42.015739260538844,42.31675251786228,41.92945441813467,42.20864486694336,20774000
2017-03-08,42.30634258826807,42.495283188996666,42.21361077297626,42.332130432128906,20576000
2017-03-09,42.334609515705885,42.6827302507208,42.284025089466375,42.5404052734375,26954000
2017-03-10,42.781411749266475,42.857284602286036,42.529000390475204,42.71744155883789,26732000
2017-03-13,42.68867460360525,43.00109108183114,42.688178974678245,42.874637603759766,23332000
2017-03-14,42.83348494769357,43.02341679481871,42.65396887665128,42.94060134887695,21234000
2017-03-15,43.04126490464497,43.137469896037594,42.711985652997825,43.06357955932617,26658000
2017-03-16,43.169704643064435,43.27781229685549,43.0204370828692,43.1434211730957,22090000
2017-03-17,43.32590580667019,43.36260504779347,43.06258307647032,43.26094436645508,37366000
2017-03-20,43.117638856264655,43.16028565509073,42.87911264689721,43.0397834777832,30844000
2017-03-21,43.14639569391614,43.31549976676178,42.03706450117131,42.15856170654297,50760000
2017-03-22,42.12583308053658,42.41693000021979,42.00284898291216,42.14170455932617,27334000
2017-03-23,41.72464387625716,41.73952031148687,41.30858418506288,41.63835525512695,65754000
2017-03-24,41.754894042196646,41.85407658673176,41.11518460122445,41.41470718383789,42114000
2017-03-27,41.06509611327758,41.72415022251334,40.87715058137142,41.581825256347656,38692000
2017-03-28,41.64034651723007,41.92350579956987,41.27238549049056,41.68696212768555,30384000
2017-03-29,41.7920913204996,42.230465707265346,41.72415231402535,42.145172119140625,29146000
2017-03-30,42.24980312939076,42.25079438729793,41.99144045777014,42.12582778930664,18988000
2017-03-31,41.994419931403485,42.12980232264976,41.91557329938347,42.04252243041992,28820000
2017-04-03,42.08963596546767,42.59793571319424,42.02913517077701,42.486358642578125,39388000
2017-04-04,42.05242930495819,42.30037994052179,42.02812835689567,42.279056549072266,26970000
2017-04-05,42.385184573282025,42.67677329553745,42.02863062525979,42.09756088256836,37104000
2017-04-06,42.12682059020596,42.329646342464315,41.8540771020873,41.908626556396484,30672000
2017-04-07,41.9036690402863,41.947307093025614,41.521826620248596,41.759857177734375,22232000
2017-04-10,41.73208690447786,41.9899577562754,41.694895812116435,41.740020751953125,20924000
2017-04-11,41.740018673254596,41.88531741587086,41.38792914386672,41.64976501464844,19486000
2017-04-12,41.57935077189065,41.84019540294904,41.536208347198745,41.72812271118164,22716000
2017-04-13,41.707285308984346,41.84068516330789,41.54909644063523,41.66463851928711,21474000
2017-04-17,41.72415286812567,42.43130951621457,41.70679450281725,42.4060173034668,20982000
2017-04-18,42.27757186208447,42.5180843152921,42.213601678682956,42.34947967529297,18724000
2017-04-19,42.518087207486694,42.657434616117435,42.326668489768906,42.474449157714844,21606000
2017-04-20,42.634626521743776,42.84240857293472,42.52354509231196,42.6514892578125,23776000
2017-04-21,42.678262980271256,42.76852042174209,42.534950537888896,42.5954475402832,23458000
2017-04-24,43.06605562662423,43.637334165964894,42.950509770195445,43.58625411987305,33930000
2017-04-25,43.75139608506986,44.24680185831593,43.603619192444796,44.077701568603516,40760000
2017-04-26,44.20415212464137,44.28349815976881,43.89470939781327,44.09257507324219,26466000
2017-04-27,44.13522610974299,44.30283951744496,43.99538306032128,44.206634521484375,46846000
2017-04-28,46.06923926718595,46.41140864894672,45.782606814790455,45.847076416015625,76918000
2017-05-01,45.82872214067328,46.40743890545004,45.66259564813869,46.2586669921875,46556000
2017-05-02,46.28098842279427,46.763004610173645,46.16841633099598,46.470420837402344,35026000
2017-05-03,46.418851039088835,47.120548172946634,46.37719550414564,47.03376770019531,36496000
2017-05-04,47.1250151397329,47.563888950498146,46.98021201764203,47.34469985961914,38752000
2017-05-05,47.443878465368705,47.52917583887681,47.01641169009971,47.12451934814453,32310000
2017-05-08,46.98417912925206,47.6556277731692,46.98169720087836,47.54157257080078,37534000
2017-05-09,47.67249149750399,47.71563392102859,47.32883142945087,47.443382263183594,33758000
2017-05-10,47.41908542404373,47.44338259547366,47.10270008245912,47.350650787353516,22920000
2017-05-11,47.17460339933577,47.506860214208146,47.0417029434433,47.40271759033203,20622000
2017-05-12,47.4999115865169,47.50635476263821,47.2127835307199,47.36552047729492,24298000
2017-05-15,47.37296389248894,47.740425493350756,47.250475431059215,47.56785202026367,26754000
2017-05-16,47.782580885888294,47.89911423370627,47.6238925898093,47.83514404296875,22030000
2017-05-17,47.59165389275269,47.65562407825411,46.61770138666748,46.72233963012695,48982000
2017-05-18,46.773415911760615,47.31791539069957,46.677706556238206,47.13542556762695,36010000
2017-05-19,47.250475381367266,47.584714706053184,47.20981110392905,47.341224670410156,27206000
2017-05-22,47.457762216999214,47.84555974302487,47.43594319112979,47.80836486816406,27748000
2017-05-23,48.10045390643447,48.326086170949246,47.829689135532774,48.12971115112305,30908000
2017-05-24,48.36327550224767,48.50510104843531,48.183263826900564,48.47981262207031,22660000
2017-05-25,48.54874313265583,49.38086629772243,48.4902248662543,49.18647003173828,39082000
2017-05-26,49.19341453452653,49.41111671969681,48.96331784181177,49.25639724731445,32728000
2017-05-30,49.21821331226264,49.47211534031888,49.16168134034805,49.40020751953125,30324000
2017-05-31,49.402195455543115,49.57030448989573,48.68164925397249,48.94993209838867,34482000
2017-06-01,49.14184620402956,49.24995386101215,48.66230812047207,49.00944137573242,26128000
2017-06-02,49.02431504481306,49.41558195960664,48.94893782326675,49.397727966308594,34710000
2017-06-05,49.48550256057955,49.95710297789331,49.36450099180219,49.78254699707031,27578000
2017-06-06,49.75428258005045,50.01710970920637,49.33227152977824,49.425498962402344,31042000
2017-06-07,49.54500558833486,49.78403115558189,49.385326052021625,49.664520263671875,27482000
2017-06-08,49.79990149461113,49.86784049676584,49.42252354896753,49.80238342285156,33758000
2017-06-09,49.86239151141068,49.862887140402485,47.277750637418855,48.1083869934082,72958000
2017-06-12,47.543056479016165,48.00325364185304,46.456040021132644,47.6962890625,84042000
2017-06-13,48.20360007931239,48.4946931975367,47.70620801702307,48.12723159790039,40108000
2017-06-14,48.37518563311959,48.58346332407486,47.58223595357626,47.999786376953125,30110000
2017-06-15,47.01243789621659,47.64024839210907,46.63307368917934,47.61545181274414,48552000
2017-06-16,47.502888807700664,47.60405386865865,47.04616482162544,47.5380973815918,51184000
2017-06-19,48.08507713936887,48.56362395480943,48.01317310151894,48.361297607421875,29376000
2017-06-20,48.365756857459786,48.637512873246415,48.013171700930485,48.05234909057617,25946000
2017-06-21,48.141613193262096,48.576022547275464,48.07516107389255,48.52841567993164,23232000
2017-06-22,48.44312342192045,48.62313891801151,48.26658489600398,48.430728912353516,20190000
2017-06-23,48.375178623346095,48.92662068716568,48.323602945386355,48.90033721923828,31280000
2017-06-26,49.09423713824361,49.29210282004451,48.118797690918115,48.206077575683594,30358000
2017-06-27,47.685876593994784,47.96457140280664,46.966321722979984,47.01591110229492,48872000
2017-06-28,47.14336403741157,47.767205827386036,46.42430472810103,47.656620025634766,54912000
2017-06-29,47.177575224923494,47.19294728876861,46.09898829283087,46.50661849975586,64134000
2017-06-30,46.812597276050326,46.86268228834561,46.09948930751734,46.102962493896484,45754000
2017-07-03,46.278509494741044,46.32909391918535,45.390349910724595,45.59614944458008,33896000
2017-07-05,45.8312034300592,46.43074800115693,45.554986762116975,46.230899810791016,41882000
2017-07-06,45.87087638569543,46.42330972083625,45.61548748470871,46.0042724609375,40298000
2017-07-07,46.167923309277334,46.84582269286013,46.108413780074905,46.65489959716797,33266000
2017-07-10,46.711434728811206,47.26585443061606,46.711434728811206,47.16022491455078,29030000
2017-07-11,47.136422708071954,47.35312987294375,46.86863548745565,47.28568649291992,29224000
2017-07-12,47.64917988080973,48.08408485181056,47.45974745807776,47.986392974853516,32042000
2017-07-13,48.142106959478454,48.53386950434933,47.84456688766295,48.045406341552734,30492000
2017-07-14,48.30079520834739,48.47634245069902,48.10987211753097,48.44510269165039,21592000
2017-07-17,48.415845173651554,48.76446151150761,48.14210664466334,48.39799118041992,33210000
2017-07-18,48.26905499811704,49.136386766190476,48.20359792415932,48.94298553466797,28266000
2017-07-19,49.09472864527853,49.3719365580607,48.94595672882791,49.231597900390625,28242000
2017-07-20,49.441361232310015,49.52467229278483,48.82743589851954,49.20283508300781,28368000
2017-07-21,49.04464731069936,49.34764308459168,48.80512609631996,49.284664154052734,29266000
2017-07-24,49.29756289090254,49.897107537177526,49.107631039352995,49.5063362121582,79690000
2017-07-25,48.13714435389743,48.43617129690385,47.794971208425736,48.05432891845703,118672000
2017-07-26,48.240296955923,48.298315816304175,47.61794205286453,47.86985778808594,44432000
2017-07-27,48.06177114366829,48.07863387958749,46.468936858231274,47.235103607177734,74358000
2017-07-28,47.010955652473044,47.69529817946804,46.87805142208544,47.52371597290039,36276000
2017-07-31,47.606533375916996,47.665547275688176,46.70051981236371,46.88747787475586,45670000
2017-08-01,47.002028261461085,47.333290023203226,46.86069833421592,46.940040588378906,28052000
2017-08-02,47.02979877062842,47.06600238669588,46.24379552740567,46.99359893798828,40788000
2017-08-03,47.06599995839331,47.11062926480969,46.586957548998946,46.62960433959961,22478000
2017-08-04,46.8106105815028,46.988639757636676,46.60481483170732,46.901859283447266,25092000
2017-08-07,46.98764733959947,47.059059529941955,46.78829477158166,46.899871826171875,28916000
2017-08-08,46.82747365367446,47.234112649723684,46.737715621479595,46.822513580322266,30102000
2017-08-09,46.537869005155024,46.80119177938233,46.31322421079705,46.61870193481445,28018000
2017-08-10,46.36677963293096,46.43124545113542,45.711198696196725,45.80095672607422,54148000
2017-08-11,45.8069057051772,46.28544870248275,45.683425993885166,46.123291015625,32334000
2017-08-14,46.56860716996804,46.66629904028285,46.34148425966757,46.56166458129883,23012000
2017-08-15,46.665802163601505,46.766967217259534,46.448103775947395,46.51951217651367,22130000
2017-08-16,46.676717679241115,47.1056713162166,46.616712522265445,46.826480865478516,26906000
2017-08-17,46.761025326399924,46.803672123775854,46.001801100333104,46.00279235839844,33914000
2017-08-18,45.969062970150496,46.1694067852082,45.79401136523501,45.92938995361328,26748000
2017-08-21,45.90906342916445,46.03204373184686,45.55350071986463,45.66606903076172,26024000
2017-08-22,45.968078673702955,46.71193082100349,45.92890128018236,46.63457107543945,35502000
2017-08-23,46.46595968241181,46.88400571291574,46.3786835784454,46.74267578125,22690000
2017-08-24,46.798706948541536,46.92763857425652,46.15552057307429,46.46050262451172,25892000
2017-08-25,46.575558446341056,46.65093567787069,46.123794469629324,46.14363098144531,23746000
2017-08-28,46.2120593607125,46.35934061711738,45.92592254041235,46.02609634399414,20988000
2017-08-29,45.620440027569856,46.52496272949348,45.58870086226007,46.403961181640625,23172000
2017-08-30,46.40000625624222,46.90532838288006,46.31966895942855,46.794742584228516,22406000
2017-08-31,46.92714518345369,47.46767964301148,46.92466703864264,47.3704833984375,33866000
2017-09-01,47.48106844305831,47.52371523369903,47.1245144866378,47.209312438964844,20858000
2017-09-05,46.95492161145415,47.17956641348492,46.39653687018973,46.68812942504883,29148000
2017-09-06,46.80664533223622,46.83788509210258,46.2517300385947,46.71490478515625,27830000
2017-09-07,46.825485150520365,47.135423485423395,46.49223712224163,47.10517120361328,22332000
2017-09-08,47.09575383838547,47.14534321883074,46.61522453183376,46.68465042114258,19998000
2017-09-11,46.97177465285487,47.24352685685665,46.6643144657636,46.77787780761719,26748000
2017-09-12,46.957889517295996,47.0159083688702,46.4907497974481,46.94449996948242,25696000
2017-09-13,46.887469381397004,47.25195713920598,46.84977888498548,47.132442474365234,21908000
2017-09-14,46.912266952261305,47.012936379145025,46.53339835113722,46.62117385864258,28548000
2017-09-15,46.619191233531005,46.70151103904058,46.18081310940268,46.38115692138672,39886000
2017-09-18,46.36727466389733,46.459015208510344,45.890714164084756,46.10643005371094,29474000
2017-09-19,46.287935896352124,46.51257690784219,45.95320092623724,46.45901870727539,24854000
2017-09-20,46.502166727934906,47.11063648930288,46.49075969339099,46.988643646240234,40080000
2017-09-21,47.017904957931904,47.249488569413614,46.58399119819306,46.989139556884766,27414000
2017-09-22,46.7520929066006,47.11062937937381,46.65638355027977,46.776390075683594,21496000
2017-09-25,46.58745392106083,46.60233035677024,45.846575641943474,46.33107376098633,37468000
2017-09-26,46.4505863376786,46.817056675358884,46.37273097015795,46.487281799316406,33454000
2017-09-27,46.75060549047988,47.87580427556471,46.71142810290496,47.60157012939453,46692000
2017-09-28,47.42056928387711,47.91299747578231,47.38585633874496,47.845062255859375,28018000
2017-09-29,47.90406977893534,48.39055039686221,47.90406977893534,48.28690719604492,40622000
2017-10-02,48.38261453989456,48.4862577364052,47.70322835480957,47.976966857910156,30782000
2017-10-03,47.981432514979794,48.22343565844154,47.74092382529935,48.20558166503906,21666000
2017-10-04,48.18970842825002,48.32062634786163,47.88472638912361,47.9427490234375,21156000
2017-10-05,48.2407923937289,48.92116993789947,48.115825784612824,48.855709075927734,35618000
2017-10-06,48.598333455929044,49.30549003881309,48.52444312392938,49.274742126464844,31060000
2017-10-09,49.342189725585996,49.612950711892005,49.16862499077445,49.20879364013672,25910000
2017-10-10,49.35705628886559,49.46466829463552,48.65337297257844,48.985130310058594,23268000
2017-10-11,49.04662945044171,49.965536911405124,48.99207999630579,49.870323181152344,36300000
2017-10-12,49.780565152998605,50.16240754852281,49.64468714662896,49.870323181152344,30614000
2017-10-13,50.04190357044996,50.3220852654916,49.940242883855284,49.980411529541016,26552000
2017-10-16,50.067687667759934,50.18521604777467,49.665513148471184,50.053802490234375,21420000
2017-10-17,49.959093051266045,50.31217385472003,49.890162785863865,50.1356315612793,20260000
2017-10-18,50.138109503109504,50.398950323668224,49.85395520422401,50.22191619873047,25596000
2017-10-19,49.825692529639106,49.953141066329444,49.45624840713307,49.6813850402832,34284000
2017-10-20,49.9397478654726,50.01909011648272,49.70270480350427,49.84156036376953,32120000
2017-10-23,49.84701862422336,49.877270911658044,48.75206818030014,48.873069763183594,32786000
2017-10-24,48.920672638766945,49.05754190601021,48.45353286580902,49.01935577392578,28902000
2017-10-25,48.90926222716537,49.31391866974858,48.48526868881252,49.1666374206543,30574000
2017-10-26,49.51426131724332,49.91296641964943,49.11753873057671,49.164649963378906,47396000
2017-10-27,51.126937649734316,52.74506415043374,50.92163374493934,51.25983810424805,103682000
2017-10-30,51.03619211581656,51.56531961128711,50.69749210259195,51.23306655883789,46804000
2017-10-31,51.22661703233216,51.6233358892376,50.894360213096626,51.228599548339844,30326000
2017-11-01,51.39124964083282,51.96351945533554,51.276199409840444,51.702674865722656,43262000
2017-11-02,51.57324667705165,51.84748082988711,51.01138882256397,51.72102355957031,26694000
2017-11-03,51.71011690424196,52.1023750755153,51.45720614231456,52.069149017333984,27770000
2017-11-06,52.02501376157799,52.19808285283064,51.67292046474881,51.706642150878906,18294000
2017-11-07,52.052281947392004,52.23874436085637,51.7225108881764,52.18815994262695,26104000
2017-11-08,52.07212195189413,52.69894125279004,51.923353811073085,52.48074722290039,24276000
2017-11-09,51.97047010958636,52.11328693333968,51.3679479194521,51.95658493041992,35892000
2017-11-10,51.76565583806449,51.902525097854394,51.634242280193455,51.779541015625,19442000
2017-11-13,51.61341849491961,52.00716356994942,51.53705001244632,51.63325500488281,18814000
2017-11-14,51.460678768136674,51.68780168739899,51.04461527708576,51.65507125854492,21012000
2017-11-15,51.325796096900035,51.55539717922264,51.11553211261901,51.39571762084961,18106000
2017-11-16,51.51176196957818,52.156930982599484,51.474570875029,51.993778228759766,23768000
2017-11-17,52.05972461388224,52.11923035360443,51.26281003638333,51.36992263793945,26712000
2017-11-20,51.37538541015037,51.50928090980651,51.21074577853023,51.308937072753906,17526000
2017-11-21,51.57572316082113,52.088982876554724,51.53109385515406,52.08451843261719,22206000
2017-11-22,52.127169268374594,52.33892013082313,51.933272399634866,52.164859771728516,14538000
2017-11-24,52.28734912669069,52.5690215149846,52.16486066383673,52.392974853515625,16492000
2017-11-27,52.49463282792565,53.21220141941328,52.30618788455397,53.1611213684082,35430000
2017-11-28,53.25931690595889,53.557352626203155,52.29478880861113,52.728702545166016,36424000
2017-11-29,52.37611037638018,52.50455016630256,51.060484068236356,51.443817138671875,55866000
2017-11-30,51.5707661819388,51.77904383912151,51.08131179584592,51.38380813598633,45092000
2017-12-01,51.09817987971401,51.43687989350008,50.428218070983085,50.833370208740234,37762000
2017-12-04,50.96874403359691,51.14429506199588,50.04735840756122,50.17877197265625,38778000
2017-12-05,50.13513594379078,51.40910678152146,49.70519102739374,50.56210708618164,38998000
2017-12-06,50.40936503140444,51.552913441340976,50.34935987748786,51.21272659301758,28710000
2017-12-07,51.378853859003144,52.01608514583892,51.343645285821324,51.80036926269531,30866000
2017-12-08,52.159400621447254,52.3880104210967,51.86433870805091,52.03889846801758,31170000
2017-12-11,52.12469253060521,52.36718753032225,51.778058690010525,52.16733932495117,23254000
2017-12-12,52.069636694247635,52.689513321560106,51.81523908425928,52.00864028930664,33882000
2017-12-13,52.17279382474139,52.34139848224902,51.900046545329204,52.13857650756836,27680000
2017-12-14,52.34189504817109,52.91664303619711,52.248168206925044,52.44008255004883,30962000
2017-12-15,52.752995226952784,53.3217956733948,52.57000977004066,53.16062545776367,63760000
2017-12-18,53.38130306778893,53.87919075347387,53.07979796083422,53.80976486206055,30292000
2017-12-19,53.70711472156282,53.80381534382026,53.174018443228746,53.54644012451172,26350000
2017-12-20,53.60297094763105,53.618343011955645,52.99201935540864,53.23798751831055,28728000
2017-12-21,53.32873612749289,53.434361844055864,53.01185519437691,53.10359573364258,25640000
2017-12-22,53.06144147916289,53.14673505375143,52.94440873684797,53.00490951538086,17788000
2017-12-26,52.99400419260771,53.00491559685436,52.498102813475725,52.855648040771484,18376000
2017-12-27,52.89284270344113,52.97565814262383,52.48520868414274,52.575462341308594,22324000
2017-12-28,52.67712446082759,52.80556425276193,52.23725941281069,52.364707946777344,19884000
2017-12-29,52.34189390273837,52.46884301517318,52.20353397421298,52.23824691772461,23606000
2018-01-02,52.219403426462016,53.357991712931344,52.219403426462016,53.22062683105469,31766000
2018-01-03,53.256335915730126,54.355750700510285,53.23154311672444,54.12862777709961,31318000
2018-01-04,54.404838927468575,54.751472716786864,54.264500273399186,54.33888244628906,26052000
2018-01-05,54.720237383951606,55.22258571487363,54.63841320373191,55.05943298339844,30250000
2018-01-08,55.09464602680576,55.4993025166289,55.04505664237201,55.25382995605469,24644000
2018-01-09,55.463596141591765,55.463596141591765,54.95579208730221,55.18341064453125,26808000
2018-01-10,54.89627981139507,55.182912254345965,54.74652041343671,55.05199432373047,20734000
2018-01-11,55.159610992440236,55.28556886064353,54.870500380318546,55.1467170715332,22424000
2018-01-12,55.05001429043601,56.10132281445176,54.94637108166763,56.069091796875,38586000
2018-01-16,56.54812802368967,56.97311661601301,55.87122371564505,56.07156753540039,36462000
2018-01-17,56.3522468478117,56.499032467639545,55.71402053627322,56.48812484741211,27830000
2018-01-18,56.50051819806206,56.5620102368855,55.762121886672475,56.33290481567383,27498000
2018-01-19,56.43506891231279,56.72021070996429,56.16083473617007,56.70632553100586,30552000
2018-01-22,56.72219609151508,57.865744604493074,56.62301354096879,57.730857849121094,29550000
2018-01-23,58.051209652613295,58.44247659523314,57.884091874682795,58.32643508911133,39138000
2018-01-24,58.763325166375935,58.86597712030096,57.891528893223416,58.084434509277344,37128000
2018-01-25,58.551573334730485,58.764315457472286,58.11170828169678,58.62248611450195,29984000
2018-01-26,58.88977898213961,58.891265869140625,57.922772751632536,58.891265869140625,42170000
2018-01-29,58.91308092066135,59.40898226247356,58.717693400861485,58.837703704833984,31494000
2018-01-30,58.4033027319393,58.90961613703098,58.244115018829305,58.38594436645508,37338000
2018-01-31,58.70529620480337,58.82977095493848,58.124596903147186,58.62644958496094,36022000
2018-02-01,58.31750366291617,58.88580846888545,57.988720061776846,58.59520721435547,73514000
2018-02-02,55.908911977935325,56.10132195619659,55.10307223257932,55.50128173828125,117842000
2018-02-05,54.57939327736923,55.292501125551134,52.40387747215294,52.684059143066406,83550000
2018-02-06,51.275209521008335,53.92332093628484,51.07833510949319,53.77703094482422,76630000
2018-02-07,53.803813916102946,53.88117365517062,52.29875138174202,52.337928771972656,51942000
2018-02-08,52.55910434558178,52.76043944735816,49.82321701800605,49.97248458862305,66792000
2018-02-09,50.873530413868025,52.154939421196886,49.44136696056784,51.884674072265625,98360000
2018-02-12,52.40041465388367,52.841766609935185,51.84599874927794,52.295780181884766,56240000
2018-02-13,52.06964802475591,52.6260502237265,51.9169110564332,52.27495193481445,31586000
2018-02-14,52.283877489834836,53.332707921134535,52.05973210888085,53.195343017578125,41304000
2018-02-15,53.72843882491216,54.25657503679808,52.92408592137374,54.120697021484375,37396000
2018-02-16,54.22086633158134,54.96124903312961,54.130117040712896,54.32600021362305,39948000
2018-02-20,54.19011920041888,55.35697356321542,54.053249936484505,54.72718048095703,33754000
2018-02-21,55.000425732948564,56.3443180642119,54.92157532240857,55.23101806640625,41486000
2018-02-22,55.49979016418754,55.811711017343065,54.80453627380838,55.04008865356445,28010000
2018-02-23,55.47450705289825,55.9872712108776,54.967698009947114,55.942142486572266,25292000
2018-02-26,56.12909364877986,56.741036543518234,56.00412704241539,56.716243743896484,30912000
2018-02-27,56.716236236936965,56.74351096130997,55.381764825198076,55.4174690246582,42964000
2018-02-28,55.64013070449734,55.920316181710014,54.69792115357458,54.7435417175293,49292000
2018-03-01,55.02224036000283,55.108029569544456,52.92705409936514,53.13136672973633,55338000
2018-03-02,52.46537287912138,53.899026988063376,52.07510100225839,53.76265335083008,50162000
2018-03-05,53.464617792333975,54.60766685300695,53.17401652362872,54.28929901123047,28648000
2018-03-06,54.65328622571274,54.82834160824872,54.27640014796475,54.59377670288086,23382000
2018-03-07,54.193086313844546,55.35250609961514,54.04877884968643,55.294979095458984,30748000
2018-03-08,55.40210212118872,56.108263680275236,55.40210212118872,56.00611114501953,33862000
2018-03-09,56.507960640273545,57.57414936212211,56.249597958853435,57.56621551513672,42662000
2018-03-12,57.77498838527019,58.42511738881455,57.484886534640694,57.81863021850586,44306000
2018-03-13,58.111207579493254,58.41718089353128,56.26348016740989,56.528289794921875,43140000
2018-03-14,56.82038495499177,57.512661392196726,56.64929836172048,56.97361755371094,41870000
2018-03-15,57.00733465855208,57.648534772424746,56.31753642186147,57.05890655517578,33382000
2018-03-16,57.293972942349725,57.36637261327079,56.10430439491228,56.25605010986328,58656000
2018-03-19,55.42987187779874,55.50970975837877,53.99969099855427,54.5526237487793,63656000
2018-03-20,54.469801528272725,54.824372954787925,53.67735139651554,54.34086990356445,54598000
2018-03-21,54.18069321760759,54.98058154435388,53.91488856241785,54.25160598754883,44898000
2018-03-22,53.55784644884805,53.75174331979084,52.05179263650617,52.22585678100586,69312000
2018-03-23,52.13758183628975,52.901766014173454,50.82344247471146,50.90675354003906,49880000
2018-03-26,52.09939566186596,52.5293443201654,50.11479896430372,52.272464752197266,65984000
2018-03-27,52.75894557229753,52.790684742551996,49.472112163939144,49.93429183959961,60816000
2018-03-28,49.68485388033702,50.82939354831861,48.79669436686432,49.84701156616211,77698000
2018-03-29,50.146049329913446,51.97294925017122,49.79048658389764,51.43191909790039,69338000
2018-04-02,50.959817615214966,51.55043709116375,49.304995725569974,50.216461181640625,65068000
2018-04-03,50.39101726128376,50.82989103838948,49.45376396334763,50.5164794921875,51322000
2018-04-04,49.50236245886498,51.2137201179156,49.41706887438984,51.06346130371094,50724000
2018-04-05,51.89062369515919,51.90649138891989,50.78030130890484,51.20875930786133,35836000
2018-04-06,50.73566868177713,51.37538191226471,49.90007607203774,50.083560943603516,40134000
2018-04-09,50.58392096488634,51.80135970518827,50.542265432473954,50.586402893066406,33220000
2018-04-10,51.09073048748129,51.63374304470103,50.354316715830805,51.40017318725586,36620000
2018-04-11,51.177026197797105,51.36894056626015,50.542272971069025,50.83287048339844,34060000
2018-04-12,51.150738957977,51.804333558003776,50.88196051268836,51.43935012817383,32896000
2018-04-13,51.91541758840648,52.21741830032065,51.0852769479233,51.37736129760742,25410000
2018-04-16,51.84896886410997,52.14055760390715,51.272234561158584,51.876243591308594,29776000
2018-04-17,52.625057782700104,53.80530174936191,52.42124076423234,53.525611877441406,54584000
2018-04-18,53.50825905100342,53.656531576402124,53.08723923405093,53.32874298095703,31126000
2018-04-19,53.012851887323954,54.42567449731254,53.012851887323954,54.025978088378906,39884000
2018-04-20,53.76909739769455,54.28880029452689,53.165584023727696,53.42444610595703,42434000
2018-04-23,53.705119071648696,53.954064771249676,52.89680128744757,53.2503776550293,69590000
2018-04-24,52.525870774400595,52.788202259057215,50.22786633995534,50.71285629272461,128220000
2018-04-25,51.06544760978405,51.37885918160674,50.43366817604129,50.730220794677734,57860000
2018-04-26,51.23751872622358,52.16981568812195,50.60425248870009,51.737884521484375,50926000
2018-04-27,51.84846920402665,52.15394309815945,50.95832720541133,51.149742126464844,40746000
2018-04-30,51.297031813913144,51.49291119658889,50.4976390221724,50.51152420043945,34492000
2018-05-01,50.398460199378235,51.659537153404955,50.116292168946714,51.610939025878906,35326000
2018-05-02,51.27620250432645,51.77111261726517,50.7386455999112,50.881961822509766,34698000
2018-05-03,50.84823576896369,51.112054125446285,49.981399702318726,50.894351959228516,39282000
2018-05-04,50.562601539773475,52.16287782750015,50.485241799708824,52.11923599243164,36892000
2018-05-07,52.262552084785746,52.81349856487074,52.08303602194404,52.53876876831055,34400000
2018-05-08,52.79465149922729,52.82490378360529,52.1509732359064,52.49562454223633,26030000
2018-05-09,52.76886357368179,54.251607525649504,52.67017666424424,54.00117492675781,47160000
2018-05-10,54.30120435903891,55.01579922866569,54.24566364329505,54.820411682128906,36414000
2018-05-11,54.56948129284038,54.99595676164047,54.41128863921936,54.71676254272461,30504000
2018-05-14,54.8253695323145,55.44921508455651,54.78718718350271,54.87644958496094,39338000
2018-05-15,54.39541794968125,54.505508105175096,53.49684271426111,53.79884719848633,35738000
2018-05-16,53.80976696492129,54.27045979457805,53.638184745600924,53.76017379760742,25628000
2018-05-17,53.62975123129193,54.10283853372992,53.379814247827525,53.61983108520508,25738000
2018-05-18,52.863087042623874,53.24642011587584,52.79762996645522,53.04359436035156,35482000
2018-05-21,53.50775639393948,54.21689547540885,53.4581670156506,53.756202697753906,25180000
2018-05-22,54.043335542942394,54.142514308298246,53.173521804708045,53.324771881103516,22226000
2018-05-23,53.06144635744468,53.954070332903406,52.91069191788155,53.8529052734375,23740000
2018-05-24,53.899525468439535,53.91043308993885,53.175509863785784,53.82761764526367,20604000
2018-05-25,53.88217017414293,54.03193337706982,53.686290770718976,53.759681701660156,22224000
2018-05-29,53.35898964912242,53.623803084012096,52.718285133936725,52.96574020385742,36076000
2018-05-30,53.234022894047186,53.50726580445433,52.89036283283215,53.431888580322266,28686000
2018-05-31,53.65653211977439,55.045057608864525,53.45817457855658,54.549156188964844,79368000
2018-06-01,55.187384321755374,56.44151871914858,55.14473374129431,56.284812927246094,63202000
2018-06-04,56.45836729205581,57.41843459494739,56.38398133372516,57.17940902709961,44754000
2018-06-05,57.25975381574138,57.579112930998754,56.90270419573107,57.07924270629883,32964000
2018-06-06,57.16602203245919,57.26222701862071,56.35026594935218,56.87740707397461,34934000
2018-06-07,56.759885382484924,56.82385557667041,55.84445101917018,56.25605010986328,36108000
2018-06-08,56.09685580358714,56.47225120597935,55.701124481501935,56.171241760253906,27284000
2018-06-11,56.1826524304794,56.91658816528668,56.1062839480188,56.577388763427734,24796000
2018-06-12,56.5833372860979,56.96667034977643,56.5833372860979,56.938899993896484,26092000
2018-06-13,57.141720123312105,57.30834603666052,56.700368217230384,56.74251937866211,34302000
2018-06-14,57.13825529447141,57.82160660348666,57.05841362577938,57.5300178527832,35422000
2018-06-15,57.520592376234816,57.71845805977032,57.21164904913898,57.48836135864258,44438000
2018-06-18,57.16205933724765,58.7211757914238,57.07825263296036,58.69390106201172,33038000
2018-06-19,58.025916529943856,58.65570961097429,57.604401118221695,58.45140075683594,47282000
2018-06-20,58.68000689423033,59.58205155927796,58.61702796840874,58.71818923950195,51686000
2018-06-21,58.78960180960004,59.02862359524189,57.69712968968656,57.9926872253418,44966000
2018-06-22,58.09435511024316,58.26841547546482,57.50720499767632,57.98525619506836,34220000
2018-06-25,57.27660748631316,57.32570123702275,55.535992641005855,56.49705123901367,57682000
2018-06-26,56.73806097837221,56.87343957261279,55.98726632248707,56.16678237915039,34688000
2018-06-27,56.33439303520849,56.840710163752625,55.377303271033774,55.38920593261719,34538000
2018-06-28,55.163570834243025,56.235215221429016,54.8501630802286,55.877174377441406,29726000
2018-06-29,56.15140062982097,56.600190694076936,55.889069179093305,55.99667739868164,31562000
2018-07-02,55.31036062491598,56.681031969084565,54.876446930042064,56.63739013671875,23216000
2018-07-03,56.99990226522795,57.02419943740615,55.264742906533236,55.356483459472656,16448000
2018-07-05,55.76906672616169,56.73805916810667,55.695672023074046,56.59672546386719,28594000
2018-07-06,56.62053323618329,57.336119326097574,56.39588845660684,57.28057861328125,21820000
2018-07-09,57.5245597123931,57.91780914101105,57.387194819139,57.88557434082031,21584000
2018-07-10,58.019965299848046,58.19402565354228,57.65150867103395,57.878631591796875,21334000
2018-07-11,57.30735360137686,58.53818194817805,57.29495909360109,58.092864990234375,33252000
2018-07-12,58.261468868395724,59.60684802511169,58.17418898558907,59.570648193359375,44148000
2018-07-13,59.647014850950164,60.02588345893193,59.27459320277427,59.727352142333984,32612000
2018-07-16,59.69710416604418,59.94009857353567,59.18087063251283,59.33509826660156,26784000
2018-07-17,58.65224005936891,60.4384755046364,58.615540815278734,60.156803131103516,40162000
2018-07-18,59.93116229582172,60.57880931643546,59.7342916759033,60.14836883544922,38948000
2018-07-19,59.8379394825147,60.325411378483885,59.3955963063549,59.46353530883789,38338000
2018-07-20,59.47046994530989,60.042244090004544,59.33905261860257,59.40302658081055,37938000
2018-07-23,59.29295026134349,60.256982745158574,59.111943518550284,60.05366134643555,65446000
2018-07-24,63.02906942804267,63.22743075179263,61.69707970330851,62.39183807373047,107600000
2018-07-25,62.117601610181076,63.38809924001521,61.94056369068938,63.274044036865234,51104000
2018-07-26,62.83963148817105,63.842345640743225,62.63234507695743,63.74812316894531,54686000
2018-07-27,63.92764032936621,64.04268678664052,61.71442994578182,62.13098907470703,48362000
2018-07-30,61.742200025261354,62.13098879607649,60.70675921387237,60.99785232543945,43896000
2018-07-31,61.080671646133155,61.551780257659935,60.311035469464436,60.85801315307617,39382000
2018-08-01,61.44764120126705,61.784354899209696,60.744948993606215,61.14414978027344,36994000
2018-08-02,60.425580751599156,61.71046288718155,60.40376172708883,61.54780578613281,34704000
2018-08-03,61.74865251092287,61.81510463363149,60.967113650993504,61.40053176879883,21264000
2018-08-06,61.571612050334366,61.61376321311959,61.022152480370046,61.376224517822266,22114000
2018-08-07,62.087347066897074,62.78508294379242,62.07693507500244,62.277278900146484,42506000
2018-08-08,62.32091263658967,63.06476465719997,62.09279847094709,62.54952621459961,34344000
2018-08-09,62.61896084125917,63.076676123256064,62.48853852663434,62.704750061035156,27326000
2018-08-10,62.44291060517788,62.54308441078744,61.84683919504169,62.112144470214844,26602000
2018-08-13,62.047183771312895,62.77962882865743,61.840392980843816,61.920230865478516,27500000
2018-08-14,62.11165228168397,62.51283558847085,61.46896522772565,62.39134216308594,28080000
2018-08-15,61.70401855503376,62.085860958793766,60.809412028021946,61.105960845947266,37052000
2018-08-16,61.59045622905311,61.675257970750934,60.48162067754189,60.7013053894043,32176000
2018-08-17,60.601134976171906,60.84462122823014,59.706528439964295,60.29417037963867,33092000
2018-08-20,60.53270186646069,60.793050860880605,59.9396042095753,60.59667205810547,22218000
2018-08-21,60.64973160024402,61.13273906052275,60.25350461148751,60.37152862548828,23082000
2018-08-22,60.213340923470824,60.82379696538456,60.163751538026986,60.58675765991211,22296000
2018-08-23,60.49401674337012,61.252249616869754,60.46773327420355,60.557491302490234,24666000
2018-08-24,60.797512082349854,61.36283938682492,60.570389145868326,61.33060836791992,24454000
2018-08-27,61.697075946101634,62.37794909590035,61.525493733098216,62.29860305786133,28580000
2018-08-28,62.280251594971496,62.31298202386681,61.639051483139156,61.78236770629883,27330000
2018-08-29,62.23562930064032,62.83914276192529,62.12653038098002,62.71417236328125,36926000
2018-08-30,62.65218094105127,62.95418546815909,61.849318724961755,62.207855224609375,30104000
2018-08-31,62.09727138257301,62.11413033569713,60.7851143929751,61.08513641357422,42308000
2018-09-04,60.62493731993848,60.89024638459833,59.83347835374634,60.06903076171875,41458000
2018-09-05,59.96538422822053,60.24556971398544,58.28527013841559,59.46353530883789,53988000
2018-09-06,59.43725003801267,59.45807780419467,57.70357780512544,58.71422576904297,46854000
2018-09-07,58.11964646898166,58.94036651916666,57.98426785962026,58.39685821533203,32658000
2018-09-10,58.724643619292685,58.84663645485562,58.05071303312725,58.27138900756836,27670000
2018-09-11,58.0750106684798,59.05887957731326,57.81962176153576,59.01176834106445,29254000
2018-09-12,58.615545695752786,59.04648565950591,57.83003803658529,58.09981155395508,35716000
2018-09-13,58.50148832279991,58.906144800442625,57.98178160132907,58.62248611450195,40068000
2018-09-14,58.913083692868184,58.913083692868184,58.195015701265106,58.41618728637695,24176000
2018-09-17,58.40577882192011,58.60661828158501,57.44819334906225,57.51613235473633,34096000
2018-09-18,57.656467902342634,58.58231793606274,57.5954714892381,57.87714385986328,32314000
2018-09-19,57.96888931276128,58.3313908288517,57.456125199601075,58.23221206665039,25962000
2018-09-20,58.54958773082675,59.21062434798751,58.33039865935432,59.090118408203125,29244000
2018-09-21,59.25624581376571,59.338565624059825,58.12261750425086,58.12559127807617,91222000
2018-09-24,57.495303984931574,58.773735437507995,57.10304580391449,58.494544982910156,31150000
2018-09-25,58.72712229225433,59.352450934388095,58.223283283094446,59.205169677734375,33152000
2018-09-26,59.19525813307723,59.867202437262,58.78415467619943,59.21360397338867,37650000
2018-09-27,59.50816262940116,60.34425083124083,59.411462016465464,59.873146057128906,36274000
2018-09-28,59.71099187937632,59.9272071969865,59.400557865496,59.85926818847656,35612000
2018-10-01,60.15283860556352,60.70824572698339,59.66635796192312,59.93116760253906,33164000
2018-10-02,59.83892906292464,60.72411480282126,59.49130399681429,59.88703155517578,40180000
2018-10-03,60.103246708296815,60.21135436103565,59.61478353847458,60.07994079589844,26246000
2018-10-04,59.75760228989109,59.80074471048589,57.715482313943795,58.371063232421875,46576000
2018-10-05,58.31800151953087,58.61554159078529,57.24288769111712,57.91284942626953,31852000
2018-10-08,57.52456145272138,58.31106033375174,56.3046444828215,57.322235107421875,46190000
2018-10-09,57.09361379102475,57.60141777671131,56.73954178875623,56.78913116455078,33690000
2018-10-10,56.35423173524925,56.384979648297815,54.128131258402064,54.16036605834961,58980000
2018-10-11,53.50973925718462,55.34556779109662,53.35352912030459,54.089942932128906,67696000
2018-10-12,55.52310448461403,55.83006909493526,54.302691828734865,55.5677375793457,49370000
2018-10-15,55.44177314614731,55.63021429950224,54.460878053892145,54.67015075683594,30074000
2018-10-16,55.21762424560735,56.35274318145139,55.131835035843245,56.18959045410156,38378000
2018-10-17,56.532759256237064,56.87988872075528,55.24341638076275,55.9173469543457,35652000
2018-10-18,56.036858277452815,56.15339540928809,53.871754093826716,54.44551086425781,46152000
2018-10-19,54.73313116691298,55.588064644030325,54.40186941514952,54.806026458740234,41286000
2018-10-22,55.16952330250244,55.62476039910742,54.54915095810386,55.11299133300781,27116000
2018-10-23,54.11722105929459,55.44177625930868,53.50825573348647,55.28853988647461,37686000
2018-10-24,55.29300386341311,55.3733411581951,52.32056935760662,52.422725677490234,49286000
2018-10-25,53.57222499683899,55.43284641314189,53.3366726001315,54.72718048095703,72956000
2018-10-26,51.98683390312429,55.3921873664318,51.68433373279852,53.743316650390625,106438000
2018-10-29,54.37757102202303,54.98703577121266,49.94718891468537,51.31240463256836,81290000
2018-10-30,50.582437710545854,52.11427556975001,50.28291511551271,52.045345306396484,59768000
2018-10-31,52.97218539969845,54.94587456200168,52.97218539969845,54.08201217651367,70916000
2018-11-01,54.12267938183399,54.544194822068334,53.44924442209076,53.85390090942383,40132000
2018-11-02,54.0036608708647,54.4499728681632,52.94540599746691,53.135337829589844,43438000
2018-11-05,53.18690854656396,53.22757282190439,51.276202151660776,52.35379409790039,45358000
2018-11-06,52.31858558730312,53.54842264477756,52.248664069488854,53.040122985839844,28660000
2018-11-07,53.730419916510975,55.0415818163461,53.586608057537674,54.9577751159668,43388000
2018-11-08,54.91116602403288,54.956786593916036,53.77356501619863,54.28285598754883,33694000
2018-11-09,53.75670205685472,53.97142669030988,52.77680195086009,53.40957260131836,34860000
2018-11-12,53.216671387507866,53.264773886277624,51.59110657655754,52.03791046142578,34002000
2018-11-13,52.30817445358595,52.89631200263692,51.59357963221457,51.96897506713867,25750000
2018-11-14,52.565550481816324,52.85267858421716,51.628792730384205,52.29677200317383,34666000
2018-11-15,52.14204716151676,53.50131148140594,51.637712533591234,53.11351776123047,41584000
2018-11-16,52.82490777741053,53.1824530308776,52.312639254411955,52.97566223144531,35366000
2018-11-19,52.7336550830274,52.96226867525788,50.724265514564266,50.94989776611328,45684000
2018-11-20,49.95165011439261,51.44233186700774,49.699734383253194,51.10015869140625,54458000
2018-11-21,51.83706287462621,52.30321135194461,51.546961040367535,51.74383544921875,29698000
2018-11-23,51.251414125277314,51.72252277305887,51.004454658245834,51.08280944824219,14178000
2018-11-26,51.77210942942277,52.41677901065507,51.56234106885723,52.36421585083008,31558000
2018-11-27,52.136096916276294,52.900776751961324,51.846490692518564,52.182708740234375,33048000
2018-11-28,52.439592282131,54.19508375066261,51.720037329094545,54.14202117919922,46042000
2018-11-29,53.73239993732191,54.556589291132255,53.656527087727646,54.280372619628906,31004000
2018-11-30,54.33244454037789,55.02769470214844,53.71504596151759,55.02769470214844,59668000
2018-12-03,56.14397201390017,56.28480631004417,55.13084208010113,55.36044692993164,57532000
2018-12-04,55.193328765578826,55.25531643727826,52.60422736109533,52.68803405761719,45630000
2018-12-06,51.82169421560711,53.528587431634996,51.696727612647116,53.462135314941406,47436000
2018-12-07,53.17203169584198,53.80678483588291,51.542498271462186,51.90004348754883,42682000
2018-12-10,51.71954044563596,52.54571236714273,51.22661659854662,52.22734451293945,33652000
2018-12-11,52.90970087647782,53.081283083389565,52.07460390793039,52.647369384765625,33852000
2018-12-12,53.41254832972403,54.13904206804826,53.15914192619585,53.246421813964844,28960000
2018-12-13,53.342617560201916,53.97489249521573,52.81299456087864,53.23698806762695,24986000
2018-12-14,52.56653650781619,53.14674020302357,52.03840033776918,52.154441833496094,36358000
2018-12-17,51.92137162429705,52.683573360961546,50.4148259287533,50.86212921142578,49932000
2018-12-18,51.276203307045996,52.5501740698166,51.101643539839884,51.74284744262695,43640000
2018-12-19,51.93525681051132,53.34461003728609,50.55367772499498,51.34860610961914,58264000
2018-12-20,50.87947841740383,51.942693316807016,49.979915657086195,50.75947189331055,53674000
2018-12-21,51.17900616560844,51.458196608978,48.65734815338162,49.15622329711914,104656000
2018-12-24,48.81256717172268,50.19117248549868,48.482296651220004,48.829925537109375,36360000
2018-12-26,49.49046000831835,51.99277700934326,49.225646602209785,51.9630241394043,46318000
2018-12-27,50.8893994630254,52.235274224650134,49.93726596635877,52.21345520019531,45996000
2018-12-28,52.54075470295131,52.77531586616497,51.672927205277276,51.90501022338867,34398000
2018-12-31,52.457936179774954,52.71382450957579,51.22859846003051,51.8197135925293,33110000
2019-01-02,50.93898977352967,52.6047230648871,50.843776043780714,52.301727294921875,31868000
2019-01-03,52.10287264182408,52.875981979933826,50.69947078305662,50.85319900512695,41960000
2019-01-04,51.700692372040024,53.55734876361941,51.41802873823579,53.461639404296875,46022000
2019-01-07,53.60545509662506,53.69124431582315,52.696467715878086,53.35502624511719,47446000
2019-01-08,53.8548939366267,54.21938178625841,52.97962822517848,53.82365417480469,35414000
2019-01-09,53.95357439752464,54.13457733639377,53.2781531970929,53.6391716003418,26998000
2019-01-10,53.30642301238766,53.54792673522367,52.797627727154754,53.49932861328125,26598000
2019-01-11,53.05648645219858,53.228564287913436,52.38850724708884,52.78721237182617,30864000
2019-01-14,52.23527672360006,52.48868312031389,51.997741804598526,52.144527435302734,28490000
2019-01-15,52.46686220785265,53.96746024116966,52.28982429846491,53.88018035888672,37518000
2019-01-16,54.05325450748139,54.6661886897786,53.95457136636317,54.028953552246094,38280000
2019-01-17,53.95357453146832,54.58386323084634,53.71900961368092,54.50551223754883,24896000
2019-01-18,54.97512970149426,55.44177382173564,54.51344565423578,54.91115951538086,44892000
2019-01-22,54.35079086117299,54.498075902626475,53.10558170056644,53.489410400390625,39632000
2019-01-23,53.89753635595871,54.19954087399449,52.94094594559311,53.77604293823242,25194000
2019-01-24,53.681812647839,53.95406425387874,53.062431636802735,53.75570297241211,29114000
2019-01-25,54.263012668104324,54.7157716075917,54.14251051447495,54.62403106689453,23260000
2019-01-28,54.05672072326006,54.22036529452775,53.29005462767031,53.5504035949707,29334000
2019-01-29,53.6089221228322,53.7919113705398,52.86407877841263,53.064422607421875,19704000
2019-01-30,53.42642809001765,54.52534718103893,53.39072388882378,54.4494743347168,29452000
2019-01-31,55.1561302445522,55.92130565019333,54.80949644829899,55.83303451538086,40232000
2019-02-01,55.65451311988307,56.25505273717581,55.25581177728074,55.47251892089844,33116000
2019-02-04,55.49185868396291,56.648796650028686,55.41747272312424,56.603172302246094,78408000
2019-02-05,56.01850709621822,57.16602438858918,55.71948013382828,57.12139129638672,82296000
2019-02-06,56.99245699091347,57.227018124056855,55.459624180838055,55.684268951416016,48256000
2019-02-07,55.13530738050181,55.14373685655709,54.23128012441886,54.84223175048828,38298000
2019-02-08,54.29524547276873,54.80205821683944,54.263510087289426,54.667171478271484,21766000
2019-02-11,54.73511453956528,55.21514822312965,54.54915152300957,54.65428161621094,18498000
2019-02-12,55.0951360411319,56.178683086895354,55.0951360411319,55.916847229003906,35036000
2019-02-13,56.18760746750366,56.674088088339815,55.83849173367112,55.96891403198242,28042000
2019-02-14,55.78889947400959,56.34083713825974,55.39664134143673,55.99717712402344,21106000
2019-02-15,56.49804146814514,56.49804146814514,55.37829460553834,55.52260208129883,27826000
2019-02-19,55.37433416937711,56.01900371365517,55.37433416937711,55.86378860473633,21980000
2019-02-20,55.98131675352632,56.08297744721995,55.1318389376627,55.570213317871094,24090000
2019-02-21,55.48045563907056,55.498805261978845,54.44897982598099,54.75792694091797,33272000
2019-02-22,55.03017826981313,55.40458246006071,54.57394989558548,55.370365142822266,29436000
2019-02-25,55.63666444539481,55.808742286415196,55.24887071273336,55.40855026245117,26208000
2019-02-26,55.261763980299094,55.86031734873191,54.88140844418567,55.64063262939453,35026000
2019-02-27,55.243908298338845,55.82510324372257,54.97364296316191,55.684268951416016,22092000
2019-02-28,55.49136425895649,56.23472068766266,55.46210701631137,55.86576843261719,27422000
2019-03-01,56.08644635618862,57.02865975225924,56.08644635618862,56.955265045166016,34086000
2019-03-04,57.25479323418652,57.798301506845725,56.44597589388642,57.19826126098633,35490000
2019-03-05,57.32619922743179,58.34230294891412,57.17842234025884,57.98029327392578,40094000
2019-03-06,58.10774707513317,58.25552397570588,57.67581584092383,57.7695426940918,23602000
2019-03-07,57.549355197546085,57.70209215281522,56.61755383444335,57.07080841064453,30086000
2019-03-08,56.23026120860761,57.19974938406611,56.04677632281344,57.02717590332031,23694000
2019-03-11,57.12784146729309,58.51190249750034,57.10651806966734,58.479671478271484,30032000
2019-03-12,58.63042169944413,59.791324739143484,58.63042169944413,59.37179183959961,42220000
2019-03-13,59.80223795182649,59.861248068720826,59.404524065314185,59.461551666259766,25888000
2019-03-14,59.45957068686386,59.741243079387836,59.07326382392869,59.13772964477539,27302000
2019-03-15,59.40898775828328,59.593460108295844,58.86398883406654,59.02714157104492,51886000
2019-03-18,58.99688917576434,59.25773377275096,58.589754587087576,58.94035720825195,24442000
2019-03-19,59.0975568546802,59.677268706394294,58.985484173693706,59.630157470703125,29788000
2019-03-20,59.57758831206408,60.99537085692639,59.48783028814234,60.81882858276367,41508000
2019-03-21,60.49996589969895,61.3152263429642,60.33036621206726,61.29985427856445,28150000
2019-03-22,60.938839711547274,61.17587898783279,59.805703287370676,59.88752746582031,34422000
2019-03-25,59.48634632853268,59.97629637539744,59.01226397560031,59.378238677978516,27576000
2019-03-26,59.76553245948187,59.88752527927204,58.603638248143895,59.00432586669922,30752000
2019-03-27,59.107480926935835,59.107480926935835,57.7343275454508,58.41768264770508,29428000
2019-03-28,58.293205073603154,58.37998553960002,57.69465178230228,58.133026123046875,22402000
2019-03-29,58.525285785823435,58.713235095709805,57.8409432687041,58.36213684082031,30890000
2019-04-01,58.890274595087455,59.51808520124541,58.83176010564364,59.45758819580078,27706000
2019-04-02,59.51064629415848,59.79628749892426,59.07375879410385,59.78289794921875,18288000
2019-04-03,60.13795828936731,60.52972083098244,59.76008470919259,60.04423522949219,22180000
2019-04-04,60.06803792748894,60.527243852136195,59.956460872264365,60.472694396972656,21022000
2019-04-05,60.465254086840815,60.51930791115467,60.00555254911908,60.07596969604492,20012000
2019-04-08,60.05911614332501,60.19995044983661,59.74124391223257,59.91877746582031,21750000
2019-04-09,59.601894179377005,59.862735013703436,59.42783003559365,59.641563415527344,19668000
2019-04-10,59.76057859967975,59.951497900092924,59.540893902709925,59.82801818847656,15510000
2019-04-11,59.94952444001766,60.139951923667695,59.73331289650362,59.983741760253906,16998000
2019-04-12,60.282767929038975,60.65122459868756,60.167225831691304,60.63535690307617,24312000
2019-04-15,60.70278993353485,60.961156397142275,60.23019825206835,60.82379150390625,23796000
2019-04-16,60.99586951444709,61.29241832671857,60.74990134124958,61.0905876159668,22622000
2019-04-17,61.342999928729455,61.7446826240801,61.13968232787188,61.498714447021484,30366000
2019-04-18,61.739722177019004,61.78633778477125,61.46251424224108,61.56467056274414,24750000
2019-04-22,61.3266379946004,62.20289491593463,61.1629896255075,62.17413330078125,19084000
2019-04-23,62.31694731609197,63.199155475503254,62.08535996551398,63.00872802734375,31868000
2019-04-24,63.008733957122125,63.1778380265798,62.47415458773735,62.486053466796875,23396000
2019-04-25,62.994346498508044,63.118321833279076,62.38438997015368,62.84756088256836,31344000
2019-04-26,63.14708736238461,63.42132151606078,62.73152328568411,63.34743118286133,27228000
2019-04-29,63.50067047663686,64.3169298473822,63.06427858710066,64.27873992919922,72368000
2019-04-30,59.04350662741325,59.55676257846437,58.66513363960765,59.45659255981445,133178000
2019-05-01,59.38419750483453,59.47098177030038,58.103779622147535,58.18510818481445,74340000
2019-05-02,58.149397554904354,58.48561939060794,57.441745308851296,57.84739303588867,45098000
2019-05-03,58.387929322326315,59.081696456556834,58.196514365560624,58.98995590209961,41588000
2019-05-06,58.1196430747011,59.28154121522016,58.077987538341475,59.1838493347168,31774000
2019-05-07,58.80448638491328,59.24881211607045,57.772514903678946,58.459835052490234,36604000
2019-05-08,58.38197156478098,58.72811354197233,57.902932921424046,58.05914306640625,25520000
2019-05-09,57.653495645746986,58.22229232054152,57.25875554325852,57.91979217529297,29556000
2019-05-10,57.962940468651176,58.33188896062332,56.84864920756702,57.9034309387207,31650000
2019-05-13,56.79260867834261,57.126348570122865,55.81369987286874,56.363651275634766,45626000
2019-05-14,56.64781213207497,56.774265632147156,55.71601067004945,55.78196716308594,40392000
2019-05-15,55.66740478478323,58.43205708618332,55.61037718878773,58.06013107299805,59302000
2019-05-16,58.11170663709032,59.21855964212482,57.94359761215228,58.73951721191406,35308000
2019-05-17,58.30957232000944,58.82828398541456,57.84292818102137,57.9599609375,25362000
2019-05-20,57.1774327504438,57.1774327504438,56.44052324213396,56.763851165771484,30602000
2019-05-21,57.250819033139784,57.42537879315505,56.69689882020132,57.248836517333984,20562000
2019-05-22,57.09064194043587,57.71200550411785,57.078243650212926,57.318756103515625,18826000
2019-05-23,56.83377289198655,57.03113916733557,56.19356400273092,56.797569274902344,25214000
2019-05-24,57.12784332757595,57.244876095538366,56.36961037265467,56.46383285522461,18554000
2019-05-28,56.606154286403545,57.35050201510359,56.46680308738616,56.51094055175781,20948000
2019-05-29,56.17074596879282,56.28480494749129,55.14175214942321,55.53797912597656,36230000
2019-05-30,55.548394687102004,55.878169570146916,55.33763507998775,55.610877990722656,18088000
2019-05-31,54.82884368467994,55.21365987061157,54.715280327354535,54.871490478515625,31582000
2019-06-03,52.90920711845489,52.912676521319256,50.930561642121816,51.511260986328125,96890000
2019-06-04,51.79639981884811,52.488184333554216,51.376866936082195,52.292301177978516,60512000
2019-06-05,52.317592162166996,52.4073501849964,51.22661071101869,51.803836822509766,46988000
2019-06-06,51.88170064785095,52.069646185885304,51.35108630948426,51.95856475830078,29020000
2019-06-07,52.28189037260562,53.23154195089518,52.126671488166366,52.980613708496094,43828000
2019-06-10,53.40858028707478,54.29327049002996,53.32328669748126,53.69422149658203,28510000
2019-06-11,54.3998882301336,54.748012749647344,53.53602956704234,53.608924865722656,33508000
2019-06-12,53.5548731804683,53.68231793371937,53.04161341422099,53.51272201538086,23670000
2019-06-13,53.79091982164258,54.380048643008536,53.68479846818787,54.103336334228516,20814000
2019-06-14,54.04035719000536,54.28929914113113,53.630744430671754,53.86976623535156,24582000
2019-06-17,54.00861987588463,54.61262510963689,53.95407042265878,54.24615478515625,19770000
2019-06-18,55.11943973209184,55.480454366679965,54.588329772186036,54.80900573730469,34526000
2019-06-19,54.908178996972794,55.01678226722083,54.35227251015568,54.772796630859375,26714000
2019-06-20,55.625254564981795,55.675838985558876,54.89627896145822,55.203739166259766,24018000
2019-06-21,55.03811051103241,55.8667605353799,55.031167921989905,55.807254791259766,50774000
2019-06-24,55.54095243430775,55.71799034008654,55.20919505940072,55.37730407714844,24236000
2019-06-25,55.29697156523066,55.32771569465771,53.78546213142027,53.93324279785156,31644000
2019-06-26,54.10283853958426,54.30715117461106,53.244435661949076,53.57321548461914,34698000
2019-06-27,53.892080954369916,53.976878905152184,53.35154651318348,53.390228271484375,24078000
2019-06-28,53.41998085161553,53.696197509765625,53.24988553860291,53.696197509765625,33672000
2019-07-01,54.60072809032175,54.97513608373966,54.31756880330292,54.549156188964844,29196000
2019-07-02,54.788676547996936,55.18837296498841,54.53279199449286,55.17399215698242,20630000
2019-07-03,55.46656960642054,55.937182567074046,55.28556665878392,55.689231872558594,20154000
2019-07-05,55.509712175195695,56.267449439103345,55.41698037071205,56.16926193237305,29794000
2019-07-08,55.83204812175117,55.89850023897379,55.132333508714034,55.381771087646484,29888000
2019-07-09,55.060924410090834,55.93073818027176,54.90372299665193,55.753700256347656,29472000
2019-07-10,56.15191239581184,56.648805088762046,56.06959257601491,56.5778923034668,30710000
2019-07-11,56.83823211312122,57.189330386367295,56.50945227772339,56.735084533691406,26004000
2019-07-12,56.67805836922192,56.90468567231984,56.46135121284725,56.797569274902344,21878000
2019-07-15,56.79756351489089,57.06237692419117,56.53275388901765,57.05394744873047,21164000
2019-07-16,56.86649740090158,57.454143110765386,56.86649740090158,57.20024108886719,25352000
2019-07-17,57.07428700784104,57.447204326650706,56.861049248315126,56.867000579833984,19538000
2019-07-18,56.63193513480286,56.93790846039602,56.17868433807798,56.891788482666016,25450000
2019-07-19,56.99493690261568,57.10700958518703,56.09884350416264,56.11371994018555,23184000
2019-07-22,56.30811247619203,56.533748511850774,55.79932096005546,56.49357986450195,28914000
2019-07-23,56.70384306743946,56.972125891678026,56.17818882306759,56.93195724487305,20648000
2019-07-24,56.166782066704464,56.80351773742075,55.9629650578798,56.51936721801758,27192000
2019-07-25,56.48068849261149,56.71078898283292,55.724937510612726,56.331424713134766,54762000
2019-07-26,60.89669100249889,62.899633620136136,60.89669100249889,61.750633239746094,121216000
2019-07-29,61.615745870948935,61.937586892558215,61.0057855147217,61.58301544189453,41382000
2019-07-30,60.84709339281561,61.338534076359196,60.763782330236175,60.89668655395508,28616000
2019-07-31,60.741464022739834,61.23934785250795,59.91380536505842,60.41069793701172,39960000
2019-08-01,60.38243658431256,61.30828280460863,59.85529169146404,60.09233474731445,35426000
2019-08-02,59.65693772407873,59.97927059539974,59.01226441458213,59.32567596435547,34910000
2019-08-05,58.16774134419946,58.361641987549525,56.669129618729926,57.26420974731445,47840000
2019-08-06,57.79829933606973,58.585789466166396,57.60043365387298,58.07402038574219,36014000
2019-08-07,57.41546546045314,58.509920251086825,57.070318497931716,58.31354522705078,30686000
2019-08-08,58.83522822791274,59.81959280201801,58.21882466903236,59.81513214111328,30116000
2019-08-09,59.507665429643886,59.729332633436535,58.75885334363054,58.95771026611328,20418000
2019-08-12,58.51636146272874,58.794560647257406,57.95698553647479,58.243614196777344,22064000
2019-08-13,58.236177705409375,59.77744005135375,58.16873811379174,59.346004486083984,28434000
2019-08-14,58.32148380331564,58.654728129754886,57.57763161743273,57.735328674316406,35430000
2019-08-15,57.94260643286453,58.33882964015556,57.67333234515644,57.98674011230469,28506000
2019-08-16,58.55554289281411,58.70679297193072,58.169236033164765,58.47718811035156,24916000
2019-08-19,59.10301619731981,59.973821209229875,59.03210341664599,59.52998733520508,24450000
2019-08-20,59.2775765475695,59.40899011785179,58.667616151780344,58.6914176940918,20206000
2019-08-21,59.30088211482607,59.53593889627519,58.909119551268375,59.09061813354492,14152000
2019-08-22,59.20071043475852,59.447669887888416,58.4623140038741,59.087646484375,17352000
2019-08-23,58.7727427748867,59.29344073521031,57.02865847577189,57.20619201660156,36254000
2019-08-26,57.49728131019381,58.11269354773847,57.26916714544354,58.07897186279297,21166000
2019-08-27,58.66513575010437,58.764314514394854,57.75069271231088,58.061126708984375,23460000
2019-08-28,57.7660678296099,58.44198094303764,57.53696237493225,58.20642852783203,16810000
2019-08-29,58.83473662804667,59.4680029662167,58.77820465196283,59.2225341796875,19636000
2019-08-30,59.52552763565574,59.52552763565574,58.80002135977353,59.038551330566406,18064000
2019-09-03,58.6081026279347,58.96663910917383,57.70853983655242,57.998146057128906,25908000
2019-09-04,58.48908610398832,58.758360180871236,58.09633231531948,58.628929138183594,21312000
2019-09-05,59.19376717840037,60.20243274849439,59.145664680442096,60.112674713134766,26394000
2019-09-06,59.96142202276999,60.150358819891544,59.66982949021051,59.82157897949219,18972000
2019-09-09,59.859262573889204,60.52724177884461,59.16946434430124,59.76950454711914,31854000
2019-09-10,59.31426820929978,60.00406644767936,59.31029939412183,59.790828704833984,27922000
2019-09-11,59.70107231415297,60.62245794277462,59.62123064685338,60.499969482421875,23522000
2019-09-12,60.67204890408515,61.6117803963693,60.626920181517946,61.24233627319336,31644000
2019-09-13,61.1005056186852,61.543843853790506,60.85106803599327,61.49325942993164,23676000
2019-09-16,61.01768821978675,61.44317244751189,60.75733924092804,61.07670211791992,28218000
2019-09-17,61.0767020090676,61.24381977351142,60.66609421799294,60.98991775512695,20806000
2019-09-18,61.007770292284484,61.30531035330873,60.324914660454276,61.127281188964844,17440000
2019-09-19,61.11092319789339,61.70699462985552,61.11042756889406,61.429786682128906,16554000
2019-09-20,61.176375269413754,61.63062110183723,60.677500130138256,60.98793411254883,37692000
2019-09-23,60.82577681081877,61.47590584591397,60.68742065329418,61.228450775146484,20798000
2019-09-24,61.49177059527287,61.84435574702612,60.03580563912053,60.417152404785156,35804000
2019-09-25,60.30210403560612,61.88948638631289,59.96439530930563,61.786338806152344,26798000
2019-09-26,61.59788938854766,61.72335539761474,61.08612034016491,61.60532760620117,23166000
2019-09-27,61.63210816601724,61.73922455625371,60.261932446996404,60.79502868652344,34122000
2019-09-30,60.529720383312835,60.86742909728757,60.17366583073107,60.55649948120117,24470000
2019-10-01,60.62344843370685,61.1376994390325,59.78339136996081,59.80570602416992,24504000
2019-10-02,59.33460125465061,59.446673938157964,58.1508841384443,58.41321563720703,33030000
2019-10-03,58.68199283402586,59.06185271029427,57.68027372624603,58.9839973449707,28368000
2019-10-04,59.22500261671592,60.12605603347726,59.06036300568549,60.05167007446289,24282000
2019-10-07,59.855294432634274,60.445913908386466,59.72437649993777,59.91728210449219,17040000
2019-10-08,59.44717293719252,59.84885186964598,58.98648010235407,59.018714904785156,20086000
2019-10-09,59.57412703300156,59.92770347506061,59.41493931712385,59.6271858215332,15948000
2019-10-10,59.43874696548036,60.28276915909023,59.402051499844895,59.97779083251953,12842000
2019-10-11,60.6998141106682,60.933879613135076,60.184571871183685,60.28722381591797,22330000
2019-10-14,60.196971434793475,60.79155593707304,60.09729704509824,60.389381408691406,13296000
2019-10-15,60.57435740883413,61.845350682590826,60.545595793212456,61.60285568237305,27584000
2019-10-16,61.58153099093143,62.19545640319099,61.41887388058944,61.64054489135742,22986000
2019-10-17,62.05709617616047,62.66953466128119,61.98122332826266,62.126522064208984,20958000
2019-10-18,62.22025103490627,62.389846945762145,61.49871362002821,61.71046447753906,31624000
2019-10-21,61.92320671511835,62.161732887897436,61.4912755232847,61.704017639160156,18094000
2019-10-22,61.71393429825658,61.92469389924961,61.48433322932572,61.5512809753418,22862000
2019-10-23,61.50218828619417,62.38637904416191,61.50218828619417,62.36604690551758,21282000
2019-10-24,62.4394416809082,62.62738721875629,62.10421109911762,62.4394416809082,20224000
2019-10-25,62.086851313418414,62.880296548809305,61.945521387384986,62.69681167602539,27104000
2019-10-28,63.22742480904613,64.42948773482502,63.09402873253453,63.920692443847656,65428000
2019-10-29,63.277011173374184,63.515045484840925,62.26586759957852,62.516300201416016,52654000
2019-10-30,62.243062237785296,62.881288593585026,62.01990812718135,62.518287658691406,29204000
2019-10-31,62.48357034580104,62.80689823914488,61.961881154991474,62.4240608215332,31904000
2019-11-01,62.771202075474406,63.12825169994562,62.46919753838538,63.09105682373047,28812000
2019-11-04,63.28246118295257,64.09524338798815,63.28246118295257,63.951927185058594,30632000
2019-11-05,64.03079142816,64.33031783464558,63.94054154310155,64.04269409179688,25148000
2019-11-06,63.97574173910318,64.11954980825729,63.58794801450021,64.0213623046875,24626000
2019-11-07,64.1835183702277,65.59039331831046,64.15723868532784,64.81133270263672,45140000
2019-11-08,64.54254791724352,65.31566095485586,64.54254791724352,64.91348266601562,30392000
2019-11-11,64.6655328055786,64.71016967774435,64.26237082066733,64.38188171386719,17234000
2019-11-12,64.39625501194314,64.93083808744214,64.1815304063855,64.32881164550781,28852000
2019-11-13,64.12896855743497,64.59214327190867,64.0778922913603,64.27774047851562,20538000
2019-11-14,64.21921670418764,65.24672725873073,64.16664977543383,64.92091369628906,28948000
2019-11-15,65.21351099535102,66.13043212890625,65.0568014433281,66.13043212890625,39286000
2019-11-18,66.07092657964729,66.14928136486101,65.26855995871942,65.4510498046875,27984000
2019-11-19,65.78775594457024,65.78775594457024,65.05085031477029,65.09151458740234,21864000
2019-11-20,65.03053019539448,65.12227074851963,63.93211035270607,64.5594253540039,28892000
2019-11-21,64.429983634344,65.01861677417807,64.0084644651908,64.47412109375,25546000
2019-11-22,64.61596521602685,64.80936649312264,63.93955637527135,64.15328979492188,27776000
2019-11-25,64.28172221866342,64.983419412069,64.24948741504542,64.74687194824219,23590000
2019-11-26,64.95862578876051,65.16194720019347,64.66753641859252,65.11186218261719,21910000
2019-11-27,65.23186685461462,65.34195702798004,64.93680491082387,65.06871032714844,18808000
2019-11-29,64.79447292018561,64.9605956368257,64.62735137879393,64.66999816894531,12802000
2019-12-02,64.59413550286762,64.73695989800211,63.494224972941524,63.91475296020508,26538000
2019-12-03,63.40892668143017,64.32982047875444,63.32908879632184,64.20633697509766,25270000
2019-12-04,64.76966703393425,65.67072033323514,64.61841320748522,65.40640258789062,35506000
2019-12-05,65.80612069976046,65.85472261326721,65.17732256641182,65.80413818359375,24408000
2019-12-06,66.09126057742363,66.5732768317176,66.01588713102525,66.42053985595703,32968000
2019-12-09,66.39424795925537,67.32108920325197,66.25588803414921,66.59905242919922,30842000
2019-12-10,66.44781095349515,66.84750734354655,66.15324087344685,66.59410095214844,17606000
2019-12-11,66.86239190658026,66.94123854037991,66.50534226526831,66.66155242919922,20480000
2019-12-12,66.60997502068224,67.17381167318545,66.36153246208066,66.87181091308594,29114000
2019-12-13,66.84254202624732,67.01362860346082,66.53310308380729,66.79146575927734,33170000
2019-12-16,67.19465033522908,67.61765272247395,66.97695188649675,67.4773178100586,28128000
2019-12-17,67.56208807234604,67.6573017883799,66.98485822938915,67.18917083740234,32948000
2019-12-18,67.29381221564596,67.4143143680724,66.96949684654093,67.04139709472656,23330000
2019-12-19,67.04139984132713,67.32010222500082,66.88469785220087,67.26604461669922,28922000
2019-12-20,67.59631951614024,67.64094882668455,66.9828897183772,67.00718688964844,50090000
2019-12-23,67.37961473379353,67.5343342225845,66.84751347435298,66.97793579101562,19936000
2019-12-24,66.9570960026882,67.04636218280068,66.65757720914816,66.67046356201172,13468000
2019-12-26,66.7755984844462,67.60127850432504,66.72402280476463,67.56507110595703,23662000
2019-12-27,67.64093908382699,67.79219292580306,67.09545215530571,67.1767807006836,23212000
2019-12-30,67.28438834287245,67.2938090758565,66.34366194444391,66.43639373779297,19994000
2019-12-31,66.24201503707573,66.48351879324983,66.06051644403173,66.42053985595703,19514000
2020-01-02,66.86784303993142,67.87303161621094,66.77262930429765,67.87303161621094,27278000
2020-01-03,66.84750602902096,68.12445054033702,66.81378055903824,67.51795959472656,23408000
2020-01-06,67.02750332749353,69.34286960010469,66.99626735754264,69.31758117675781,46768000
2020-01-07,69.44900962487809,69.59976407326137,69.00765768436452,69.18370056152344,34330000
2020-01-08,69.16930422792255,70.01382561620636,69.06070474612332,69.67611694335938,35314000
2020-01-09,70.51370271406968,70.84843766453115,69.93250773983897,70.40758514404297,33200000
2020-01-10,70.887623572567,71.15888019723822,70.39816911178163,70.8623275756836,26258000
2020-01-13,71.17424616511539,71.48319328541425,70.68429987467893,71.41129302978516,30730000
2020-01-14,71.40980906115557,71.54023138512193,70.8033180140317,70.94316864013672,26076000
2020-01-15,71.06365964443332,71.44847959482189,70.99621627063644,71.37012481689453,21550000
2020-01-16,71.68006159560105,71.94041435124791,71.40979626083083,71.91363525390625,26080000
2020-01-17,72.52756636187075,73.42068229124506,72.23052189077428,73.3696060180664,52424000
2020-01-21,73.34381561207009,73.88336264250772,72.90791936171401,73.50498962402344,48930000
2020-01-22,73.8759245867756,74.41397338110437,73.52532192544703,73.58531951904297,28458000
2020-01-23,73.7678173234847,74.06287927041319,73.40927702930324,73.62598419189453,26650000
2020-01-24,74.02914675123824,74.097581382054,72.559292859008,72.70757293701172,29786000
2020-01-27,70.99027408970458,71.2402073113937,70.3932038265922,70.99969482421875,34132000
2020-01-28,71.49609068205544,72.14373782775851,70.93175461327948,71.93050384521484,29724000
2020-01-29,72.32522928653594,72.60690544755049,71.67709035915647,72.23795318603516,21566000
2020-01-30,71.31557167668379,72.16604067283447,71.16184346943253,72.116455078125,27110000
2020-01-31,72.79137767304688,72.88113570169328,70.76809913606537,71.0517578125,43822000
2020-02-03,72.48342482845398,73.70582753071683,72.23349161238843,73.5223388671875,71636000
2020-02-04,72.12837384210876,72.7656014660211,70.51867661680065,71.67809295654297,95880000
2020-02-05,72.58062487826129,72.6287273771318,70.89803624268711,71.70982360839844,36376000
2020-02-06,72.00389677738615,73.47077712052415,71.92951458765228,73.19356536865234,37822000
2020-02-07,72.7680635245262,73.65374104853788,72.66987603102721,73.34925842285156,28360000
2020-02-10,73.25604592514885,74.82557052333453,73.15537648833067,74.81465911865234,38302000
2020-02-11,75.04327053759313,75.86696810584262,74.65547678552417,74.88408660888672,34852000
2020-02-12,75.17170572454793,75.39188605793423,74.81515553865327,75.30907440185547,31042000
2020-02-13,74.88111203769492,75.67207538277923,74.58356816841906,75.04922485351562,22914000
2020-02-14,75.1057482210196,75.37948673334321,74.66042372612603,75.31402587890625,23198000
2020-02-18,75.09632856792217,75.90067759877253,74.9311895426324,75.34923553466797,25642000
2020-02-19,75.73406852705827,75.90961957394465,75.42562079756561,75.61852264404297,22746000
2020-02-20,75.32790743593482,75.72760378166284,74.5964499569271,75.22773742675781,25962000
2020-02-21,74.61233071932669,74.92822421575049,73.31852714783577,73.56498718261719,42520000
2020-02-24,70.56924154888083,71.23028195609393,69.76290996883232,70.41104888916016,49560000
2020-02-25,70.96348339912412,71.25358143993788,68.45521513612178,68.74779510498047,51580000
2020-02-26,69.17724388929183,70.10408510430565,68.26329659306435,68.9535903930664,49776000
2020-02-27,67.39994084412521,67.90873614395468,65.17334092529835,65.20854949951172,62290000
2020-02-28,63.19321175186874,66.57228162159925,62.890711592468215,66.4135971069336,80198000
2020-03-02,67.0156136346648,68.80481891518373,65.7168464160506,68.74779510498047,55430000
2020-03-03,69.31114065170213,69.83233041381229,65.91718724409012,66.33771514892578,56602000
2020-03-04,67.39101599549596,68.57225502928063,66.30201692418471,68.51374053955078,47598000
2020-03-05,66.72601271363625,67.12670796663788,64.5485139115482,65.19913482666016,54380000
2020-03-06,62.9769971984103,64.6035493381855,62.34521781036266,64.25592803955078,64640000
2020-03-09,59.75413363170908,62.12305473019572,59.410969211683664,60.291194915771484,69252000
2020-03-10,62.20537437076088,63.26957678968302,60.22771640855486,63.23585510253906,54872000
2020-03-11,61.901881557171805,62.331330808488026,59.06879454018304,60.0486946105957,54732000
2020-03-12,55.670873971130256,58.950268854567426,54.96917315599001,55.121910095214844,94326000
2020-03-13,58.26791891565671,60.2222672728443,55.15861501655473,60.2158203125,79400000
2020-03-16,54.03390642715951,56.80401064985068,52.91664149959942,53.2102165222168,96520000
2020-03-17,54.08498798539528,55.83849297321683,52.02501404698684,55.44474792480469,83194000
2020-03-18,52.56257466439651,54.79660911099285,51.42497370415476,54.112266540527344,93044000
2020-03-19,53.964983044434405,57.15809373620562,52.34487397039444,55.127872467041016,74064000
2020-03-20,56.08149147147877,56.45738636340472,52.669690960507474,52.972686767578125,82878000
2020-03-23,52.38553745507887,52.90821796189328,50.03000577141187,52.27445602416992,83672000
2020-03-24,54.74652002572422,56.20198931680837,53.87621071144316,56.037349700927734,72468000
2020-03-25,55.768078303487016,56.83872770368654,53.70661738665387,54.62948989868164,90324000
2020-03-26,55.27912035694048,58.09385791556648,54.15392148412994,57.66936492919922,76562000
2020-03-27,55.911395704558494,57.08073204784074,54.74751506360393,55.05794906616211,62794000
2020-03-30,56.16777321835151,57.078247414984624,54.474269571410154,56.84566879272461,58736000
2020-03-31,56.96567688694709,58.18906316864204,56.370097362055304,57.62125778198242,65228000
2020-04-01,55.7393111206098,56.00808955487203,54.22631489814813,54.65328598022461,51970000
2020-04-02,54.54915520216464,55.678322926721385,54.20847268836694,55.3936767578125,56410000
2020-04-03,55.27861844766066,55.4809447712396,53.31336271403317,54.187137603759766,51374000
2020-04-06,56.18562904604569,59.049456548881885,55.78890642035224,58.674556732177734,63320000
2020-04-07,60.35169060850497,60.5386486628773,58.37998779819019,58.643310546875,61620000
2020-04-08,59.66189584651864,60.24705964616023,58.71224421750471,59.85529708862305,40334000
2020-04-09,60.40970828618216,60.59864505745454,59.132264469330266,59.83396530151367,54028000
2020-04-13,59.58255503814354,60.228219641111785,58.63191212805063,60.0244026184082,38702000
2020-04-14,61.49028400054519,63.26461680088407,60.923466061815894,62.7429313659668,63358000
2020-04-15,61.81460308752658,63.23288132977035,61.194230736716015,62.34968185424805,42236000
2020-04-16,62.837645447215486,63.14609692046677,61.40250825663297,62.35612487792969,57896000
2020-04-17,63.55967676795776,63.971275807142504,62.78111177962652,63.425785064697266,51050000
2020-04-20,62.97401789004605,63.3176779307609,62.307029946262375,62.54059982299805,35292000
2020-04-21,61.62616202853529,61.98767228700058,59.756116084668555,60.111183166503906,49648000
2020-04-22,61.546816874331455,63.469426000735105,61.35292000771885,62.404727935791016,46296000
2020-04-23,62.76822436937924,63.87954189042878,62.509861669657276,63.037498474121094,34202000
2020-04-24,62.23562530613796,63.36181922472336,61.69013452627562,63.3067741394043,37402000
2020-04-27,64.07046002760272,64.17460265209323,62.73450152115081,63.022125244140625,44186000
2020-04-28,63.634064753405866,63.711420702689196,61.0147111939967,61.124305725097656,80700000
2020-04-29,66.69874197813101,67.45003233788705,65.79273212855323,66.55889892578125,108358000
2020-04-30,66.0223167441656,66.94667598713897,65.53335424511357,66.78302764892578,55842000
2020-05-01,65.66180653739475,67.01760531854285,64.94622420976376,65.32608032226562,48872000
2020-05-04,64.87034957246755,65.68065376658639,64.26931430979212,65.60279083251953,30806000
2020-05-05,66.32680414700387,67.98856850629761,66.20431948237466,66.89807891845703,39666000
2020-05-06,67.34341219746076,67.87353091957088,66.70518581908316,66.72006225585938,31732000
2020-05-07,67.50754669271235,68.23603045485314,67.07264174294407,67.90277862548828,30652000
2020-05-08,68.52463821205002,69.25956128997706,68.03815763461286,68.64960479736328,33326000
2020-05-11,68.27520548318408,70.19632388908829,68.2112352957633,69.60421752929688,32718000
2020-05-12,69.833824423372,70.13681640125114,68.16213984874989,68.19536590576172,33918000
2020-05-13,68.24394907481845,68.6986942402572,65.8561832058867,66.86385345458984,40368000
2020-05-14,66.1294392946917,67.3121612901518,65.62262654118136,67.28687286376953,36660000
2020-05-15,66.86039957997617,68.16560628520914,66.40118989060014,68.0902328491211,41544000
2020-05-18,67.52094887953119,69.0671676528227,67.15497035740877,68.69127655029297,47094000
2020-05-19,68.70615981767418,69.05378118346108,68.12496474010864,68.15670013427734,31586000
2020-05-20,68.88863698818672,70.02276472704372,68.80235214483642,69.88043975830078,38262000
2020-05-21,69.97118547184348,70.24244206277815,69.14798739865162,69.76092529296875,30894000
2020-05-22,69.61958897415187,70.26921852029433,69.22534831600099,70.082763671875,28544000
2020-05-26,71.5069951861751,71.6632053320512,70.38824330390248,70.48593139648438,44590000
2020-05-27,70.41799195891424,70.68330099818472,69.15840585469878,70.43187713623047,31684000
2020-05-28,69.42618481441546,71.63096165984945,69.38056425382432,70.3307113647461,35170000
2020-05-29,70.4393174660561,71.24763911516013,70.2186452926417,71.08845520019531,37044000
2020-06-01,70.70065785212817,71.48814791077972,70.53105438742989,71.1553955078125,25162000
2020-06-02,71.16185531852858,71.55857797653256,70.49784106291007,71.52436065673828,23442000
2020-06-03,71.54369094375163,71.85660306579962,70.99423139231902,71.37260437011719,27732000
2020-06-04,71.25010932295427,71.4752534941647,69.72422296477501,70.13532257080078,26982000
2020-06-05,70.20178017806124,71.72221852046398,69.80406630546283,71.4107894897461,42642000
2020-06-08,70.72942336173372,71.85610527816216,70.64015718062795,71.80850219726562,33878000
2020-06-09,71.66965065277674,72.78840250945899,71.52682627591334,72.00884246826172,33624000
2020-06-10,72.47648141459497,73.0348622998667,72.1219137520516,72.63467407226562,31762000
2020-06-11,71.46088343383067,71.98505464439063,69.34735477136469,69.52042388916016,47144000
2020-06-12,70.70859413359544,71.1375515555571,68.7220148203328,70.06690216064453,36676000
2020-06-15,68.90500481086467,70.66594810504006,68.79144145539158,70.45469665527344,30468000
2020-06-16,71.85611795259162,72.26127010805475,70.86382319490215,71.73065948486328,30648000
2020-06-17,72.0514946495563,72.51069676200414,71.16829143028149,72.03165435791016,30610000
2020-06-18,71.8982617395041,72.05298121424725,70.72743476994945,71.11820983886719,34862000
2020-06-19,71.40979643273978,71.63295053322123,70.36840054135394,70.6480941772461,52784000
2020-06-22,70.66643504216344,71.9528001156062,70.37782012080314,71.93841552734375,29442000
2020-06-23,72.00488718193142,73.15538214854752,71.65775768919568,72.5989761352539,37752000
2020-06-24,72.5642562323238,73.18462478275211,70.91389504036651,71.04779052734375,31592000
2020-06-25,70.97439400933185,71.52484484122479,70.39518156341698,71.46434783935547,23958000
2020-06-26,71.04431642722474,71.26201482286062,67.19463394651147,67.56854248046875,97640000
2020-06-29,67.45944641414235,69.32701421353897,67.02850648187311,69.28585052490234,45074000
2020-06-30,69.27147878140379,70.61635863988086,68.77805172682511,70.32129669189453,40286000
2020-07-01,70.3768421161721,71.83032898693156,70.12938326370785,71.50897979736328,42182000
2020-07-02,71.99695439492824,73.81592043493603,71.95876447702986,72.89403533935547,57218000
2020-07-06,73.79756010607282,74.88110333771328,73.24363612265843,74.36784362792969,44712000
2020-07-07,74.19328600350485,75.44246001179413,73.87441879746366,73.88533020019531,42364000
2020-07-08,74.42488417311117,74.93913520411024,74.0033649498385,74.56373596191406,31766000
2020-07-09,74.87763965842205,75.83026886920159,74.1665217588181,75.31056213378906,41836000
2020-07-10,75.04228097916123,76.43527091513984,74.42092109962981,76.3197250366211,35918000
2020-07-13,76.86174141702182,78.17191203749789,74.71052246568456,74.99169921875,42954000
2020-07-14,74.0276638809234,75.51585983280482,73.68747324161508,75.4196548461914,38108000
2020-07-15,75.53718469026553,76.18681428524529,74.2775985185989,75.2222900390625,31026000
2020-07-16,74.45958671679637,75.17418530345144,73.80351018131975,75.12509155273438,26484000
2020-07-17,75.22377608107477,75.54710778770762,74.29098718634621,75.2208023071289,34264000
2020-07-20,75.12905704307107,77.8074208084694,74.51910048084655,77.55104064941406,30166000
2020-07-21,78.60185355585298,78.70202356898034,76.99463106769095,77.15827941894531,27486000
2020-07-22,77.14787303751817,77.70675334704666,76.52898757148118,77.60112762451172,24482000
2020-07-23,77.65468582028785,77.87387489576915,74.81118295355448,75.2158432006836,33910000
2020-07-24,74.34505124105762,75.15039166978701,73.76980375376206,74.79235076904297,29902000
2020-07-27,75.0427754818971,76.24781222334954,74.9966555026243,75.84464263916016,27124000
2020-07-28,75.62495452502512,75.67503953138889,74.41098901045284,74.56620788574219,30910000
2020-07-29,74.63315119222594,76.03803598682765,74.53446428373476,75.55106353759766,22676000
2020-07-30,74.28454828311527,76.41296100573945,74.14569648203324,76.28799438476562,36042000
2020-07-31,74.23892317136475,74.63415515123877,72.10406361825939,73.78765106201172,91468000
2020-08-03,73.93889871670713,74.27263483646993,72.982796377369,73.5302734375,45482000
2020-08-04,73.72615502792115,74.04353160138255,72.60144805958299,73.06114959716797,37212000
2020-08-05,73.23570208691466,73.88929663633802,72.95799099172172,73.3482666015625,29134000
2020-08-06,73.20248543087422,74.6961371287166,72.99172582956919,74.63067626953125,33306000
2020-08-07,74.83350211063035,75.3814709934715,73.70433072116582,74.30437469482422,27718000
2020-08-10,73.92896585446239,74.73976174649013,73.26891681277647,74.22750091552734,20546000
2020-08-11,74.08766106264545,74.9029290830015,73.30364415071575,73.42018127441406,31098000
2020-08-12,73.74649701775965,74.96393594922627,73.64136312889204,74.74424743652344,22512000
2020-08-13,74.79233862250962,76.21855444545622,74.79233862250962,75.21087646484375,22388000
2020-08-14,75.06013943047174,75.36661223240425,74.33562810166242,74.61482238769531,21942000
2020-08-17,75.17716599131961,75.56446789757864,74.63316208489026,75.1905517578125,19990000
2020-08-18,75.68049915036515,77.23019092166476,75.45982697689634,77.1513442993164,28378000
2020-08-19,76.98818722838891,77.79998205796244,76.36880993674055,76.59741973876953,30472000
2020-08-20,76.36732488551415,78.36085063108287,76.0940857567351,78.16645812988281,26382000
2020-08-21,77.9457743659373,78.94154971294752,77.47516898620518,78.13273620605469,34838000
2020-08-24,78.97080047471435,79.7796215208328,78.10644628557537,78.60780334472656,25638000
2020-08-25,78.35737106631586,79.78457814472273,78.24728090400605,79.63432312011719,25150000
2020-08-26,79.65663374936909,81.96208008160359,79.39281538968537,81.53262329101562,52188000
2020-08-27,81.65561048941696,81.72404511830622,80.27700533270146,80.75852966308594,31350000
2020-08-28,80.80564922534911,81.3947742823975,80.61423049630892,81.299560546875,22418000
2020-08-31,81.50485803874443,81.5509780158824,80.60033897276564,80.8086166381836,26422000
2020-09-01,80.93903580626339,82.280941701102,80.80861351008971,82.07563781738281,22652000
2020-09-02,82.71684094466416,85.5975348157348,82.32904722784718,85.16560363769531,49522000
2020-09-03,84.27942619556264,84.30323151911709,79.7265559132381,80.80762481689453,63726000
2020-09-04,79.79052798096303,81.07937516659749,76.26814209838817,78.41242218017578,55850000
2020-09-08,75.62496788954304,77.13994312238728,75.20344864833461,75.5555419921875,54032000
2020-09-09,76.81017525430957,77.2971478144639,75.63340056915945,76.72736358642578,39242000
2020-09-10,76.87363960393168,78.0380120006391,75.37700663755594,75.6770248413086,33024000
2020-09-11,75.78116905727127,76.30434137046228,74.03906730255125,75.166748046875,30706000
2020-09-14,75.95472771220844,77.21183946322891,74.63860963235427,74.82308197021484,42660000
2020-09-15,75.76827546976736,76.91380642864527,75.48115117831345,76.1268081665039,23042000
2020-09-16,76.49179380537119,77.08141822427109,74.95995225886935,74.98474884033203,22128000
2020-09-17,73.68151914994446,74.31875423371972,72.52359367520403,73.74251556396484,40008000
2020-09-18,73.80500039329375,74.14717354274497,70.99423184511045,71.95974731445312,63056000
2020-09-21,70.99423595541519,71.41277382224862,69.55909872730024,70.92084503173828,56908000
2020-09-22,71.92156489906783,72.59847297958909,70.88909790425686,72.39266967773438,33950000
2020-09-23,72.00935467822559,72.05844843831957,69.55910841785047,69.89185333251953,37726000
2020-09-24,69.55910551414044,71.3101288291566,69.53281825836872,70.55982971191406,34552000
2020-09-25,70.66843135233466,71.70436404875389,69.8070508636011,71.36318969726562,30326000
2020-09-28,72.99619210723424,73.04577770670436,71.72123004229934,72.33515167236328,30784000
2020-09-29,72.59549981591418,72.99667929784022,72.10405532889749,72.70013427734375,31816000
2020-09-30,72.44821428907602,73.7008616762661,72.19134227406526,72.67930603027344,40924000
2020-10-01,73.57489608176681,74.14072271292429,73.2347054658879,73.78515625,32884000
2020-10-02,72.38325120895068,73.34530108822473,71.77428589367447,72.18340301513672,31222000
2020-10-05,72.53302824034571,73.626491890223,72.40607909840801,73.53376007080078,21602000
2020-10-06,73.17025692104377,73.61755643574848,71.65825547079119,71.95629119873047,26096000
2020-10-07,72.3673848593541,72.8464272920144,71.07407320039421,72.35895538330078,36108000
2020-10-08,72.67186671262658,73.79160984769521,72.67186671262658,73.5634994506836,26076000
2020-10-09,74.03113521720735,74.97285301834012,73.74053771907792,74.90342712402344,32966000
2020-10-12,76.26962637160483,78.76995701320932,75.83818706732326,77.58822631835938,55344000
2020-10-13,78.2041397278234,78.60830053326004,77.29267433018113,77.71121215820312,39072000
2020-10-14,78.08463641146828,78.54333914498373,76.66139427283109,77.53120422363281,33174000
2020-10-15,76.59196719094011,77.92594312364784,76.42485320690311,77.13597106933594,31210000
2020-10-16,77.45137286175847,78.23886306630772,77.24458583838096,77.74246978759766,34194000
2020-10-19,78.1505802742587,78.54730285581954,75.52180983862715,75.87042236328125,29734000
2020-10-20,75.53123918577117,78.04694597778177,75.40180813556019,76.91827392578125,41670000
2020-10-21,77.84908337715488,80.0950243200402,77.71469603177026,78.64946746826172,60322000
2020-10-22,78.60037683033812,80.00972633668317,78.22745949895982,79.67449951171875,30512000
2020-10-23,80.0905474515832,81.03623014633379,79.93482916601648,80.97969818115234,30548000
2020-10-26,80.08807542144447,80.81109596389342,77.7464289699495,78.5651626586914,35826000
2020-10-27,78.79526915461666,79.4434081514448,78.20316272181296,79.28868865966797,25902000
2020-10-28,76.86521597799047,77.05365336346415,74.80573753596516,74.92078399658203,45174000
2020-10-29,75.22923522407544,78.78583875857211,75.20592931015136,77.20590209960938,55406000
2020-10-30,82.68857141891898,83.3768826939042,79.4220666362218,80.14310455322266,99878000
2020-11-02,80.51158068776404,82.23235921213355,80.050388434645,80.55026245117188,44228000
2020-11-03,80.86961702118651,82.27003752125272,79.94475820536469,81.60850524902344,31432000
2020-11-04,84.57994366770366,87.77603157159547,84.4520032958134,86.57694244384766,71342000
2020-11-05,87.79685143429904,88.85659689104831,86.33790903274921,87.4026107788086,39758000
2020-11-06,86.8491952834686,87.70016376285554,86.12220215146095,87.2652587890625,28622000
2020-11-09,89.0628918684201,90.09981569190971,87.1571418807164,87.34905242919922,53440000
2020-11-10,85.77954163133082,87.24790499621608,85.10263347510187,86.17378234863281,43022000
2020-11-11,86.70340081963118,87.42245635168302,86.43859116132685,86.6453857421875,31838000
2020-11-12,86.38601724295751,87.5256006507518,86.18616905114561,86.42668151855469,26474000
2020-11-13,86.68355780156224,88.12811565464587,86.08748643492731,87.88661193847656,29744000
2020-11-16,87.48394246884763,88.98156668140368,87.34459128225902,87.9743881225586,25468000
2020-11-17,87.66841834553581,88.12861930166262,87.25335367641775,87.3609619140625,21314000
2020-11-18,87.11201820971709,87.52659102492422,86.21592105216274,86.31857299804688,20108000
2020-11-19,85.95111313440208,87.4517111808944,85.79192921661566,87.20772552490234,20106000
2020-11-20,87.37782799467588,87.69322208223674,86.03889568471133,86.10733032226562,27694000
2020-11-23,86.29775148895854,86.58388452691703,84.80806483367506,85.66993713378906,22530000
2020-11-24,85.66696514111936,87.59998627783115,85.33123893145898,87.4720458984375,27984000
2020-11-25,87.66594925071765,87.79339022162621,86.70141738515697,87.48345184326172,19600000
2020-11-27,87.50377401389918,89.11397029438973,87.50377401389918,88.61856079101562,14790000
2020-11-30,88.05472111529265,88.28729593403301,86.67561660708266,87.00093078613281,32418000
2020-12-01,87.60891569180329,90.33934712767135,87.42890021723332,89.03215026855469,37350000
2020-12-02,89.03215541544569,90.8858381988271,88.52683325898421,90.50051879882812,29424000
2020-12-03,90.28083679102588,91.43578858562074,90.10528575268816,90.34530639648438,24728000
2020-12-04,90.26496258516443,90.72515597863432,89.93617518789623,90.44051361083984,20544000
2020-12-07,90.03337488446918,90.71474746268916,89.41300629000888,90.10677337646484,22288000
2020-12-08,89.68475306209454,90.05419714492693,88.82981962250061,89.8240966796875,19936000
2020-12-09,89.7759858721806,90.66910914150405,87.37780790204378,88.164306640625,31728000
2020-12-10,87.40757975682408,88.02200081653986,85.9659955088699,87.65801239013672,28688000
2020-12-11,87.2786261999811,88.1370327170103,86.9186028959982,88.01255798339844,18628000
2020-12-14,87.81025159464944,88.75642621466821,86.7395946512999,86.89481353759766,33050000
2020-12-15,87.27169452904377,87.47699842212751,86.36965738505812,87.33219909667969,21352000
2020-12-16,87.73039727323327,87.73039727323327,86.73612025973473,87.1392822265625,24676000
2020-12-17,87.4735400975427,87.61140062901919,85.8479753357281,86.3121337890625,34880000
2020-12-18,86.59280578905347,86.70140527599254,85.047079145104,85.60347747802734,85256000
2020-12-21,84.75599010453729,86.13806852719698,84.00569107154372,86.0170669555664,33974000
2020-12-22,85.7577025849054,85.92035967123091,84.5898570912219,85.30593872070312,20370000
2020-12-23,85.48992157545021,86.49064556694626,85.3545354259629,85.70315551757812,22974000
2020-12-24,85.74134221937419,86.40634763890155,85.51074990274458,85.99723052978516,9312000
2020-12-28,86.5303238857838,88.61757255277705,86.3770950854727,87.97091674804688,27650000
2020-12-29,88.62899665277278,88.6904849203258,87.0361584425288,87.16757202148438,19726000
2020-12-30,87.52660005705403,87.66346933235681,85.69176632843582,86.10088348388672,21026000
2020-12-31,86.15144893182016,87.15465479498614,86.09292688726012,86.91365051269531,21070000
2021-01-04,87.27864427300177,87.402120207572,84.65731177627322,85.59902954101562,37324000
2021-01-05,85.547452346587,86.62553994719731,85.14130899599806,86.28932189941406,20360000
2021-01-06,84.31612534175449,86.48371128165162,84.10983019384653,85.43785095214844,46588000
2021-01-07,85.63027223492269,88.16234631256152,85.63027223492269,87.98977661132812,41936000
2021-01-08,88.12961892067057,89.23052068427735,87.33914739180136,89.15464782714844,35484000
2021-01-11,88.1226681566943,88.4876553992653,86.8888697766191,87.09466552734375,34796000
2021-01-12,86.55264274953645,87.67040339276643,85.11552300350571,86.15939331054688,29528000
2021-01-13,85.65804789774742,87.09963985146747,85.65804789774742,86.6463851928711,23432000
2021-01-14,86.72669751036699,87.6530469372006,85.59604301970084,85.83655548095703,29212000
2021-01-15,85.74233848952319,86.6647153768153,84.88393935871447,85.67291259765625,31444000
2021-01-19,86.43561418775866,89.45267807678509,85.93128331929772,88.49211883544922,41660000
2021-01-20,90.56993747642771,94.20737744445935,90.2297543947526,93.2329330444336,64152000
2021-01-21,93.90636933143983,95.81211195428514,93.2002001837018,93.43525695800781,58634000
2021-01-22,93.79777597596957,94.43897620300093,93.0559062993356,93.85232543945312,32744000
2021-01-25,94.8530526111603,95.30333347739115,92.19601186082777,93.93761444091797,50586000
2021-01-26,93.52650995574975,95.00231152937288,93.03755491647793,94.61550903320312,31462000
2021-01-27,92.97704477868687,93.2527658262995,89.12736210402838,90.20148468017578,82512000
2021-01-28,90.79954240185926,93.62567923928557,90.79954240185926,91.90044403076172,55278000
2021-01-29,90.94930432506192,91.61976549487935,89.33961486968028,90.61903381347656,44530000
2021-02-01,91.47347570612914,94.99189672698161,91.47347570612914,93.87760925292969,40252000
2021-02-02,94.87239673612814,96.66954009651552,94.53716232843793,95.16944122314453,66332000
2021-02-03,102.43389477343386,104.46758545300014,99.85222758060932,102.10015106201172,97882000
2021-02-04,102.18642801251289,102.61686853209841,100.92088672711886,101.83979797363281,48596000
2021-02-05,102.13386099437315,103.9379504485251,101.6597824251192,103.58536529541016,29866000
2021-02-08,104.13928516789632,104.88313720480986,102.32181002045341,103.37162780761719,28828000
2021-02-09,102.88961562155747,104.06539887651223,102.65158507922345,102.91887664794922,21892000
2021-02-10,103.30319541840504,104.08374671519705,101.77086200517664,103.46882629394531,25102000
2021-02-11,103.6929788445471,103.8417432011322,102.59505097845204,103.5813980102539,20480000
2021-02-12,103.13608390402558,104.1144933325463,102.82861990262512,103.89282989501953,18990000
2021-02-16,103.73017139399565,106.37779106891139,103.73017139399565,104.66990661621094,31004000
2021-02-17,103.84074186921876,105.25208113885203,103.56155523808584,105.0626449584961,20294000
2021-02-18,104.38724144669854,105.22978044150346,103.8085208383096,104.42740631103516,22546000
2021-02-19,104.52559167005224,105.0606666112544,103.31757370923654,103.58436584472656,37938000
2021-02-22,101.83830606942489,103.1638524951323,101.56060251176662,101.87103271484375,29466000
2021-02-23,99.87404002469421,102.77555788180933,98.69577487059935,102.16162872314453,34658000
2021-02-24,100.66995712296065,103.56007165959284,100.54548993925555,103.33641815185547,22608000
2021-02-25,101.95385918325073,103.296264656048,99.50212250444032,99.97124481201172,41548000
2021-02-26,100.66548976778884,101.98309847376467,99.23035268675075,100.26678466796875,40042000
2021-03-01,101.56059734973552,102.96052588335621,100.88716247321571,102.63471984863281,26060000
2021-03-02,102.39569597381312,103.87844380430377,101.99055145272833,102.37784576416016,25564000
2021-03-03,101.75648597138567,102.94862875695728,98.88273085300933,99.74610137939453,33892000
2021-03-04,99.91767835282445,102.87920137299997,99.44954734195224,100.86286926269531,49216000
2021-03-05,102.21271269276662,104.44674319929116,100.55788705118852,103.99398803710938,53100000
2021-03-08,103.34882412283017,104.8206529765834,99.43764570827803,99.55220031738281,36868000
2021-03-09,101.64739650665258,102.35008494397798,100.94569176049765,101.1817398071289,33920000
2021-03-10,102.2251105144304,102.2251105144304,100.13885303854282,100.97494506835938,27100000
2021-03-11,102.06741705146506,104.69817024362116,101.97964153853603,104.16606903076172,27702000
2021-03-12,102.96946115627736,103.02896690019689,100.78798996708696,101.65978240966797,33818000
2021-03-15,101.41084443797796,101.90723768058707,100.5583928421277,101.87996673583984,26168000
2021-03-16,102.45273295151992,104.81768533806229,102.12047992122729,103.34040069580078,31900000
2021-03-17,102.57571159931345,104.0896954073164,101.36819296395524,103.25757598876953,26382000
2021-03-18,101.56951989998234,102.58959237276454,100.13140900343207,100.238525390625,31700000
2021-03-19,100.65459585242806,101.0170935919781,99.32557619974676,100.51722717285156,46072000
2021-03-22,100.55044851754279,101.57745981871109,99.87453168948488,100.70219421386719,33536000
2021-03-23,101.1614008768052,102.35949880770968,100.56880265494154,101.2298355102539,28510000
2021-03-24,101.74706227764077,102.53256990725708,100.61839021612809,100.79344940185547,25218000
2021-03-25,100.62087395330168,101.44357268903416,98.98638031979517,100.78997802734375,35616000
2021-03-26,100.75674996559889,101.1336323017579,99.37119832005897,100.40664672851562,27978000
2021-03-29,100.27919338600256,101.6206075032876,99.45053959162658,101.45100402832031,26492000
2021-03-30,101.80756587150155,102.28809141391507,100.97296449597272,101.48473358154297,27312000
2021-03-31,101.87797712697532,103.45792116829037,101.51100739464236,102.28064727783203,42570000
2021-04-01,103.7549679821722,105.91213441854954,103.71430370630291,105.61608123779297,39880000
2021-04-05,106.47745344357371,110.53591281873764,106.38124846341006,110.03852081298828,48510000
2021-04-06,109.63983019014792,110.48683365729421,109.1870749956329,109.55751037597656,35240000
2021-04-07,109.74793242768109,111.30506244729017,109.74793242768109,111.03380584716797,24134000
2021-04-08,112.27207955187752,112.65839021229614,111.23118294546491,111.5991439819336,28664000
2021-04-09,111.35168748380296,112.76649260885407,110.94603596033518,112.60284423828125,26146000
2021-04-12,111.78212470167257,111.91948581429651,110.47790163265579,111.31101989746094,25024000
2021-04-13,111.6269058095295,112.24579128521644,111.23315696050524,111.79749298095703,25682000
2021-04-14,112.44216174007808,112.44216174007808,110.88453990540746,111.17662048339844,21002000
2021-04-15,112.1704155210859,113.8589591031954,111.63583238423234,113.32585906982422,29174000
2021-04-16,113.5237224246354,113.77167310788025,112.61523075801729,113.2018814086914,26282000
2021-04-19,112.57855111316749,114.26014846814734,112.57855111316749,113.54952239990234,30290000
2021-04-20,113.93283250100332,114.00771408699651,111.93088510376728,113.01641082763672,22288000
2021-04-21,112.67126807997798,113.06550874851278,111.32092512104474,112.98368835449219,23204000
2021-04-22,112.83740129654701,113.50587995571698,111.09778136352259,111.7027816772461,24146000
2021-04-23,112.42085284760091,114.36082051609826,112.1357110382655,114.0538558959961,29066000
2021-04-26,114.28146082870616,115.27376298428891,113.92441123580916,114.54974365234375,32038000
2021-04-27,114.93158197534504,114.97224624824679,113.37097889164538,113.6100082397461,44386000
2021-04-28,118.6444129864384,120.57247792112227,116.6965153246631,116.9851303100586,81106000
2021-04-29,118.48225123764739,119.22263014493893,117.71955010871437,118.65730285644531,41234000
2021-04-30,117.430427224164,118.11625658143221,116.3662249115487,116.71038055419922,44856000
2021-05-03,117.2762166409626,118.10139729687744,115.81777346888248,116.19366455078125,28242000
2021-05-04,114.72926326113381,115.29657305551342,111.9090738290094,114.3960189819336,44818000
2021-05-05,115.47708449305684,115.79297039823858,114.46792338467594,114.78976440429688,26636000
2021-05-06,114.371219210084,115.90950775146484,113.71216888819075,115.90950775146484,25190000
2021-05-07,117.22562773950987,117.59060737920674,116.34638956282501,116.63252258300781,28898000
2021-05-10,115.45278230823058,115.59461543086714,113.29065197517465,113.64820098876953,30914000
2021-05-11,111.23415327092532,113.07939883944981,110.78039927471382,112.57258605957031,34186000
2021-05-12,110.39706768816423,111.47763718701425,108.78191506462665,109.1106948852539,46376000
2021-05-13,110.39359947423983,111.05414048585153,109.43154957142508,110.53840637207031,33204000
2021-05-14,112.00131096781348,113.29957888960938,111.577809256897,112.98517608642578,31996000
2021-05-17,112.25074645700623,113.55050506879931,111.85105006420112,113.50785827636719,21598000
2021-05-18,114.17385549892235,114.43817329757108,112.18231233154226,112.19619750976562,22204000
2021-05-19,110.50816157713805,112.81707393353265,110.35988904981882,112.64400482177734,23684000
2021-05-20,113.61100662106799,114.65239495545593,113.24007185238473,114.40196990966797,32352000
2021-05-21,114.92067224724799,114.99407073122583,113.52669126628258,113.7662124633789,40632000
2021-05-24,114.7957246296547,117.30795841330092,114.65042587477578,117.08431243896484,31832000
2021-05-25,117.62781165530731,118.22289182744397,116.7847807808758,117.17505645751953,22440000
2021-05-26,117.3560548531477,118.47034990255696,117.35308107918044,118.03990936279297,21572000
2021-05-27,118.47331515824983,118.47331515824983,116.84725869661128,117.1656265258789,35224000
2021-05-28,117.7478111847202,117.82963157956378,116.67815310319966,116.87651062011719,21482000
2021-06-01,117.74880281061728,118.30768309931028,116.74906245910415,118.08303833007812,23354000
2021-06-02,118.478278661861,118.70094093106418,116.65385700275765,117.55789184570312,21158000
2021-06-03,116.3250761646754,116.88494774617168,115.52121891925472,116.41681671142578,18696000
2021-06-04,117.49242726754059,118.96822874582733,117.15223662042179,118.69746398925781,24458000
2021-06-07,118.49265941789501,119.2399846738455,118.07412155900927,119.13038635253906,24120000
2021-06-08,119.61190790368995,119.98432577535812,118.757466274763,118.93896484375,24240000
2021-06-09,119.58314141281689,119.65504166013505,118.86259530140607,119.41007232666016,17942000
2021-06-10,119.35949314078805,120.801576684723,119.20378241102719,120.75843048095703,25904000
2021-06-11,120.999943051101,121.08523664008776,119.95656455587336,120.51396179199219,21958000
2021-06-14,120.61610768688743,121.44227956527116,119.90895486343989,121.44178771972656,22098000
2021-06-15,121.44623409294725,121.76906634678457,120.06366395354094,120.42418670654297,21562000
2021-06-16,120.5754470648677,120.88687610628577,118.49068020896921,119.78250122070312,26472000
2021-06-17,119.7081134975645,121.51815047385836,119.51223033742086,120.74553680419922,25842000
2021-06-18,120.37212004101573,120.60618554839238,119.03120533837755,119.12641906738281,46116000
2021-06-21,119.51273077628596,120.99993548875224,118.91566055698493,120.81397247314453,27414000
2021-06-22,120.75198899495656,121.39666231815684,120.07161525109758,121.32772827148438,22390000
2021-06-23,121.0926742086513,122.08645953120904,120.83580218507122,121.12590026855469,19148000
2021-06-24,121.69419186972272,122.04677701360374,121.29747683144915,121.49583435058594,21362000
2021-06-25,120.99993398696205,121.62774832820787,120.5685022175003,121.50426483154297,34594000
2021-06-28,121.67287369057478,121.77850698140655,120.4103137257864,121.53154754638672,28526000
2021-06-29,121.66495039428926,122.01257928283053,120.69347970676894,121.27021026611328,23108000
2021-06-30,120.99447687115277,121.2548296268427,120.35972373185534,121.08869934082031,24474000
2021-07-01,120.72718855138434,121.58212203987887,120.53527798763021,121.4407958984375,18110000
2021-07-02,122.14052074770464,124.3760421604454,122.05076271213034,124.23074340820312,25982000
2021-07-06,124.61852879829608,125.39164190205774,123.56126516970392,125.15559387207031,26404000
2021-07-07,126.11962731057842,126.240621316996,125.1188956447412,125.43726348876953,24060000
2021-07-08,123.0093289727932,124.56595957690325,123.005363941043,124.01898193359375,23790000
2021-07-09,124.00014669515204,124.70382636334314,123.53052498165191,124.4896011352539,18632000
2021-07-12,125.14369092382793,126.02788545144588,124.581337423186,125.93465423583984,17668000
2021-07-13,125.99712795199184,127.00777214039663,125.63611333534345,126.29764556884766,19240000
2021-07-14,126.90910159126689,128.2663910341705,126.865955385297,127.1858139038086,23742000
2021-07-15,127.59443383506836,127.64501069030976,125.49280054236102,125.96390533447266,24218000
2021-07-16,126.61651932695658,126.7638005858177,125.11939443436253,125.92919921875,20424000
2021-07-19,125.05590815567551,125.17046276091699,122.49259090531656,123.55680084228516,27968000
2021-07-20,124.49851812065599,126.00159811872851,123.33117189440424,125.17493438720703,26312000
2021-07-21,125.09953977482462,126.5500526762099,124.99044087704445,126.5034408569336,20746000
2021-07-22,126.79603176039008,127.42979365327596,126.45385860301083,127.36878967285156,14302000
2021-07-23,129.36131958948965,132.3054917449223,128.73649417322727,131.9246368408203,41506000
2021-07-26,132.235558291507,133.13660404528258,131.21696903902344,132.93626403808594,30572000
2021-07-27,133.1500131960715,133.29729444563313,129.0375036233096,130.8187713623047,54710000
2021-07-28,135.1946241311871,137.16335335815197,134.16860398036314,134.97840881347656,95130000
2021-07-29,135.03393383670254,135.54074659888502,134.43191491467985,134.66448974609375,31716000
2021-07-30,133.92807412606015,134.19536566595704,133.1544692717714,133.62210083007812,25576000
2021-08-02,134.00941440487134,134.22711280471987,132.6972613245468,133.7490692138672,21634000
2021-08-03,134.0272359096065,134.61934216965253,132.22662753081354,134.5181884765625,20762000
2021-08-04,134.24000035779645,134.53754419070725,133.38456751331833,134.01783752441406,19676000
2021-08-05,134.56827929751879,135.2323009960872,133.74061681615711,135.1345977783203,17870000
2021-08-06,134.9268333121691,135.35380063089553,134.10165272092112,134.6258087158203,20488000
2021-08-09,134.8281458060164,136.05946972764093,134.23007678129167,135.79067993164062,17760000
2021-08-10,136.21618040832792,136.64316290986423,135.2466997947702,135.68557739257812,19414000
2021-08-11,136.05697875437372,136.55386377128605,135.15443470909557,135.16188049316406,15352000
2021-08-12,134.86086429616063,136.1745155860973,134.31538491071916,136.0693817138672,16506000
2021-08-13,136.12491636761754,136.72645098219778,135.90969991008646,136.59849548339844,15948000
2021-08-16,136.39768127335614,137.22832524277518,134.1899301812805,137.17575073242188,22384000
2021-08-17,136.62082272063034,137.1320999211298,134.96649653381414,135.54124450683594,21716000
2021-08-18,135.38107897385382,135.98063113741676,134.21224206544025,134.3386993408203,19258000
2021-08-19,133.33351970472108,135.23479811345257,133.1495391773479,134.56781005859375,21782000
2021-08-20,134.88520703752147,136.42646973601163,134.14135479282925,136.30299377441406,31194000
2021-08-23,136.83853312618544,139.71971902868404,136.47950099945666,138.8935546875,28454000
2021-08-24,139.4588501005937,140.91531805934204,139.18809294920172,140.10353088378906,19268000
2021-08-25,140.4640639174662,141.02393547801682,140.21711205572637,140.91433715820312,15848000
2021-08-26,140.58803917062994,141.2500632657939,140.198255364594,140.2810821533203,20610000
2021-08-27,140.49133697664018,143.3278934785733,140.3371093469741,142.8235626220703,28780000
2021-08-30,143.21632905744937,144.77396624741414,142.98127226041726,143.4052734375,24434000
2021-08-31,143.9572070200469,143.98149662462504,143.09830844171228,143.51138305664062,22448000
2021-09-01,143.81141309150524,145.05513168478024,143.6958672121198,144.025146484375,21936000
2021-09-02,144.02564581736442,144.32665531830855,142.0112884210009,142.11245727539062,32342000
2021-09-03,141.90765408612546,142.9733397187953,141.23322027346492,142.56124877929688,19850000
2021-09-07,142.65546562838,143.37997686078998,142.44173224208836,143.09780883789062,20124000
2021-09-08,142.91878162510545,143.216310341674,141.8277925519912,142.51312255859375,18344000
2021-09-09,142.66140907531098,143.12755759724692,142.0038493948319,142.36436462402344,15314000
2021-09-10,143.030343356749,143.53220739667623,139.58433740573318,139.72120666503906,36840000
2021-09-13,140.7859154673757,141.77821775342676,140.09215589506022,141.16578674316406,22094000
2021-09-14,141.8233140691481,142.18780941142742,140.58802520414704,141.37600708007812,19674000
2021-09-15,141.60117640739975,143.2664141950181,140.18885318248124,143.24559020996094,27408000
2021-09-16,142.77047843436694,143.11711598013667,141.2341802261671,142.43276977539062,26190000
2021-09-17,141.8580435231661,142.27409944382737,139.31853152816512,139.6458282470703,53384000
2021-09-20,137.0289727850643,137.86060046940307,135.2045585284387,137.5823974609375,46518000
2021-09-21,138.60392895402697,138.86378985932566,137.14449465996216,137.893310546875,25332000
2021-09-22,138.16211224583924,139.73212885375122,137.41577814102456,139.13357543945312,25056000
2021-09-23,139.83179860304818,140.534986416547,139.25060362210317,140.0584259033203,20952000
2021-09-24,139.38648419130865,141.16380230179908,139.09142223509036,141.0492401123047,22984000
2021-09-27,139.65029458618613,140.77500156753678,138.91933644415815,139.9156036376953,21882000
2021-09-28,137.51840770698303,137.95628643744843,134.25041949465725,134.71656799316406,45772000
2021-09-29,135.85714754159193,136.02675103167505,132.76769140885952,133.25218200683594,30848000
2021-09-30,133.1609261171282,134.43141608042833,132.46120397036233,132.58021545410156,37996000
2021-10-01,133.3454089668454,135.78823199119176,132.9739823084811,135.42373657226562,35360000
2021-10-04,134.845991044881,134.845991044881,129.97575169598792,132.56385803222656,51202000
2021-10-05,132.942256683795,136.09966348549025,132.942256683795,134.9080047607422,32404000
2021-10-06,133.64543520241895,136.62084377835407,133.44707765743206,136.43736267089844,24364000
2021-10-07,137.753492623571,138.8940750879119,137.51447077791175,138.08377075195312,25110000
2021-10-08,138.4328463076523,139.1806633910254,138.07629612988345,138.6396484375,26526000
2021-10-11,138.15019117218512,139.55854921153343,137.72072679461957,137.77528381347656,17954000
2021-10-12,138.33666593391,138.36345260313473,134.64715789042404,135.3305206298828,36332000
2021-10-13,136.27616018079524,136.86876589711346,135.3999033857459,136.45419311523438,19654000
2021-10-14,138.33070229242213,140.17892171906655,137.68702021920703,139.99395751953125,31894000
2021-10-15,140.4536525487432,140.55630449662968,139.60120099035484,140.20916748046875,30274000
2021-10-18,139.9200904772288,141.62549327745987,139.91314410371137,141.60763549804688,20396000
2021-10-19,142.21211472454237,142.4848695628123,141.43107913400408,142.06285095214844,20164000
2021-10-20,142.163011218959,142.3693139266215,140.2175881873202,140.60687255859375,23288000
2021-10-21,140.6068856243596,140.99072189641535,139.3482906803263,140.72293090820312,26292000
2021-10-22,138.00935869132704,139.43061082473707,134.94072652552163,136.4388427734375,50588000
2021-10-25,136.42246503075222,136.86877322103567,134.31388545894404,136.3203125,34412000
2021-10-26,138.1219203768164,138.9346913152146,137.17078194335667,138.1665496826172,49236000
2021-10-27,138.26226450047915,147.4314763034353,138.26226450047915,145.0189208984375,85782000
2021-10-28,145.92841199689116,145.9517179093353,143.44145926717053,144.6534423828125,36206000
2021-10-29,143.88878516538037,147.0268510185373,143.46380028291566,146.83245849609375,43320000
2021-11-01,146.8324309481015,146.8324309481015,142.05143515277334,142.32070922851562,46924000
2021-11-02,143.39436697063186,145.4072262525026,143.15236379198146,144.24037170410156,33482000
2021-11-03,144.70452437779974,145.4667336808486,143.405764521186,145.3963165283203,27494000
2021-11-04,145.91847295050908,148.5060949140484,145.10866822451723,147.05210876464844,38412000
2021-11-05,147.94672303683166,149.0952354055238,146.9822063116092,147.6318359375,38354000
2021-11-08,148.59683920952253,149.38037183168208,147.21376959274264,147.80935668945312,23052000
2021-11-09,148.00972059814333,148.60629148213926,146.03800993877508,147.6977996826172,19530000
2021-11-10,146.2908928159798,146.8562275981602,143.35268347985377,144.6975555419922,29970000
2021-11-11,145.28869002419106,146.32612090055292,144.40696987833476,144.5716094970703,16518000
2021-11-12,145.41368068727425,147.6298766291281,144.21905571709473,147.4592742919922,22360000
2021-11-15,147.6799325584469,148.32361464376697,146.36529744247616,147.235107421875,23508000
2021-11-16,146.93507493624477,147.54304137580007,146.10493053390076,146.663818359375,18904000
2021-11-17,146.8140636628539,147.34170037420662,146.033028153426,146.83340454101562,19594000
2021-11-18,147.0263355590037,149.3461667867612,146.67226728662533,148.61024475097656,35608000
2021-11-19,148.74610077592874,149.72898972518277,147.67843279309778,147.70570373535156,33682000
2021-11-22,148.10839815896483,148.60131822577375,144.94950861350554,145.1027374267578,30594000
2021-11-23,144.95496666414806,145.45781447907999,142.9336779574355,144.58700561523438,27218000
2021-11-24,144.2810105888424,145.0506504792178,143.18953724894834,144.92221069335938,18040000
2021-11-26,143.16523224151518,143.3725186493825,140.67977786294543,141.01748657226562,30470000
2021-11-29,142.81961359423084,145.0982812984178,142.71398029271975,144.3375701904297,32596000
2021-11-30,143.81983548713401,144.80320881089577,140.44076564760365,140.73434448242188,42068000
2021-12-01,142.8195956469263,144.75410739029755,139.75691130496085,139.895263671875,34020000
2021-12-02,140.09216072072763,142.68523136017433,139.0651416666331,141.79409790039062,29194000
2021-12-03,142.5032312136305,143.21633168228553,139.15093259281727,140.83749389648438,41230000
2021-12-06,141.86797350092726,142.67331391025607,139.00116443543868,141.98153686523438,30618000
2021-12-07,144.40301145252772,146.32166315012472,144.0370329543183,146.0623016357422,32240000
2021-12-08,146.38661124962783,147.17659085728474,145.20587927665102,146.97177124023438,24270000
2021-12-09,146.38117245241173,147.8778055616714,145.9090763713213,146.42828369140625,23270000
2021-12-10,147.481060069157,147.75628168931388,145.501419679147,146.7882843017578,24458000
2021-12-13,146.5700951293805,146.75705697342113,144.32466128723686,144.63113403320312,27070000
2021-12-14,142.78787579064948,143.29567231486587,140.05743659724035,142.7273712158203,38446000
2021-12-15,142.23342665334246,145.51827360710053,140.51661343560883,145.24057006835938,36370000
2021-12-16,145.96410864255435,146.46645697869997,142.42981251292935,143.26095581054688,33650000
2021-12-17,141.33188874138816,142.65545262972856,140.1417284945182,140.56324768066406,50416000
2021-12-20,138.85237592178575,140.61233535579893,138.17894105107746,140.44619750976562,27192000
2021-12-21,140.88905801007334,142.68968194664052,139.35077693447047,142.2964324951172,28756000
2021-12-22,141.89473474558528,145.29909260146448,141.89473474558528,145.21478271484375,26322000
2021-12-23,145.29911422761188,147.0283222152052,145.2515035755231,145.7122039794922,26384000
2021-12-27,146.04892654418316,147.12800557147986,145.9631335339908,146.694091796875,15976000
2021-12-28,147.02088732134416,147.08337441512606,144.85728115771545,145.48458862304688,18200000
2021-12-29,145.44240783326498,146.2085820571264,144.45358650051998,145.45281982421875,17788000
2021-12-30,145.49149904628018,146.0925342403559,144.79773962624193,145.00204467773438,15688000
2021-12-31,144.85277414670412,145.49595668614006,143.6645965576172,143.6645965576172,18136000
2022-01-03,143.86593461715796,144.65541477911893,142.53494010406916,143.80296325683594,28646000
2022-01-04,144.20414226489285,145.28421989053714,142.5384203965496,143.2158203125,28400000
2022-01-05,143.23614798069272,143.3149946024937,136.55933735130031,136.64561462402344,54618000
2022-01-06,135.8754939287169,138.7928795446468,135.43909829641714,136.61834716796875,37348000
2022-01-07,137.01308839091683,137.31361360301065,134.6535916733449,135.8938446044922,29760000
2022-01-10,133.97072480010584,137.68155536055949,132.07291243739996,137.53277587890625,44408000
2022-01-11,136.87572990846158,139.06662188460535,135.57200624477076,138.59054565429688,28730000
2022-01-12,139.9929457226333,141.4390018146242,139.54118939726052,140.27114868164062,26108000
2022-01-13,140.37975480829834,141.67902912526233,137.27442366179454,137.4509735107422,31436000
2022-01-14,135.9553241572003,139.5883072001904,135.87549384235362,138.33714294433594,29662000
2022-01-18,135.05874499682633,136.00740156008052,134.32828625328975,134.88319396972656,34872000
2022-01-19,135.40435982173292,136.82859294560305,133.90872587033735,134.00889587402344,28648000
2022-01-20,135.1331368955776,136.49786462490957,131.87456152295866,132.21475219726562,29908000
2022-01-21,131.50658478786562,133.75994832516412,129.02013189885773,129.282958984375,55652000
2022-01-24,124.94535114611656,130.1275277070375,123.47946950732766,129.73179626464844,76622000
2022-01-25,127.68469738972522,128.33829204225916,125.46355309123715,125.89448547363281,46960000
2022-01-26,130.04418655853962,131.9097642410679,126.09978210305361,128.17364501953125,49130000
2022-01-27,130.22767566573776,131.5651172616213,127.87560963585803,127.94752502441406,31950000
2022-01-28,128.59615164447928,132.26335206297418,127.43177919070502,132.2578887939453,34362000
2022-01-31,133.06224407236246,134.36250208787934,131.12574979400958,134.1943817138672,39986000
2022-02-01,136.4666227931144,136.66349724406885,133.26706867317114,136.51571655273438,68644000
2022-02-02,150.01017866907893,150.3042417927189,144.32963459516995,146.7868194580078,123200000
2022-02-03,144.5111067615448,148.44806509169965,141.49601822201203,141.9170379638672,71518000
2022-02-04,142.26865554288074,143.68742564570832,139.36316498296367,142.11839294433594,57998000
2022-02-07,143.06756034988416,143.06756034988416,137.76140907718417,138.05995178222656,54974000
2022-02-08,137.8868882442639,138.85240387304552,135.89088796533107,138.25633239746094,54284000
2022-02-09,139.80797789700927,141.3561864794341,139.03783863725855,140.4313201904297,40144000
2022-02-10,138.55831786227063,140.3247091861647,136.8261287196153,137.4836883544922,39330000
2022-02-11,137.46387619119915,138.01580259283259,132.30648944702975,133.1817626953125,39958000
2022-02-14,132.1641873631635,135.18274236475278,132.1641873631635,134.4150848388672,34302000
2022-02-15,136.4427979327925,136.9763973849014,134.7081419187358,135.4886932373047,26680000
2022-02-16,135.52638804007637,136.9540871557712,133.81800399557383,136.60894775390625,25022000
2022-02-17,135.12617731893766,135.98954027468156,131.39254001045595,131.45254516601562,38950000
2022-02-18,132.37292423632954,132.97099324127743,129.1292409403073,129.33404541015625,45620000
2022-02-22,128.77367925061782,131.09697591573786,127.17241181915688,128.7493896484375,44990000
2022-02-23,130.56936150586293,130.96855853759203,126.48213961082902,126.54214477539062,32786000
2022-02-24,123.92923223959937,131.90977476291786,123.92923223959937,131.60330200195312,54456000
2022-02-25,132.4572527893111,134.16265544616002,130.67150526556998,133.35731506347656,36406000
2022-02-28,131.95936863524972,134.63871633436403,131.50561460625966,133.94992065429688,38864000
2022-03-01,133.77285909543676,135.13857036774974,132.12647806196426,132.96255493164062,26496000
2022-03-02,133.5244239122076,134.15371378545083,131.9806796935572,133.4683837890625,23520000
2022-03-03,134.8950837847723,135.32106741558047,131.93505144439177,132.80189514160156,24604000
2022-03-04,131.83788309122372,132.75430495921202,129.26910212432648,130.8252410888672,30430000
2022-03-07,130.41018119670454,130.6551505710918,125.25974058288864,125.34255981445312,45112000
2022-03-08,125.21510386863837,130.1741178832379,124.64432087127925,126.0625991821289,40428000
2022-03-09,130.1741142565606,132.63924417090806,128.83567386884616,132.32632446289062,37026000
2022-03-10,130.18998790766506,132.17954098140794,129.8393852677274,131.3439483642578,27102000
2022-03-11,132.39423085068333,132.69872101628528,128.56885370657136,128.80589294433594,31526000
2022-03-14,129.18232020379136,129.34001346575886,124.2481025769408,124.9185562133789,38812000
2022-03-15,125.93514541675391,128.79005910986243,124.68993626243409,128.13893127441406,30920000
2022-03-16,129.66135482928354,132.240032982956,127.67923236827228,132.18797302246094,35576000
2022-03-17,132.05755123913005,132.98141880336502,131.10144887364655,132.7418975830078,28264000
2022-03-18,132.33078043484574,135.1271719338952,131.17433810969047,135.0096435546875,44566000
2022-03-21,135.04732810159504,135.92656630102422,132.99330550843302,134.98583984375,26832000
2022-03-22,134.9858312898088,139.89376833061417,134.9858312898088,138.72145080566406,35496000
2022-03-23,137.56551524552734,138.44425402347676,136.70513365586095,137.1420135498047,25154000
2022-03-24,138.05894880404426,140.45812610885343,136.62133716164368,140.41151428222656,26396000
2022-03-25,140.7526772850465,140.87070507937713,138.59203769066454,140.5116729736328,24126000
2022-03-28,139.74551627484473,140.83848798996723,138.66543848117558,140.2959747314453,35050000
2022-03-29,141.4781907391212,142.61479282683288,140.87417414180615,141.33734130859375,34318000
2022-03-30,141.29223395375402,141.55059664678325,140.43928293794912,140.77500915527344,19884000
2022-03-31,140.88855215145054,140.9431091731122,137.88488921822,137.9275360107422,37524000
2022-04-01,138.356482806623,139.31951637020538,137.17375319145697,139.00164794921875,25942000
2022-04-04,139.20795791982718,142.53396895874045,139.16034726925992,141.79953002929688,25942000
2022-04-05,141.69787954637118,141.8183741448747,139.23176584389168,139.4385528564453,21418000
2022-04-06,137.6126258686909,138.21812553888182,134.40612601563646,135.42868041992188,32468000
2022-04-07,134.89509176328988,136.04013849416,133.1272020827794,134.77459716796875,26234000
2022-04-08,134.47206944780507,134.55786243440133,131.87553388786895,132.1949005126953,25142000
2022-04-11,130.7429256647374,131.0097178490168,127.61378885750443,127.76751708984375,36884000
2022-04-12,130.52125805208976,130.52125805208976,125.74969005200958,126.6676025390625,32710000
2022-04-13,126.9507369724858,129.2656039537595,126.69385742711057,128.82920837402344,27928000
2022-04-14,129.40993832117093,129.40993832117093,125.56322179244722,125.69116973876953,31598000
2022-04-18,125.95893751791924,127.16149218680218,125.14764215703212,126.62989044189453,20808000
2022-04-19,126.64477542409657,129.26461711503015,125.95844660693362,128.9432830810547,26490000
2022-04-20,129.81904388797793,130.3218916355038,126.45485065417712,126.99041748046875,31696000
2022-04-21,128.1905009821093,129.03204110665789,123.50571776803207,123.7913589477539,36446000
2022-04-22,123.9753354789634,124.37404058160757,117.95013720142737,118.6548080444336,56884000
2022-04-25,118.1247001432462,122.26696285548644,117.53954013860086,122.06513214111328,46128000
2022-04-26,121.29203242122978,121.50576580824183,117.53954577935023,117.67740631103516,73054000
2022-04-27,113.53115828563,116.28093039770941,111.81237005693657,113.35759735107422,91820000
2022-04-28,115.46071897101857,118.66870208583143,113.17956960106591,117.55094146728516,48884000
2022-04-29,115.77760818173668,116.95339156318096,112.88154564341171,113.17412567138672,42676000
2022-05-02,112.47539905815094,115.78851630049633,111.67699747496509,115.62734985351562,35534000
2022-05-03,115.47609513987739,117.47111160861961,115.08334509514572,116.3721923828125,24968000
2022-05-04,116.07217173392031,121.84743753057185,114.17236904181686,121.25880432128906,49916000
2022-05-05,119.21866011890872,120.04681450711568,114.06277194925556,115.55047607421875,45840000
2022-05-06,114.24030932144473,116.60774359414943,113.08089313905965,114.79769897460938,39710000
2022-05-09,112.3216628968711,114.13368999515002,111.08240885566522,111.5887222290039,40802000
2022-05-10,114.56065900721823,115.29707287210782,111.97502692676184,113.457275390625,39900000
2022-05-11,112.30829034622435,115.41064811914042,112.30829034622435,112.6712875366211,37534000
2022-05-12,110.46452055455832,113.35810103264562,108.92424938909092,111.91899871826172,53836000
2022-05-13,113.59415004437889,116.90875792873446,112.67376319786906,115.09921264648438,35038000
2022-05-16,114.0131798264507,115.21772470104247,112.95592377559407,113.50686645507812,25990000
2022-05-17,115.88272969753332,115.94174359590812,113.92838521355479,115.51824188232422,23054000
2022-05-18,114.05731760057398,114.45404021864253,110.64104923458649,110.98223114013672,35126000
2022-05-19,110.51807047133238,112.08362994881233,109.0983015778271,109.47915649414062,34144000
2022-05-20,111.03329836194462,111.26389823607131,104.92925348383902,108.01524353027344,48962000
2022-05-23,108.6891932186079,111.2282060203502,107.84962795327247,110.57411193847656,37184000
2022-05-24,104.90497385041874,105.58584704950131,101.0493357437059,105.10134887695312,76780000
2022-05-25,104.12490462445021,105.62699334651613,103.0051614939558,104.93769073486328,40258000
2022-05-26,104.81073736570944,107.75886699890704,104.36243908840518,106.90889739990234,37948000
2022-05-27,108.58553629317109,111.39729602913795,108.24385499776788,111.39580535888672,37914000
2022-05-31,111.82228915461961,114.78629421531303,111.15976563053904,112.8294677734375,50012000
2022-06-01,113.9135002886975,116.1415831356302,112.32165365581524,112.95838928222656,36606000
2022-06-02,113.06551449385536,116.93304735382672,112.02065295107872,116.65831756591797,37992000
2022-06-03,115.11110884827522,115.36798842891481,112.5879638758018,113.60208129882812,26136000
2022-06-06,115.74783813274163,118.3686786203438,115.21177191367441,115.8628921508789,33542000
2022-06-07,114.53387621473067,116.72625878645412,114.10889140185589,116.18919372558594,31590000
2022-06-08,115.80437236671298,117.59854920159584,115.64419719383626,116.23332977294922,26108000
2022-06-09,115.37393923285215,117.32928262353619,113.83515876761014,113.89417266845703,25798000
2022-06-10,111.52325408711977,112.35041717414056,109.46129391687555,110.25027465820312,41452000
2022-06-13,105.91113796225396,107.89969964994525,105.24911389802193,105.52037048339844,47252000
2022-06-14,105.66171211229965,107.03981794977923,104.93273646839161,105.84072875976562,33706000
2022-06-15,107.65522972129614,110.5101358678124,106.78691045306238,108.86473846435547,39698000
2022-06-16,106.34207999882139,107.75787626146192,104.27615475355856,105.16431427001953,51684000
2022-06-17,105.16432651982022,107.80847323985608,104.18491819399098,106.26522827148438,51376000
2022-06-21,108.03657603615589,111.56739902352787,107.70977872020165,110.62964630126953,47416000
2022-06-22,109.6502478770662,112.41737098859431,109.47767062090766,110.57361602783203,30774000
2022-06-23,111.31149505300748,111.81830776836337,109.59468949112863,111.32190704345703,28362000
2022-06-24,112.06875352459626,117.1110783002862,112.02659857865726,117.00792694091797,41164000
2022-06-27,117.30348914348141,117.60747238809732,114.23534152789627,114.88398742675781,36420000
2022-06-28,114.8532454023872,116.34789602426181,110.93116279588207,111.08935546875,35792000
2022-06-29,110.63758563635704,112.23289804690751,109.96365128893204,110.78585815429688,24716000
2022-06-30,109.09831103463256,109.97903242980904,105.87495184497295,108.06980895996094,43170000
2022-07-01,107.04825117092746,108.35445680115731,105.85560889935694,107.84616088867188,35476000
2022-07-05,106.22257357959492,112.4476205204141,104.8647923311928,112.33455657958984,39342000
2022-07-06,112.37324154606672,114.64198891272858,110.5622056578975,113.63282775878906,37432000
2022-07-07,114.13666235926765,118.21247285733529,113.8921848578157,117.8093032836914,40936000
2022-07-08,116.2888797500777,118.70391717679874,115.94323338269083,118.37513732910156,38238000
2022-07-11,117.03075205965408,117.03075205965408,114.38511466684228,114.72827911376953,31196000
2022-07-12,115.26236105063236,116.01514205426072,112.75806498456316,113.08585357666016,29960000
2022-07-13,110.78535185551783,113.25990236152596,110.28994990879096,110.44070434570312,43722000
2022-07-14,109.30708832837976,110.18235402261737,107.48464911605639,109.46279907226562,37004000
2022-07-15,111.08240810060202,112.21306263725859,109.99092716981522,110.8612289428711,46770000
2022-07-18,111.71665403211723,112.74812973437768,107.48165988903675,108.13624572753906,43164600
2022-07-19,109.94133235969358,113.08534523356836,108.66190591539453,112.87706756591797,36530900
2022-07-20,112.24231974638516,114.45404329391755,111.55798096785527,112.96633911132812,35600400
2022-07-21,113.34322710024298,113.61101810390477,110.19921392026373,113.4027328491211,32676200
2022-07-22,110.09010519867219,111.41911725096242,105.62699282575305,107.01551818847656,48901200
2022-07-25,107.52133950136387,108.9693706048637,105.4286350985414,106.62871551513672,34690900
2022-07-26,105.72618425926788,106.32126446694355,103.21692421288428,104.15913391113281,47991000
2022-07-27,108.36436356281115,112.9762475648789,107.12461020563455,112.13320922851562,59858500
2022-07-28,111.448895683704,113.40274105959543,110.54635140381342,113.28372955322266,32816600
2022-07-29,112.15305449933629,115.75329568436271,112.13321420730232,115.36649322509766,37223400
2022-08-01,114.35485263414594,115.76321063113234,113.40271539749043,113.91845703125,26034300
2022-08-02,113.06552194158387,115.39625706472798,112.78781836154697,114.1862564086914,20236000
2022-08-03,114.76149298206536,117.6476425585004,114.53338259160023,117.11206817626953,28499000
2022-08-04,116.51699706271334,117.80633617133454,115.93182947198484,117.22117614746094,21602900
2022-08-05,115.27723913427396,117.1418256153438,115.04912116805919,116.50707244873047,19159500
2022-08-08,117.41953956981935,119.1651147158916,115.9219151378597,116.3384780883789,19138300
2022-08-09,116.17977937135981,116.35830417801051,114.76150106487229,115.67395782470703,19086500
2022-08-10,117.80633898841191,119.92879644019511,117.4393767839381,118.71879577636719,30930400
2022-08-11,120.28584605400722,120.49412374035786,117.58814114476164,117.8658447265625,24293700
2022-08-12,119.2741980957184,120.68255615234375,118.48075288719056,120.68255615234375,19096300
2022-08-15,120.13706749098401,121.29748248930953,119.62133337705963,121.07928466796875,19494800
2022-08-16,120.52385254285494,121.42639657030152,119.65106895053317,120.70237731933594,19041200
2022-08-17,119.13534985161822,120.29575726084148,118.40141036356964,118.57002258300781,22847000
2022-08-18,118.45100459562921,119.82960983443398,117.74682554009155,119.1849365234375,17987700
2022-08-19,118.08403247971835,118.17329866159419,115.8028907047583,116.24919891357422,21809500
2022-08-22,114.25568050831775,114.6821560186315,112.91674823026226,113.30355072021484,21456600
2022-08-23,112.54978392368335,114.06724098148526,112.50019075744802,112.92666625976562,15870400
2022-08-24,112.56961931409134,113.83912570446977,111.94478626575493,112.75806427001953,17734600
2022-08-25,113.30353847884851,115.76321250751124,113.17460685174579,115.69378662109375,16956800
2022-08-26,113.77960949375512,114.17633209597903,109.28674437319086,109.43550872802734,37245700
2022-08-29,109.08838330000286,110.040513040239,107.90814316272662,108.52305603027344,21191200
2022-08-30,109.26692568103704,109.59422246008539,106.91635760771248,108.04701232910156,27513300
2022-08-31,109.74297432432968,109.94133184491908,107.24362719051874,107.33289337158203,28627000
2022-09-01,107.39240011242691,109.54461025492617,106.47994340226887,108.8404312133789,28360900
2022-09-02,109.68346459238305,109.832236521105,106.38076712239958,106.96592712402344,24160700
2022-09-06,106.42043703294185,107.14444879573196,104.91289263064388,105.9344482421875,25068300
2022-09-07,106.18240264265648,109.07847249571734,106.02371813346193,108.55281066894531,23167000
2022-09-08,107.15436785234293,108.70157768967908,106.28158417405022,107.4915771484375,24238300
2022-09-09,108.17593072235994,110.08019027578453,108.12633755578807,109.74298095703125,23197700
2022-09-12,110.0801874345021,110.70502802301867,109.02887891863624,109.95125579833984,22966800
2022-09-13,106.91632790525951,107.41222922658845,103.2367334421676,103.46485137939453,38172900
2022-09-14,103.71282196440401,104.41700106794902,102.8102853209623,104.13929748535156,26395100
2022-09-15,103.17724342441045,104.40707676995653,101.51101442821535,102.0664291381836,34188300
2022-09-16,101.23331701288926,102.28462561681641,100.11258251185099,101.95733642578125,42797200
2022-09-19,100.91593353936474,102.48298375828159,100.71757600878111,102.22511291503906,23036800
2022-09-20,101.24322534010722,101.53084904223219,99.6960079229227,100.31092834472656,26517100
2022-09-21,100.83658693545453,102.03666739252802,98.45625874751293,98.46617889404297,31487300
2022-09-22,98.00995057481285,100.4101114902342,97.98019770206167,99.31912994384766,34298600
2022-09-23,98.81330688401681,98.84306732316416,96.67101684353818,97.93060302734375,31625400
2022-09-26,97.29583900935431,99.06124652577749,96.99830275276098,97.36526489257812,27072700
2022-09-27,98.61494711523052,99.18027437650241,96.07593451258548,96.70076751708984,30072800
2022-09-28,96.84953051932892,99.87452406900852,96.31395617901546,99.2298583984375,32466300
2022-09-29,97.83142237621783,97.83142237621783,95.17339071110857,96.62142181396484,31047200
2022-09-30,96.25446166796625,98.08929527552542,94.77667009540615,94.86593627929688,32941500
2022-10-03,95.96684196996166,98.47610186740503,95.72880384753613,97.83142852783203,27982000
2022-10-04,99.61667862054995,101.0051965284241,99.557165305316,100.80683898925781,28850800
2022-10-05,99.0116735801322,101.09445790974014,97.99011792498692,100.59855651855469,22176900
2022-10-06,99.85470635132027,102.08626265455283,99.76544016442644,100.58863830566406,22324000
2022-10-07,99.03150112865876,99.70592728808386,97.49421143647145,97.87109375,27502800
2022-10-10,98.18847777441846,98.2876565416277,96.21479230959145,97.05782318115234,18225100
2022-10-11,96.63133537448569,98.43641594865333,95.52051364928485,96.38338470458984,26507100
2022-10-12,96.50240591070916,97.94051680156004,95.9469912522471,96.76026916503906,21876400
2022-10-13,94.37003338415455,98.96207740272202,93.6063410275305,98.24797821044922,34574500
2022-10-14,99.17034658633813,99.86461299357255,95.58002577343595,95.76846313476562,25410700
2022-10-17,98.04962623156622,100.10265774202443,98.0198733580147,99.15052795410156,28419200
2022-10-18,102.28461724659432,102.62183412414964,99.15052441894925,99.94396209716797,24060700
2022-10-19,99.19019861679422,100.1919139812081,98.10912964670428,98.81330871582031,23811100
2022-10-20,99.18028082765306,101.48126304018042,98.57528050925599,99.15052795410156,25323200
2022-10-21,97.04789829825931,100.47953493084219,96.9189666638649,100.30101013183594,32458700
2022-10-24,100.9655271818657,101.9077368068661,99.16044640435987,101.67961883544922,27176400
2022-10-25,102.05650783204726,103.96076735839142,101.87798302852408,103.6235580444336,40611400
2022-10-26,95.63952891169801,97.50411515149013,93.9137944362067,94.15182495117188,88114100
2022-10-27,93.74519206481907,94.64773619425107,91.04749495639449,91.46405029296875,60710900
2022-10-28,91.51364270819928,95.75856512636024,91.37479091899618,95.50069427490234,43697300
2022-10-31,94.63781949338367,95.24281979479946,93.20962863501363,93.73528289794922,31675000
2022-11-01,94.66757492682962,95.24282237108928,89.62922241672638,89.72840118408203,47161400
2022-11-02,90.19454589639709,90.43257644134617,86.16782152387951,86.25708770751953,57038300
2022-11-03,85.61241853361773,85.81077606951776,82.65684282083558,82.74610900878906,61288000
2022-11-04,84.69995747119829,85.92979077856455,83.02380838038178,85.87028503417969,51124900
2022-11-07,86.56453757303696,88.1712606549143,86.13806211366017,87.76461791992188,34078900
2022-11-08,88.1712646484375,89.57962271598969,86.87199792022133,88.1712646484375,30429000
2022-11-09,87.72495193475426,88.70684212468586,86.56454451049467,86.60421752929688,31769100
2022-11-10,91.49381082236977,93.61626826753488,90.8590576182188,93.16996002197266,51620100
2022-11-11,93.91380328731896,96.1354392923686,93.15011094483498,95.61970520019531,33090500
2022-11-14,94.31051943427285,95.99658864167773,93.73527959271193,94.91551971435547,30179500
2022-11-15,97.45453185847643,99.31911814225298,95.91723470292742,97.633056640625,41640800
2022-11-16,97.09748619804606,98.82322078363063,96.83961537638496,98.0396957397461,29105200
2022-11-17,96.17511335721086,98.46617527590662,95.99658856050377,97.55371856689453,26052600
2022-11-18,97.96035978371822,98.08929899123865,95.5800391036644,96.63134765625,28342300
2022-11-21,96.49248658714596,97.59338820085925,94.5783070537111,94.81633758544922,21647400
2022-11-22,95.16347408012261,96.42306785300386,93.27905484436155,96.25446319580078,23438500
2022-11-23,96.29413568796969,97.95045220883327,96.29413568796969,97.65290832519531,18868100
2022-11-25,97.43469959629758,97.83142220785665,96.60158892219253,96.66109466552734,9701400
2022-11-28,96.24454747735288,96.78012191327572,94.8262691285725,95.26266479492188,26237500
2022-11-29,94.94528050830175,95.33208297513312,93.33855733056448,94.40970611572266,20061700
2022-11-30,94.04274847629401,100.21176358073885,93.64602581219957,100.16217041015625,43647500
2022-12-01,100.19192328576362,101.4118441536543,99.42823840003759,100.16217041015625,28687100
2022-12-02,98.23807103454332,99.94396550598155,98.08929910016103,99.6166763305664,21480700
2022-12-05,98.58519711399899,100.5489623663918,98.1884744915712,98.66454315185547,24405100
2022-12-06,98.48601782310948,98.9620789139917,95.62962101039767,96.1850357055664,24910700
2022-12-07,95.61970972120518,96.08585067198514,93.94356060039664,94.16175842285156,31045400
2022-12-08,94.59815001476763,94.79651511839255,92.68397027420339,92.94184112548828,32213300
2022-12-09,93.0013431152763,93.48733192437892,91.98970761165849,92.06905364990234,28225400
2022-12-12,91.9500324704772,92.79306329851202,90.85905095379364,92.54511260986328,29420000
2022-12-13,96.958644678424,98.71413232006631,94.25101968178204,94.84609985351562,40593700
2022-12-14,94.41961155521665,96.0759277719066,92.83272878989905,94.29067993164062,28733600
2022-12-15,92.36658508509045,92.87240659372344,89.27216542487523,90.11519622802734,40107000
2022-12-16,90.01602776214001,90.5813550775437,88.7861867939752,89.52012634277344,58011800
2022-12-19,89.52012290883614,89.81765920892968,87.48692414068339,87.71504211425781,29493000
2022-12-20,87.38773902543626,88.44896764240224,86.7232330132954,88.29027557373047,23453800
2022-12-21,88.349786515183,89.48044099017838,87.59601434290138,88.84568786621094,24745600
2022-12-22,87.43733387958731,87.81421619968995,85.61241288884075,87.04061126708984,27658300
2022-12-23,86.39594104938888,88.81594226177606,86.35626803003854,88.49856567382812,23003000
2022-12-27,88.07209058240402,88.21094236734609,86.29676268423916,86.67364501953125,20097300
2022-12-28,86.2670023652313,87.31831080815121,85.23552664693922,85.31486511230469,19523200
2022-12-29,85.9099593646084,88.12167532237186,85.9000392181079,87.7249526977539,23333500
2022-12-30,86.26701373187004,87.57619316857544,85.8603709383056,87.50676727294922,23986300
2023-01-03,88.85560627643153,90.30364497529531,87.79437761826055,88.38946533203125,28131200
2023-01-04,89.60937532240884,89.90691916874918,86.55462109181812,87.35798645019531,34854800
2023-01-05,86.75298665837843,86.85216541875592,85.19585666320351,85.49339294433594,27194400
2023-01-06,86.07855178597063,86.97117567277324,84.16437239360367,86.62403869628906,41381500
2023-01-09,87.63569405206921,89.31184316795068,87.13979266316744,87.29847717285156,29003900
2023-01-10,85.27521189352831,87.94315639958413,85.12643995349273,87.69520568847656,30467800
2023-01-11,88.44896825112974,90.8491290549015,88.28036360214634,90.76978302001953,26862000
2023-01-12,90.73012501545803,91.1169275086837,89.0143028128799,90.38298797607422,30258100
2023-01-13,90.10526696354064,91.43428641574049,89.39116786287846,91.36486053466797,26329200
2023-01-17,91.30534882869009,91.49379375212015,89.31183096580291,90.54166412353516,32602400
2023-01-18,91.38470524390696,92.0392986943226,89.89700111134908,90.3730697631836,29116700
2023-01-19,89.9763594126032,92.84266916002713,89.88709321771738,92.28726196289062,37000400
2023-01-20,94.3204372009586,97.49421044649547,94.24109116727796,97.21649932861328,63191100
2023-01-23,97.1470790758333,99.21995081656387,96.70077085248677,98.97200012207031,40005100
2023-01-24,97.29583909209552,98.79346322217292,96.40321518784893,96.89911651611328,33078500
2023-01-25,94.78659786716852,95.37176548216979,92.99143713393819,94.43946838378906,42330000
2023-01-26,95.70896088534776,96.77018947539196,94.59813913338816,96.72059631347656,30114000
2023-01-27,96.5123239826297,99.49765240364174,96.5123239826297,98.5554428100586,33879800
2023-01-30,96.6809449292123,97.48430281450548,95.60979603758457,96.14537048339844,27226200
2023-01-31,96.07593251835176,98.06945054380512,96.02633935545113,98.02977752685547,29870700
2023-02-01,97.90084854753133,100.36052269702401,96.78011416406397,99.60675048828125,35531100
2023-02-02,104.93273458159672,106.9659256907038,104.74428963661705,106.85682678222656,69883800
2023-02-03,102.08625562934304,106.92625024321528,101.73912618609937,103.92108917236328,65309300
2023-02-06,101.56060951901542,103.50454212360086,101.04486781904797,102.05651092529297,31999600
2023-02-07,102.37387842734272,107.29321903254016,102.27469966826962,106.75764465332031,49010200
2023-02-08,101.2134745048074,102.29453587919534,97.23634332555855,98.5554428100586,94743500
2023-02-09,99.18026369390365,99.21001656231525,92.8624781725347,94.23117065429688,119455000
2023-02-10,94.6675682304884,95.95691481547425,93.47740797269714,93.79478454589844,54980700
2023-02-13,93.96338902898977,94.4196173792314,93.07076505379771,93.83445739746094,50076100
2023-02-14,93.65594180887688,94.07249718262943,91.50373147763352,93.90389251708984,54726100
2023-02-15,93.7154489662695,96.32389529866973,93.37823963012109,96.14537048339844,50169000
2023-02-16,94.58823713954602,96.8792992195654,93.96339652364621,94.72708892822266,42462600
2023-02-17,94.07249288547277,94.77667195660865,92.44593691924389,93.57659149169922,34284100
2023-02-21,92.23765518012942,92.33683394114578,90.96814887866952,91.0375747680664,33629300
2023-02-22,90.94831301648848,91.35495579337403,89.86725160509873,90.89872741699219,30884000
2023-02-23,91.1665064831145,91.18634677544837,89.02421648917793,90.14495086669922,41206400
2023-02-24,88.70685522372197,89.15316350915597,87.85390411065882,88.3993911743164,36585100
2023-02-27,89.13331604003906,89.42093974612138,88.60765422535826,89.13331604003906,27502300
2023-02-28,88.59773510812792,90.4821617111098,88.5878149626214,89.32174682617188,30142000
2023-03-01,89.24241090828541,90.28379921055803,88.93494692364422,89.61929321289062,31111200
2023-03-02,88.92503489270483,91.52355315835904,88.85560143860462,91.245849609375,32204400
2023-03-03,91.72191687766424,92.96167025066717,91.69215644055474,92.88232421875,35160100
2023-03-06,93.2492875940104,95.1833074213031,93.22945486919875,94.35018920898438,32639300
2023-03-07,94.20142849315206,94.8857672449639,92.76330996601668,93.09060668945312,27835500
2023-03-08,93.34848534799025,95.17339892826718,93.22946628398542,93.4774169921875,34103300
2023-03-09,93.27905456209555,94.74691844025844,91.14667706997915,91.563232421875,28813500
2023-03-10,91.41445442058324,92.02937482791765,89.65896694454361,89.88707733154297,35941000
2023-03-13,89.35152356903258,91.81119819891302,88.68701741277528,90.36316680908203,37335600
2023-03-14,91.80125398569051,93.58650184316622,91.6822425064281,93.19969940185547,36050200
2023-03-15,92.45584219446059,96.135429036382,91.88059485416576,95.32215118408203,50622100
2023-03-16,95.41142746724535,100.36052894620208,94.71716852573586,99.4976577758789,65492000
2023-03-17,99.43815015945079,101.9969956149556,99.27945808045726,100.78700256347656,61028500
2023-03-20,99.29930764568316,100.91594362539297,99.05135692424484,100.39028930664062,32960400
2023-03-21,100.42002246352078,104.23846131049126,100.39026959348749,104.0599365234375,42110300
2023-03-22,103.41526038657393,105.71624226306058,102.48297102840904,102.52264404296875,43427400
2023-03-23,104.19880816609637,105.42864918560569,103.60372795138356,104.73438262939453,40797800
2023-03-24,104.12936781949888,104.62526919076385,102.98879315221856,104.57568359375,30393300
2023-03-27,103.76240714497641,103.90125892558605,101.09445530767543,101.62010955810547,31120900
2023-03-28,101.60028121184264,101.61019379170308,98.92240911282488,100.20183563232422,32057900
2023-03-29,101.44158753942646,101.64986521604924,99.82495172553267,100.55888366699219,28779600
2023-03-30,100.0828209446528,100.33077163663715,98.96207897409658,100.06298065185547,33086200
2023-03-31,100.46961878932184,103.0383842078249,100.2117479628211,102.87969970703125,36863400
2023-04-03,101.5506793026603,103.67313650572234,101.09445096214598,103.50453186035156,25035400
2023-04-04,103.47478504857116,104.71453851392779,103.18716133658586,103.86158752441406,24420100
2023-04-05,104.9128913544011,105.23026792467863,102.81027441388282,103.61363220214844,28290500
2023-04-06,104.39716471996435,108.27510972849137,103.47478781441008,107.53125762939453,48711500
2023-04-10,106.10305636159114,106.70804904814693,104.2583027310059,105.5674819946289,27067400
2023-04-11,105.6765952509876,105.85512006422364,103.82192122274951,104.4864273071289,26311800
2023-04-12,105.70634939796318,105.87495406614505,103.48470556942307,103.7822494506836,24370300
2023-04-13,104.97240702008682,106.6088831893166,104.97240702008682,106.54937744140625,24843600
2023-04-14,106.01379677904549,108.04699547084493,105.96420361413152,107.97756958007812,26578000
2023-04-17,103.80208956915179,105.28979383922241,103.66323020910507,105.10134887695312,37571200
2023-04-18,105.61707995911007,105.6666731267469,103.21691895584503,103.64339447021484,26596400
2023-04-19,102.7309239306776,104.11944920307992,102.225102442597,103.32600402832031,20905700
2023-04-20,103.05822535639409,105.37904011363008,103.01855233915232,104.42691040039062,27820800
2023-04-21,104.60544233096776,105.13109660328743,103.92109597885471,104.54593658447266,25800100
2023-04-24,104.62528018111423,105.7559348210195,103.84175502418775,105.10134887695312,23542800
2023-04-25,104.96248334111876,105.8154342829649,102.98879048643646,102.99871063232422,46664100
2023-04-26,104.0599282754248,105.47820631380996,101.78869938503996,102.85984802246094,53347600
2023-04-27,103.59379357823073,107.48166608530138,102.6912570160058,106.70805358886719,50089200
2023-04-28,106.16257721263207,106.47003367253913,104.22855712885315,106.46011352539062,36139800
2023-05-01,105.96420132305943,107.1047759897289,105.9443685976354,106.32125091552734,26681700
2023-05-02,106.2617379751714,106.32124371426752,102.85985449785488,104.45665740966797,30997200
2023-05-03,104.66494807746287,106.60888065380296,104.09962078519486,104.54593658447266,21795400
2023-05-04,104.62527054996112,104.73436945840507,103.117733691147,103.83183288574219,23419500
2023-05-05,103.9607682679493,105.01207680519784,103.25658919423994,104.70462036132812,26639300
2023-05-08,104.3178158732233,107.07502636899285,104.29798314719713,106.88658142089844,26511400
2023-05-09,107.50150758418665,109.24708267470773,106.31134722106391,106.47003173828125,36360100
2023-05-10,107.08496290396782,112.01422464643798,107.0452898789892,110.83397674560547,63153400
2023-05-11,114.4540486758181,116.95338849067711,113.47216598785796,115.61445617675781,78900000
2023-05-12,115.7235396119098,117.06247174670034,115.15821237424916,116.54673767089844,41102300
2023-05-15,115.15822426414559,117.50879963545604,115.05904549704219,115.55494689941406,36266800
2023-05-16,115.5351086013426,119.76019074124378,115.47560285342378,118.53035736083984,45035600
2023-05-17,118.62953592633984,120.67264731450432,117.91543668511788,119.84944915771484,33323600
2023-05-18,119.95854133598478,122.29919646548392,119.83952984703524,121.82313537597656,35234200
2023-05-19,122.53723296740392,124.93739380984856,121.1487076020142,121.75370788574219,41353400
2023-05-22,121.93224352318924,125.39363331471273,121.73387841515391,124.02494812011719,35253000
2023-05-23,123.14222636559451,123.60836727655007,121.20820656831121,121.55533599853516,34046300
2023-05-24,120.12716390212464,120.91068906155631,118.87749019255021,119.90896606445312,34182600
2023-05-25,123.49927213144791,124.2927173391139,120.96025957388359,122.46780395507812,42317000
2023-05-26,122.16034830832359,124.2332200823341,121.44624908602053,123.58854675292969,35635900
2023-05-30,124.61010271936992,124.62994301273424,120.99994114625623,122.65625,35076700
2023-05-31,121.7437815499549,123.04304066689512,121.49583087470042,121.86280059814453,37325800
2023-06-01,121.81320947582672,123.40009231065325,121.61485195904373,122.7058334350586,30772700
2023-06-02,122.97362980848881,125.11592753657705,122.74551939681675,123.64805603027344,26980100
2023-06-05,122.99346805796284,126.38543183753264,122.82485583017811,124.9770736694336,32305500
2023-06-06,124.97705663721925,127.2383579485679,124.3323833879781,126.26639556884766,26638300
2023-06-07,125.92919376166726,127.98221754198133,121.11895203748432,121.49583435058594,52539000
2023-06-08,121.22806013248871,122.21986293706264,120.24616990782498,121.1387939453125,29389200
2023-06-09,121.24787532634652,122.74549946341146,120.91066605364323,121.22804260253906,23778300
2023-06-12,121.78345693305364,123.0331304793446,120.66272258318774,122.6264877319336,28306400
2023-06-13,123.95551612909149,124.13404093411759,122.17026807883049,122.81494140625,22278300
2023-06-14,122.09092270879414,123.03313990537379,120.45444658155986,122.65625,30592300
2023-06-15,122.13058581448757,124.43156781239826,121.39665392353744,124.0645980834961,35246300
2023-06-16,124.89772318191494,125.07624798326509,122.26944432692575,122.51739501953125,45535600
2023-06-20,121.9223072208865,123.5488630569753,121.13878217339122,122.09091186523438,26097500
2023-06-21,121.39665450345422,121.65452532950529,119.11550521954592,119.56182098388672,30306300
2023-06-22,119.01632293916366,122.22976153980194,117.85591560655178,122.1405029296875,26952200
2023-06-23,120.3850207964695,121.78346637257002,120.06764420404919,121.33715057373047,34913600
2023-06-26,119.77009470813596,120.9999279223986,117.30050056715868,117.36992645263672,33969900
2023-06-27,116.1202700370029,118.10387557545451,115.14829999374557,117.36002349853516,39535900
2023-06-28,116.1301877388727,119.4031400484243,115.89215718247867,119.19486236572266,27091400
2023-06-29,118.2625700557701,119.0758480924374,117.33028051954751,118.12371826171875,24090900
2023-06-30,119.18494431736862,120.08748852515521,118.7088831961985,118.71879577636719,29532200
2023-07-03,118.26256653867198,119.20478376097655,117.84601116890617,118.91716003417969,14467900
2023-07-05,118.26256411758469,121.60494228794853,118.25265153768966,120.75199127197266,27584800
2023-07-06,118.81797842897954,119.31387982882194,117.42945299604987,119.12543487548828,24745200
2023-07-07,119.1155079508008,120.05772509699975,118.42124905726847,118.50059509277344,21709500
2023-07-10,117.33027892845527,117.34019150871362,115.18798116324814,115.49543762207031,35315200
2023-07-11,115.33673304046103,116.74509101139748,114.40443611219281,116.17976379394531,23078800
2023-07-12,117.82616175907532,119.3436186532648,117.43935931808012,117.95509338378906,30404400
2023-07-13,119.938710617678,123.80674297722868,119.4626419533475,123.51911926269531,44297900
2023-07-14,123.77698624657505,125.74075145445121,122.47771949840582,124.39189910888672,33283100
2023-07-17,124.90764611490182,126.05813341949313,123.18190380773267,123.62821960449219,25716200
2023-07-18,123.57860925503613,123.6579552834524,121.95205350677138,122.74549865722656,26193600
2023-07-19,123.57861868845079,124.1538660880998,120.80157558357863,121.0296859741211,37224000
2023-07-20,120.42469622569655,123.07280793107658,117.25093023799634,118.22289276123047,37906800
2023-07-21,119.6312510365837,119.99821321316037,117.75674443491287,119.03616333007812,72937900
2023-07-24,120.6627297925078,121.99174188501857,119.98830359973758,120.5337905883789,29686100
2023-07-25,120.36517540126466,122.14050312936536,120.02795855095499,121.20820617675781,52509600
2023-07-26,129.00378761340536,129.90631659089652,127.26813284588675,128.21034240722656,61682100
2023-07-27,130.59064476632827,132.14778209152604,127.73424847403028,128.33924865722656,44952100
2023-07-28,129.7079618698937,132.64370465595107,129.49969176817697,131.4932098388672,36591200
2023-07-31,131.64199265883678,132.43543799339955,130.6997829450421,131.632080078125,28055500
2023-08-01,129.70795684787504,131.54279790983335,129.60877052366334,130.47164916992188,23166800
2023-08-02,128.3888500556574,129.02360314650636,126.51434365192316,127.32762908935547,26273300
2023-08-03,126.92099551059741,128.32935355941024,126.37550098690372,127.39705657958984,20089500
2023-08-04,128.2202600170075,130.43197594152576,126.86149507419762,127.05985260009766,26147200
2023-08-07,128.10126008485418,130.53117404718972,127.96240829082672,130.4518280029297,22746300
2023-08-08,129.5492558700105,130.4319596134173,128.47810720379093,130.32286071777344,23535200
2023-08-09,130.58075827957177,130.9576330468754,127.94255923989908,128.59715270996094,24912900
2023-08-10,130.24358165398377,130.96759363116905,128.38889968997827,128.62693786621094,20857800
2023-08-11,127.60533894622364,128.86491747828384,127.11935017534717,128.49795532226562,19591100
2023-08-14,128.32933382192084,130.29309867147586,127.90286598134887,130.25343322753906,24695600
2023-08-15,130.02537369060173,130.34274276724898,128.22028504503507,128.7161865234375,19770700
2023-08-16,127.64501953125,129.2120697982791,126.82182894388471,127.64501953125,25216100
2023-08-17,128.73596901016427,130.90801893158562,128.23014004376432,128.85498046875,33446300
2023-08-18,127.45658011346536,128.19051967813363,125.34404274535204,126.41519165039062,30504800
2023-08-21,126.13747078000077,127.6747604625636,125.52255036686307,127.31771087646484,25248700
2023-08-22,127.45656155015928,129.21205659443743,127.2681317464859,128.0218963623047,22054900
2023-08-23,129.11289189432017,132.31642609894942,128.80543542234216,131.28494262695312,27819700
2023-08-24,132.8520030372683,133.14954695105217,128.50791637738726,128.7161865234375,28500700
2023-08-25,128.47811371877063,129.68811421046675,126.20689221900474,128.81533813476562,26762900
2023-08-28,130.23362480291482,131.4535380240542,129.07321732909296,129.9360809326172,20543300
2023-08-29,131.1560164514264,135.45052467736468,131.1560164514264,133.4669189453125,43075600
2023-08-30,133.67517000710467,135.16287409396253,132.9709985475354,134.7661590576172,28315800
2023-08-31,134.89511039013297,136.86880365915113,134.67691253592147,135.05380249023438,30053800
2023-09-01,136.3332062668677,136.3332062668677,133.74460060567057,134.54795837402344,21543700
2023-09-05,134.3297620041587,135.30172442643027,133.4768110647792,134.6570587158203,19403100
2023-09-06,134.9050132008134,135.41082715108524,132.57427070368973,133.35780334472656,18684500
2023-09-07,132.49492113945962,134.46861399155742,131.8601680068501,134.15122985839844,18844300
2023-09-08,133.80411838628038,135.53977327338907,133.7446126401159,135.26206970214844,23558300
2023-09-11,135.4207632480529,136.35306040880863,134.6769110623918,135.7976531982422,20763400
2023-09-12,135.14301687903506,135.7480170706124,134.0817959661607,134.23056030273438,18405500
2023-09-13,133.9826247837674,135.7777852717878,133.05032781273377,135.58935546875,20749500
2023-09-14,136.47203999804393,137.56301374731885,135.1231878944064,136.9679412841797,24751000
2023-09-15,136.84894433199983,137.3845263119322,135.36124015129133,136.27369689941406,38919600
2023-09-18,135.4901665221767,138.0192664165555,135.4901665221767,137.07705688476562,21861300
2023-09-19,136.29353439301667,137.2754245802509,135.5000891528616,136.908447265625,20353700
2023-09-20,136.94814339852564,136.94814339852564,132.52469589773267,132.6437225341797,29927500
2023-09-21,130.3625454686309,131.14606291971518,129.00378065244968,129.37074279785156,31503900
2023-09-22,129.68811066252235,130.94770428096794,128.53763107597587,129.1822967529297,26397300
2023-09-25,128.76575671410941,130.0947688069164,127.90289313849301,130.03526306152344,20094600
2023-09-26,128.7062506995645,129.29141070631724,126.17715058968768,127.5160903930664,25718700
2023-09-27,127.5161024517244,129.8269898246319,127.5161024517244,129.46994018554688,22746500
2023-09-28,128.77564913871086,132.2072928784644,128.72605598074225,131.22540283203125,22513100
2023-09-29,132.18745302372233,132.95114528457344,129.29139116656413,129.78729248046875,30859800
2023-10-02,130.1344623833808,133.31814114938217,130.09478179335153,133.0701904296875,22288000
2023-10-03,132.8420685488848,133.15943757319482,130.75927662958244,131.3444366455078,22989400
2023-10-04,131.70149484137792,134.45872070934675,131.44363154646038,134.1314239501953,26752300
2023-10-05,133.96279907226562,134.37935439370042,132.3560683939219,133.96279907226562,19832600
2023-10-06,132.91148163496393,137.02747214489506,132.91148163496393,136.4522247314453,27597600
2023-10-09,135.8174754746164,137.8010810398745,134.49837595767463,137.28533935546875,19278100
2023-10-10,137.36467931785276,138.57467986983306,136.20427192955205,136.92828369140625,27786600
2023-10-11,137.44405047915077,139.9533106562274,137.44405047915077,139.3979034423828,25884300
2023-10-12,139.89377728823808,140.0623819353228,137.12663921258442,137.83082580566406,24765500
2023-10-13,138.23748528968676,138.85239821040267,135.50009975367846,136.23403930664062,23420500
2023-10-16,137.03736302959354,138.48540148023622,136.85884582628907,137.95974731445312,28501900
2023-10-17,137.49363032645,138.75320901659043,136.05550412475992,138.57469177246094,23515800
2023-10-18,138.30689326315832,139.56648701861894,136.25386939858822,136.82911682128906,23375000
2023-10-19,137.36468644323884,138.51518131196565,136.25387216099756,136.62083435058594,26066000
2023-10-20,136.2042789444492,136.73984579212933,133.97272266731449,134.48846435546875,26335700
2023-10-23,133.93304944521964,136.53158318839846,132.85198797694417,135.38108825683594,26317900
2023-10-24,136.70018711343607,138.2176442463873,136.2935443173615,137.67214965820312,44814300
2023-10-25,127.10942964724988,127.25819398938398,124.0447555627759,124.58032989501953,84366200
2023-10-26,122.25952391827924,123.31083999813282,120.27591838168972,121.27764129638672,57061100
2023-10-27,121.87272000373477,122.29919549173574,119.22460845972752,121.16854095458984,44566500
2023-10-30,122.20002763263162,124.37207828472111,121.7437992319236,123.43978118896484,28940100
2023-10-31,124.03485926262917,124.34232328480618,121.68429140278461,123.06289672851562,26292300
2023-11-01,123.05297186152897,125.45313279745749,122.70584239837481,125.41345977783203,30082400
2023-11-02,127.36730789447058,127.92271501549958,125.88952390924445,126.44493103027344,27124600
2023-11-03,126.970599202535,128.4682159884043,126.81190712180837,128.041748046875,26393100
2023-11-06,127.9921365850185,129.2715553604388,127.61524673059205,129.1822967529297,19052700
2023-11-07,129.63856004129278,130.82872046079768,128.81536184159327,129.89642333984375,29757300
2023-11-08,129.89641375169958,131.1262546701782,129.70796879855988,130.75927734375,26425800
2023-11-09,130.8782957156304,131.46345569784398,129.0037891497348,129.17239379882812,23747800
2023-11-10,129.03354879478132,131.71141329610631,128.34920244954847,131.5031280517578,26913300
2023-11-13,130.69976098599605,131.50311876629735,130.1741067560777,131.00721740722656,18324800
2023-11-14,133.09002359550504,134.58764041410248,132.2271599799759,132.52468872070312,32395200
2023-11-15,133.76441488908887,133.92310694082042,132.47508358646422,133.51646423339844,23861500
2023-11-16,134.0818138246226,136.09517216084916,133.21895029015656,135.8075408935547,28013200
2023-11-17,134.88518254388185,134.94468829125762,132.55443988026462,134.20083618164062,37240600
2023-11-20,132.5941051889177,135.53976041427174,132.52467173584012,135.13311767578125,27815500
2023-11-21,135.17278005589571,136.05548383220494,134.8454984904721,135.8472137451172,22635300
2023-11-22,136.34312381394363,138.2771361292862,136.34312381394363,137.35476684570312,17813900
2023-11-24,136.89854649174416,136.997732830458,134.8752753318926,135.5695343017578,12514300
2023-11-27,134.914934431914,137.28534253189412,134.88518155844346,135.2918243408203,23436500
2023-11-28,134.96454868616414,136.12495633394906,134.30995510011763,136.0753631591797,18730000
2023-11-29,136.44232172928395,137.15640583938017,133.73468912413915,133.8834686279297,23967200
2023-11-30,133.94296597089948,134.43886735166274,130.2038653225059,131.44361877441406,38988300
2023-12-01,130.77911376953125,131.02706446186437,129.5988660526321,130.77911376953125,31442300
2023-12-04,128.81534267439568,128.96410702955671,126.85156995087304,128.21034240722656,36669900
2023-12-05,127.89297349238338,131.05682698082634,127.1987145294908,129.916259765625,27384800
2023-12-06,130.36258200398004,130.75929712999184,128.81537182533717,128.9542236328125,23576200
2023-12-07,133.9330343345262,137.42418419027493,133.59582503757497,135.8075408935547,56767100
2023-12-08,133.09993592227912,135.28189910781614,132.9313312582846,133.8834686279297,32260100
2023-12-11,131.29485865478858,132.24698086173262,130.28321556791462,132.1973876953125,31138000
2023-12-12,130.729544326263,131.90979225732775,130.18404967740383,131.43373107910156,29032800
2023-12-13,132.28668009820586,132.40569160742476,130.49151921016573,131.4833221435547,30104800
2023-12-14,132.28664245291358,132.6238517222141,128.62688824878407,130.8584442138672,38722400
2023-12-15,130.54106870618423,132.41557523506742,130.10467308952005,131.51304626464844,50847100
2023-12-18,131.5428154285214,136.0257533662055,131.34444275367903,134.68682861328125,32258000
2023-12-19,135.71829114427823,136.34313174933595,134.96452646649996,135.52984619140625,25476800
2023-12-20,137.83080359315892,140.53842035668632,136.93818733863088,137.20596313476562,49107200
2023-12-21,138.34658204933325,139.53674241725346,138.03911046006232,139.26895141601562,27488300
2023-12-22,139.61607052198642,140.82607102846447,139.5565647812921,140.33016967773438,26532200
2023-12-26,140.42934263685476,141.5104039629761,140.03262760475596,140.35992431640625,16780300
2023-12-27,140.42933024896718,140.91531898406916,138.74326881071957,139.21932983398438,19628600
2023-12-28,139.62599994946305,139.98304957042203,138.60444425438513,139.08050537109375,16045700
2023-12-29,138.4854161342685,139.20942786934887,137.6423777840169,138.544921875,18733000
2024-01-02,137.4142586199099,138.30687494126533,135.36121989360225,137.03736877441406,23711200
2024-01-03,136.12495613317765,138.48545201856635,135.95635144618018,137.78126525878906,24212100
2024-01-04,137.28533097133266,138.01927043379123,135.2323072061994,135.27197265625,27137700
2024-01-05,135.62901355461221,136.03565627670122,134.04212324747374,134.61737060546875,22513900
2024-01-08,135.17278901977872,137.87049368814525,135.1430361482217,137.70188903808594,21404000
2024-01-09,137.36467261696302,140.33016810931971,137.0175356218485,139.79458618164062,24759600
2024-01-10,139.84418693539638,141.82779242384171,139.75492832050645,141.1136932373047,21320200
2024-01-11,142.3137898243085,144.02960443815402,139.4871457788245,140.91534423828125,24008700
2024-01-12,141.50049214729324,142.02614637782855,140.6574689161085,141.48065185546875,18785500
2024-01-16,140.83598692471,143.16672938152487,140.29049239931624,141.3219757080078,22670500
2024-01-17,140.19133701313217,140.67731071751322,137.76140795638582,140.3103485107422,20968600
2024-01-18,140.88559276545064,143.02789047593322,140.826087018,142.30386352539062,25746400
2024-01-19,143.5535284040744,145.24950254806373,143.19647882633325,145.18008422851562,34271900
2024-01-22,145.89419084442545,147.17360973542569,144.64450969157375,144.7932891845703,32200400
2024-01-23,144.6940887617222,145.9735075280984,144.30728633154266,145.83465576171875,21636100
2024-01-24,147.32237177289502,148.6216460696022,146.88599128129252,147.48106384277344,25233500
2024-01-25,148.83984348061125,151.7954113890045,148.31417410884393,150.6250762939453,29149100
2024-01-26,149.86139776851957,151.28958097989496,149.77212402167038,150.9424591064453,26115500
2024-01-29,150.81352174869434,152.51942366682596,150.18868118167268,152.2516326904297,27784300
2024-01-30,151.54744142716578,152.360711695651,149.950638624012,150.2184295654297,36331800
2024-01-31,142.44271896094438,142.81960888272778,138.7234583129567,138.9515838623047,71910000
2024-02-01,140.9550061040643,141.88730313768718,139.63590659199247,140.0028839111328,40466500
2024-02-02,138.11847045416638,141.4509289011904,135.38109981806912,141.21290588378906,62499600
2024-02-05,141.64927668377285,144.27754793012062,141.60959609870966,142.50221252441406,38505400
2024-02-06,143.4642721698212,144.16845883237673,142.0162485243668,142.91879272460938,29128200
2024-02-07,143.57336464859975,144.4263156427516,142.7501665270815,144.3469696044922,25208900
2024-02-08,144.63459744507298,145.13049882211826,143.91058567202538,144.7139434814453,22563800
2024-02-09,145.47762057784595,148.21500586230158,144.9817192012369,147.7786102294922,26829500
2024-02-12,147.20336732419403,148.11582406905052,146.161971374684,146.32066345214844,21564100
2024-02-13,143.7320585231407,145.46771340579025,142.51214532877424,143.95025634765625,27837700
2024-02-14,144.88253462860962,145.31893022112502,142.90884188380863,144.74368286132812,22704200
2024-02-15,141.96666314928402,142.34355308517448,139.30863870421265,141.59970092773438,37590700
2024-02-16,141.81787214200648,142.01622965333587,138.9912284210113,139.3681182861328,31468900
2024-02-20,138.51518739713623,140.915348438827,138.34658273143967,139.9632110595703,25144700
2024-02-21,140.29049590728383,141.5203367649503,139.5268035526364,141.38148498535156,23223300
2024-02-22,143.74193926238937,143.8113727064956,141.6294100783797,142.90882873535156,27191900
2024-02-23,142.4922912292185,143.4940065020115,142.25425313452644,142.77992248535156,19493800
2024-02-26,140.9748212826553,141.27236509008048,136.26375892182784,136.44229125976562,53641800
2024-02-27,136.88864130284716,138.1085546396034,135.96625673087684,137.74159240722656,33099200
2024-02-28,136.76959905068048,136.87869796321857,134.30001978259713,135.26206970214844,37328600
2024-02-29,136.1546619911694,137.7217119413849,135.28187084580713,137.3249969482422,42133000
2024-03-01,137.29524220433814,137.7316378191588,135.79762555684746,136.0158233642578,31151100
2024-03-04,134.54795880340606,134.54795880340606,130.82869865382304,132.25689697265625,55999400
2024-03-05,130.7989410451295,132.1477932825311,129.59885315483893,131.58245849609375,40194800
2024-03-06,132.02876246763716,132.48499834043164,129.7773813732614,130.32286071777344,35318600
2024-03-07,131.7014646980678,133.83384943472205,130.531144857788,133.2784423828125,37738200
2024-03-08,133.10985799917378,136.95804250148979,132.90157275617153,134.30001831054688,39370400
2024-03-11,135.01414918182388,137.95980534504378,135.01414918182388,136.54151916503906,32437800
2024-03-12,135.90671866415707,138.23746099222168,135.90671866415707,137.3646697998047,27563400
2024-03-13,137.86060163883266,139.93346604577192,137.85068905807378,138.6441192626953,23347200
2024-03-14,140.032654769893,142.4129756916645,139.30864288569182,141.927001953125,42753400
2024-03-15,141.33190737467106,142.0063260544533,138.88215310281325,140.02272033691406,49475400
2024-03-18,147.39179044961523,150.902765124804,145.9635922313326,146.4694061279297,69273700
2024-03-19,146.9455101008083,147.5703355892813,144.88255840993227,145.82476806640625,24070400
2024-03-20,146.7868124427757,147.63976344475103,145.53714637957398,147.520751953125,21311500
2024-03-21,148.24477268139387,149.13738918978584,145.6958321016332,146.39010620117188,24755600
2024-03-22,147.89761979182254,150.3374611918101,147.75876801352786,149.5341033935547,29211800
2024-03-25,148.71090455162476,149.14730017654827,146.60828759558476,148.83984375,19229300
2024-03-26,148.98861304571224,151.011884033954,148.7505749332153,149.43492126464844,22149100
2024-03-27,149.94074197303146,150.39697792574609,147.6794327705728,149.63328552246094,22879200
2024-03-28,149.61343338917058,150.1886655992159,148.9389997285373,149.69276428222656,24485400
2024-04-01,149.45475230591467,154.46335900189007,149.37540627332734,154.2154083251953,31730800
2024-04-02,152.24173645140743,153.43189683666333,150.90279655942555,153.2930450439453,24586000
2024-04-03,152.3409287729174,153.80879280126453,151.4780499744034,153.6501007080078,24705000
2024-04-04,152.2417216532487,153.5013153792841,149.21672024838048,149.2960662841797,34724700
2024-04-05,148.80016963270904,152.1623804461379,148.37370170217739,151.2499237060547,23459200
2024-04-08,151.52761905486636,153.99721328727458,151.35901440772807,153.58065795898438,20702000
2024-04-09,154.81050082482042,157.26025503704565,153.9178843271403,155.3163299560547,31079500
2024-04-10,154.92952562487014,155.32624070054823,153.41205338281176,154.86009216308594,22838600
2024-04-11,155.62377976256258,158.37106260079813,155.1774715327962,158.10328674316406,27166400
2024-04-12,156.66516776322655,158.90663651169768,155.85188225072014,156.43704223632812,25353700
2024-04-15,157.5577715629048,157.93466141742405,153.32276995678504,153.59056091308594,27136500
2024-04-16,152.9260835145476,154.37410719737133,152.1723036646899,153.1343536376953,20779500
2024-04-17,154.344366802698,155.7924057363185,153.31289841647714,154.1956024169922,21763100
2024-04-18,154.0666493097183,155.65353990489737,153.35255005525875,154.7311553955078,19883000
2024-04-19,154.91959354072858,155.07828562000708,151.0515686940003,152.82688903808594,32615600
2024-04-22,153.04509433151492,156.34779961582007,152.79714362068458,154.9989471435547,26446200
2024-04-23,155.67334570448855,157.66686352012678,154.99891205418209,156.96267700195312,21151600
2024-04-24,156.19900577262248,158.26195711355743,155.88162165845978,157.8255615234375,22779100
2024-04-25,150.08951991120836,155.2072260039545,149.63328396324783,154.7212371826172,57109700
2024-04-26,172.9406579042473,173.2778823744627,168.25934724716632,170.54049682617188,64665300
2024-04-29,167.6741590817137,168.16014784427256,163.85572783432124,164.7880096435547,45610000
2024-04-30,164.25245175294467,166.7220460143007,161.26713096501757,161.44564819335938,33562900
2024-05-01,162.95318026028562,165.75005589531395,161.75309238141418,162.51678466796875,33493200
2024-05-02,163.43914975044652,165.36324928594854,162.54653343140467,165.254150390625,24294500
2024-05-03,166.18649443027212,166.58322467748795,161.71346872060798,165.86912536621094,34662400
2024-05-06,166.08729275303767,166.76171134902742,164.66900697168114,166.7220458984375,21871300
2024-05-07,167.11874933173186,170.35202057689946,167.00965043305126,169.84620666503906,28039700
2024-05-08,167.61468721014788,168.7552544719988,167.35682390872975,167.9915771484375,19569100
2024-05-09,168.00148335133193,169.29083007689735,166.8013952497484,168.5668182373047,15346700
2024-05-10,166.65260426676096,168.45769242107335,164.82769095498062,167.26751708984375,29799900
2024-05-13,162.91353709798523,167.89239183817318,162.65567379498282,167.7535400390625,31327600
2024-05-14,168.37834489380802,169.84620861991712,167.41629508538105,168.94366455078125,25127100
2024-05-15,169.23132245178067,171.23475328070515,169.11229582074708,171.0959014892578,26948400
2024-05-16,171.8694782348091,173.68447893916473,171.27440571230892,172.75218200683594,27867900
2024-05-17,172.7522118435742,174.82509128603235,172.2662381363207,174.61680603027344,24479300
2024-05-20,174.74573004665857,177.30458297385175,174.63663113812171,175.46974182128906,22554400
2024-05-21,175.44989566739218,176.6896490712989,174.36883433127562,176.39212036132812,16989400
2024-05-22,175.19203685040134,175.69785080388766,173.77376618454468,174.93417358398438,17880000
2024-05-23,175.61851492474267,176.7888348703636,171.53227742671908,172.1273651123047,21024900
2024-05-24,173.54566005438852,174.32919278798485,172.22656043569077,173.5555877685547,16579400
2024-05-28,173.01998246270298,175.8168734132129,172.94063642860604,174.95399475097656,20572200
2024-05-29,173.9919356394942,175.39038104034756,173.2877642166244,174.4580841064453,23388700
2024-05-30,173.76383985817733,173.78368015073974,170.38178882747087,170.6991729736328,22931500
2024-05-31,170.4512148865134,171.6413751155462,168.05105413674661,171.08596801757812,37638900
2024-06-03,171.12563247401937,173.09932530985793,169.75695502874458,171.75047302246094,27459100
2024-06-04,171.85957302701576,172.42490783803038,170.48096786025872,172.36538696289062,26879600
2024-06-05,173.76385219874723,175.20196327061797,172.5042583714889,173.97213745117188,22068500
2024-06-06,174.45808249066545,175.6978358202856,174.30931814459407,175.28128051757812,23251000
2024-06-07,175.5986726101232,176.41194296176616,172.87121516107322,173.0299072265625,19661400
2024-06-10,173.7349014501534,175.81014466476933,171.54049500356726,173.7746124267578,23726700
2024-06-11,174.97607487552963,175.59169348463175,172.54337230776866,175.3732452392578,21540600
2024-06-12,176.99173266950717,179.1364888587314,174.86683954251944,176.53497314453125,27864700
2024-06-13,174.8668444097431,175.49240210344783,173.64553119205647,173.92355346679688,20913300
2024-06-14,172.99020243322104,175.81015156626538,172.92068928258647,175.54205322265625,18063600
2024-06-17,174.2214273884837,177.10095011007647,173.57600667428076,175.98886108398438,19618500
2024-06-18,175.88956648496008,176.13780173263285,172.8710325397334,173.85403442382812,21869900
2024-06-20,174.1320532342393,176.0384980804116,173.7547459679952,175.0554962158203,20160100
2024-06-21,175.75058986265307,179.57341948789423,175.36334340628704,178.36203002929688,57759000
2024-06-24,178.8882466857276,179.61308934299385,177.4087592034553,177.9548797607422,18298000
2024-06-25,178.35205317535076,182.98908571292054,178.15346801046124,182.73092651367188,23130200
2024-06-26,181.3408244497642,183.20754327614856,181.19187420519867,182.58200073242188,19839000
2024-06-27,182.87985278049953,184.73666261792098,182.72099374689478,184.10118103027344,18848900
2024-06-28,183.01892295771628,183.82320287786322,180.6755812003218,180.86422729492188,29156600
2024-07-01,181.73801420146654,182.5820202242078,180.02023028518573,181.69830322265625,16006100
2024-07-02,180.76490422906483,184.26006063956154,180.27835770580916,183.93238830566406,17372500
2024-07-03,183.54516199454144,184.77639921891327,182.7011560285435,184.50831604003906,10242100
2024-07-05,184.54803142014995,189.51273686548802,184.48845737897847,189.25457763671875,20967500
2024-07-08,188.55950207105113,188.8276004007438,186.4544718628467,187.69564819335938,21035900
2024-07-09,188.96662487953267,190.00921610095705,187.3878521119617,187.64601135253906,15121400
2024-07-10,187.8147905079295,190.3964432565855,187.69564243220248,189.83045959472656,15952500
2024-07-11,188.5098571184734,189.51272208583228,183.77352425069444,184.26007080078125,25625800
2024-07-12,183.77351953652854,185.78918852634615,183.18768799095292,183.7635955810547,22898400
2024-07-15,183.61465170436622,186.91122316515236,183.61465170436622,185.21328735351562,16474000
2024-07-16,186.03742351335848,187.3480977347005,182.07558352972123,182.6217041015625,18290700
2024-07-17,181.6784348799773,182.2543425380115,178.63009842037727,179.74220275878906,20734100
2024-07-18,180.64575986268414,181.21174353968178,175.22431015700485,176.43569946289062,25315700
2024-07-19,177.61731898889505,179.0173545052584,175.87967196437603,176.4059295654297,18881900
2024-07-22,179.3152104096892,181.41031651236526,178.95775104592673,180.38758850097656,24100300
2024-07-23,180.76491875098247,182.31390434397233,180.258509125605,180.50674438476562,36352700
2024-07-24,172.37456144038464,174.9462749610045,170.60712769523397,171.41140747070312,49585200
2024-07-25,171.30218308939462,172.19582391606315,166.00980581766575,166.0991668701172,44852000
2024-07-26,165.9700715547249,166.90343845965242,162.90188769573447,165.82113647460938,41336900
2024-07-29,167.63824201341453,169.22693862858085,166.80417515412134,168.3332977294922,20293800
2024-07-30,169.03831672061582,170.02131881993915,167.25101951582732,169.08795166015625,18959700
2024-07-31,172.01709806342805,173.01996298271357,168.80988784082692,170.32908630371094,25729100
2024-08-01,169.04823192931204,172.82141135501334,167.68790739296938,169.55462646484375,24531400
2024-08-02,165.26510279286998,167.32048278839775,163.50759297707282,165.48355102539062,29130100
2024-08-05,154.4023257364845,163.26928160754815,153.83634209310054,158.1258544921875,53630700
2024-08-06,158.2053051541738,159.43655755600886,155.3059189992834,157.17263793945312,49004600
2024-08-07,160.11174561926643,161.82952940748444,157.35137068982363,157.81805419921875,25138600
2024-08-08,159.37697100848436,162.53453159498838,159.0791007984094,160.88624572753906,25578800
2024-08-09,158.88049573069213,162.63381177677473,157.93720474099763,162.51466369628906,28602300
2024-08-12,163.1898651801224,163.73597062856854,160.69757348531624,161.14439392089844,15895300
2024-08-13,162.25649966122157,163.56717396094234,161.81960317762199,163.00120544433594,18551700
2024-08-14,161.25363005478357,162.0678490367502,156.59674898008666,159.2379608154297,40591100
2024-08-15,159.36703635252704,160.49898852805327,158.4833194361169,160.16139221191406,31524300
2024-08-16,160.3302046522989,163.89485965448893,159.99260830608642,161.8096923828125,24208600
2024-08-19,164.11328189947275,165.51333229993313,163.10047787030177,165.49346923828125,22416200
2024-08-20,165.72187088023108,167.4495939252533,165.64244892165763,165.99989318847656,18341500
2024-08-21,163.98420467240848,165.67221654044488,163.50759722139043,164.6792755126953,22902000
2024-08-22,166.07930514645545,166.406977492495,162.15719125168386,162.64373779296875,22493300
2024-08-23,163.55724112720742,165.00692648837935,162.67352425192186,164.4508819580078,13955700
2024-08-26,165.20553931092914,166.36727853932712,163.29909428347517,164.98709106445312,14190400
2024-08-27,164.66933228950003,165.26510295168842,163.29908400819048,163.51751708984375,11821900
2024-08-28,163.87498286647468,164.4310425767687,160.38976526426643,161.70045471191406,16407400
2024-08-29,163.15014011129165,164.798425876507,159.11880190681103,160.63800048828125,19699800
2024-08-30,161.472070186267,162.50473737235887,160.54864227379994,162.22671508789062,22123800
2024-09-03,160.57843019098567,160.70751737773818,155.37541355771157,156.24920654296875,38945300
2024-09-04,155.554151121504,157.87762958096508,154.8590954051368,155.3456268310547,19353800
2024-09-05,155.19668368087028,158.32444181781332,154.87893528354047,156.1300506591797,18688700
2024-09-06,156.18962872176218,156.71588626121135,149.48727669749047,149.8546600341797,37912100
2024-09-09,151.63437166613713,152.51926120186218,146.37475041538113,147.856201171875,39260500
2024-09-10,149.58618882434916,150.40148807942415,147.4883027750186,147.8064727783203,31118800
2024-09-11,149.0592434246133,150.63017379029483,146.67302891819028,150.29212951660156,29607700
2024-09-12,152.91699025153633,153.931138367879,151.7735836501272,153.8018798828125,29621500
2024-09-13,154.53761027887018,157.47068534964538,154.318887339598,156.55596923828125,29591200
2024-09-16,156.4068328344505,157.34143843484944,155.70091765708278,157.15252685546875,18379800
2024-09-17,158.10702330973243,159.6282379126932,157.4706983462141,158.40530395507812,20715600
2024-09-18,158.9421872798641,159.57851220454893,157.68942685128602,158.89247131347656,23677300
2024-09-19,162.77008449382728,162.8496118323656,160.41368126049775,161.20909118652344,26587700
2024-09-20,162.5612924555598,162.78996770160265,161.1295575441582,162.65077209472656,40896400
2024-09-23,163.40640761812853,164.53986181971814,160.74178667068307,160.92076110839844,24150900
2024-09-24,162.0940027861785,162.2829143760533,159.76744095244402,161.35824584960938,23332100
2024-09-25,160.54293101542476,161.87523384572484,160.37390888064178,160.5628204345703,18869200
2024-09-26,162.70049439754706,163.13797065652983,161.34830194759303,161.79571533203125,20319300
2024-09-27,161.87524329123835,164.7486500925775,161.69628402203105,163.00869750976562,21101300
2024-09-30,162.38232355982177,165.19606207708327,162.32265529939457,164.89779663085938,20413900
2024-10-01,166.72724331239,168.18880481054381,163.63509815814953,166.03126525878906,28338100
2024-10-02,165.46452779504156,166.5582184121097,163.7842281975384,164.90774536132812,17760200
2024-10-03,163.4660733087808,165.6832659184552,162.9788810936898,164.90774536132812,15073100
2024-10-04,167.09510397311843,167.26412612073125,164.5299148711692,166.10084533691406,19047400
2024-10-07,166.7570727731855,167.5127039344141,161.81560574950586,162.04428100585938,22463100
2024-10-08,162.99875730912473,163.78421492779364,161.93489332497202,163.4362335205078,23072700
2024-10-09,162.5115774919813,163.89359644421285,158.8228863013817,160.9307098388672,31181800
2024-10-10,159.94638493252756,162.13376610989224,159.4790821511072,161.14944458007812,14144100
2024-10-11,161.19915249290503,162.9589793006072,160.3142629412503,162.3027801513672,15344300
2024-10-14,162.70048027253844,165.27560646204375,162.46185274166893,164.01290893554688,19016100
2024-10-15,164.83814757105517,166.71729595706415,163.6848189785555,164.5100555419922,20247200
2024-10-16,163.58537367338423,164.84808640066018,162.7999160190336,164.21176147460938,16406000
2024-10-17,164.7784953540456,165.41482033547592,161.82554570724957,161.99456787109375,21453400
2024-10-18,162.25307524146882,163.76435267205474,162.14370618061358,162.48175048828125,19757700
2024-10-21,162.01444125458505,163.5555451703661,161.68633408506915,163.12802124023438,20946500
2024-10-22,162.0442768634266,164.8182671012252,162.0442768634266,164.19187927246094,16568100
2024-10-23,163.81404098216163,164.867967838788,161.00028733207427,161.8454132080078,18280500
2024-10-24,161.89512038935888,162.3922496608961,160.08556255879625,161.78575134277344,22412500
2024-10-25,162.7303165163636,164.63929136354844,162.48175184608664,164.32113647460938,19828900
2024-10-28,167.78116139958385,167.78116139958385,163.00871644109216,165.7628173828125,32138600
2024-10-29,166.76699401414237,169.40178845873763,166.13066910445878,168.70579528808594,42169000
2024-10-30,179.64261737988735,180.97493529169347,173.06063100562596,173.45834350585938,68890800
2024-10-31,172.13600066532192,175.80481742033143,170.01822493850247,170.12759399414062,44769000
2024-11-01,169.09355238654865,171.33063403813247,167.91038233009985,170.30653381347656,31796500
2024-11-04,168.95436679599575,169.7497767581588,167.04539198951443,168.26834106445312,21492700
2024-11-05,168.45722424913848,169.55091475770118,167.87061532690117,168.7654571533203,18242100
2024-11-06,172.80214969030013,175.92412112315387,172.50386907265272,175.49658203125,33695500
2024-11-07,176.3914145518733,180.0403416420051,176.17267645525013,179.7122344970703,25352900
2024-11-08,179.612801825818,179.86136646447602,177.05756522942787,177.32601928710938,22006200
2024-11-11,177.55470270682915,179.513393363608,177.44533365392132,179.31454467773438,17450400
2024-11-12,178.78761688299022,181.44228594240687,178.3600777286625,180.5772705078125,25134900
2024-11-13,179.42392735486908,179.92105669289288,177.5149373462163,177.85299682617188,23184000
2024-11-14,177.2564251654299,177.79333331489727,173.3191695348543,174.57192993164062,31007500
2024-11-15,172.73253521026672,173.14018486054766,170.2369516887569,171.49966430664062,32504600
2024-11-18,172.4243223269658,174.43272892051993,171.90730361382492,174.2935333251953,20135300
2024-11-19,172.72260407260165,177.8430297605378,172.56351905656155,177.0973358154297,23434900
2024-11-20,176.32181201959514,176.65985629395433,172.7822539205829,174.96961975097656,18997100
2024-11-21,172.90156244724747,173.13025284582125,162.7601278802168,166.66757202148438,59734400
2024-11-22,164.8978098993039,165.5043083073982,162.95899331574788,163.81405639648438,38604600
2024-11-25,165.13641317917185,167.6618386099698,164.65917328191838,166.6874542236328,33135300
2024-11-26,166.66756653684672,168.84499520108912,166.61785057482837,168.1490020751953,20486700
2024-11-27,168.0297170852908,168.5069570042289,167.0553478258637,168.25839233398438,19266500
2024-11-29,167.53258236969043,168.4572356311654,166.20027942100947,167.97999572753906,14257200
2024-12-02,167.80103219947992,171.09202581712017,167.60218350894124,170.5054168701172,23789100
2024-12-03,170.50541009739786,171.68856506902026,169.86908521024029,170.35626220703125,22248700
2024-12-04,170.1673520843779,173.90577410275552,170.0778724521122,173.36886596679688,31615100
2024-12-05,174.35320380974355,175.04918185581036,171.3406012044101,171.64881896972656,21356200
2024-12-06,171.04233358531255,174.07482584315568,170.87331141634223,173.7069549560547,21462400
2024-12-09,173.15945800345577,175.44886145410123,172.8508718378986,174.56295776367188,25389600
2024-12-10,182.00855531536865,185.502397306232,180.21683563214248,184.31787109375,54813000
2024-12-11,184.45722971599074,194.7098337526011,183.99935507018319,194.50079345703125,67894100
2024-12-12,194.10263323797517,194.28179760891206,190.8277801088796,191.07662963867188,34817500
2024-12-13,190.13098313311997,191.84306905787375,188.7672926142497,188.94647216796875,25143500
2024-12-16,191.98242240358925,198.08421748080238,191.733572884141,195.75498962402344,44934900
2024-12-17,196.3422712265007,200.4930793963414,194.082713332717,194.52069091796875,43504000
2024-12-18,194.32161160052223,196.09341894237798,186.87603832190538,187.53298950195312,34166100
2024-12-19,190.748138909751,192.1416901461699,187.513095150107,187.64248657226562,32265200
2024-12-20,184.925048408463,192.00232914747002,184.3676279309519,190.52914428710938,63462900
2024-12-23,191.73358450411797,194.20218282242337,189.2749498878787,193.73434448242188,25675000
2024-12-24,193.94335970742864,195.20751953125,192.88824016493578,195.20751953125,10403300
2024-12-26,194.25194880473947,195.84459196860374,193.48550314170072,194.69989013671875,12046600
2024-12-27,194.05286442098586,194.42117206113832,189.77264937982267,191.87294006347656,18891400
2024-12-30,188.9265638700057,191.66390866604786,188.24968525874627,190.3599395751953,14264700
2024-12-31,190.20068633205602,191.07664159206533,187.64250571524292,188.4288787841797,17466900
2025-01-02,189.7726449747486,191.11643850843902,186.63714698089748,188.55825805664062,20370800
2025-01-03,190.489329030918,192.32087307336826,189.10572628313417,190.9073944091797,18596200
2025-01-06,193.0873048290289,197.3077979271175,192.9579134138766,195.96400451660156,29563600
2025-01-07,196.2029178508013,200.07501580789895,193.70447411630906,194.5903778076172,26487200
2025-01-08,191.683825506133,195.38669258245946,191.49469743094454,193.05746459960938,24864800
2025-01-10,193.40585949210492,195.61564455345277,189.4342154897214,191.15625,26665200
2025-01-13,189.19532001022134,190.3001972959748,186.49778453538255,190.1309814453125,21823700
2025-01-14,190.3599316953501,191.09651654383717,187.44340746260227,188.78720092773438,17174900
2025-01-15,192.20141470890871,195.4563707355863,190.97707930364396,194.6501007080078,21776000
2025-01-16,193.2465827004133,194.58041248274841,191.92270143099617,192.02224731445312,17815400
2025-01-17,195.6255822249555,196.32235783888785,192.85837679493184,195.0980224609375,27735100
2025-01-21,198.15390588987137,201.3590737795005,196.9594160260543,197.1385955810547,29971300
2025-01-22,198.14393463288008,199.5573980500264,196.62097682201127,197.4571075439453,26200600
2025-01-23,197.22817603032425,199.37823954000908,194.30170322912596,197.06890869140625,26951400
2025-01-24,197.18837511510904,199.9754777209976,197.08882922694013,199.28866577148438,23877500
2025-01-27,191.5245367578076,195.97396712425268,189.8522601854155,190.9272918701172,41728900
2025-01-28,191.86297701391987,194.58040947836048,189.80249572901596,194.4012451171875,24157900
2025-01-29,194.66007636486756,195.8844119408561,192.5398732644273,194.51077270507812,18218300
2025-01-30,197.08881485992026,200.47316217097614,196.76033167919212,199.9456024169922,24354700
2025-01-31,201.07040739589794,204.534388379424,200.87133082232867,203.08111572265625,32001100
2025-02-03,199.76644678798675,202.8123625387659,199.17916555521708,200.303955078125,27838300
2025-02-04,202.4540365472158,206.09719755510824,201.8767037764101,205.43028259277344,43856400
2025-02-05,190.19074112078758,191.86300280413045,187.16472209106553,190.4495391845703,70373900
2025-02-06,188.62793494754752,191.21597601434,187.85152566522362,190.71827697753906,29297400
2025-02-07,190.17080550398342,190.3001969256679,182.39674895869484,184.48707580566406,49315000
2025-02-10,186.48783259444508,187.33391183220394,185.00468401733505,185.61187744140625,23105600
2025-02-11,184.17850439769825,186.07971836409422,183.43195584227703,184.46717834472656,21239500
2025-02-12,182.37684051579572,184.25814231125668,180.9932377687485,182.76504516601562,22072600
2025-02-13,183.47178484763324,185.42275661553663,182.29720719308074,185.2834014892578,21402500
2025-02-14,184.208362887473,185.54219264503521,183.47177804242145,184.37757873535156,20448400
2025-02-18,184.74589678490392,185.10424071494356,180.90365944170068,182.92431640625,29916700
2025-02-19,183.22292953180167,184.6065322377559,182.74512752374517,184.4174041748047,19549400
2025-02-20,183.9495791218272,184.4572267048234,181.87914917011352,183.71067810058594,20441500
2025-02-21,184.29794713548316,184.48707519951907,178.25588873059436,178.83322143554688,35199200
2025-02-24,181.15250613186586,182.27729565940143,178.06676593885823,178.42510986328125,29854200
2025-02-25,177.22067008112575,177.91746089820734,173.88609557732903,174.61273193359375,41913400
2025-02-26,174.26436286262216,175.26970953461128,170.79041782229913,171.93511962890625,35431300
2025-02-27,173.1893356179125,173.75670468511518,167.16717356296937,167.72459411621094,39991000
2025-02-28,167.90374066525882,169.82486685567105,166.00254187779413,169.4963836669922,48130600
2025-03-03,171.13879690224084,172.57217267061702,165.1664079930538,166.24143981933594,40770500
2025-03-04,165.4749823837437,172.49252670098738,165.03700479811678,170.13343811035156,45388000
2025-03-05,169.73529012314535,172.98028249678805,168.2820021982634,172.22378540039062,30954900
2025-03-06,169.7452376648565,174.0055403400316,169.71537693678601,171.55686950683594,28302000
2025-03-07,170.4718800246714,174.1648138078256,169.48644558654738,173.05992126464844,27385800
2025-03-10,167.6785699397653,167.87789100205225,163.12436954047675,165.2968292236328,43604000
2025-03-11,164.34014854098334,166.17378667553444,160.81237268027317,163.47314453125,39587400
2025-03-12,166.0043948548276,167.06072965689114,162.96493090148982,166.53256225585938,28372400
2025-03-13,165.46625097868807,165.5559515451144,161.54983818219623,162.1975860595703,31756200
2025-03-14,162.70582188820455,165.91469633780176,161.88864811378173,164.91815185546875,31995900
2025-03-17,164.4597537744784,165.72536967150563,163.10445251309577,163.72230529785156,31184300
2025-03-18,163.11438513260956,163.68242275706862,156.17844440971348,160.1147918701172,42074800
2025-03-19,161.20103994792456,165.2968386316175,160.44367156873926,163.3236846923828,34275600
2025-03-20,161.0117117252994,164.32023175461748,160.4038189359583,162.23745727539062,28138500
2025-03-21,160.65294731947398,163.67247597151626,160.33404577702316,163.42333984375,36625800
2025-03-24,166.492708348571,167.7383890591239,164.56936942432435,167.1005859375,30879100
2025-03-25,168.39609981984145,170.04040750974747,167.73839194994267,169.97064208984375,24174400
2025-03-26,168.41601157841293,169.02390429945322,164.27038302856647,164.4896240234375,28901600
2025-03-27,164.06112302928733,164.84838647984,161.44020617422274,161.67938232421875,24508300
2025-03-28,159.935424629148,161.26083057547865,153.09912907789933,153.7967071533203,48669300
2025-03-31,152.58093987828155,155.00253588696825,150.13940872047658,154.10565185546875,54603500
2025-04-01,153.0891615011919,157.55369181763876,153.0891615011919,156.52725219726562,30672900
2025-04-02,154.61387643325034,157.86262130532444,154.1654344397735,156.49734497070312,25041700
2025-04-03,150.58785527738945,152.2520829364648,149.870341948127,150.19920349121094,46883400
2025-04-04,147.49855413182192,150.54799324363788,144.8776522919314,145.09689331054688,62259500
2025-04-07,141.0608910476278,152.32184805897472,140.04441129882048,146.242919921875,76794100
2025-04-08,150.69745588802078,151.7139355045659,142.5357542501846,144.19998168945312,52200200
2025-04-09,143.9209605893895,158.99868434001036,143.41272834835817,158.16159057617188,70406200
2025-04-10,155.9990938016626,157.1750244032135,149.41193301548267,152.29196166992188,48022000
2025-04-11,152.37166086891528,157.12518279409443,152.29195068350106,156.59701538085938,33636200
2025-04-14,159.44713439436606,161.1611923055906,157.0155631618818,158.52035522460938,30333000
2025-04-15,158.58012970667488,159.0983218935906,154.6736771269803,155.76986694335938,27551500
2025-04-16,152.57096991980188,155.35132240030543,150.98645259897873,152.8001708984375,28187400
2025-04-17,153.75683862644127,154.14549035907424,147.98685287180376,150.63766479492188,33046600
2025-04-21,148.36555457655837,148.43530478654532,145.59516199807078,147.15972900390625,26049100
2025-04-22,148.37550764431742,151.66410748339032,148.02671099242252,150.94659423828125,26971800
2025-04-23,155.0722827287534,156.98564625118482,153.2784996745797,154.8131866455078,31128800
2025-04-24,155.6104249592094,159.03854063446718,155.2516683139833,158.7296142578125,45894000
2025-04-25,164.49959867786362,165.52603823874784,160.48351057877483,161.4003448486328,56034000
2025-04-28,161.86872639451175,162.5862396977989,158.0519740918863,160.05502319335938,29745800
2025-04-29,159.76601814888411,160.18456500527563,156.97569056687874,159.6065673828125,26809000
2025-04-30,157.43409270690867,158.7196436016194,154.86300612354924,158.2512664794922,34981100
2025-05-01,159.8955762805081,161.39039316416392,158.3609043039561,160.74264526367188,30203200
2025-05-02,162.84535826769726,164.39996542535462,161.31067105386134,163.4632110595703,25715000
2025-05-05,162.436752596043,164.81849332954616,162.15772135408076,163.642578125,21341800
2025-05-06,161.60963501178307,164.23055216038995,160.63302556719455,162.6659698486328,21277200
2025-05-07,163.5130144970414,164.4298335624806,147.32912722252786,150.85690307617188,127490100
2025-05-08,154.464385147347,155.39116415932176,152.3716357822811,153.7468719482422,57498700
2025-05-09,153.6372746936992,154.5142387821615,151.67408067225014,152.22218322753906,32435300
2025-05-12,156.94581087118723,158.5502482480448,155.7100901217978,157.91246032714844,44138800
2025-05-13,158.24129609505388,160.01515931291138,155.62039437316713,158.97874450683594,42382100
2025-05-14,159.40725946266062,166.4229258122212,159.0584628171564,164.79855346679688,48755900
2025-05-15,165.26694125278715,165.6356730691148,161.80893051621783,163.39344787597656,33146700
2025-05-16,167.15039440077075,168.76480673115492,165.04768502743337,165.61572265625,42846900
2025-05-19,163.94152401470697,166.06416858529283,163.65253281131433,165.96450805664062,30426100
2025-05-20,165.85490703254322,167.91776161058672,162.33710588412995,163.4133758544922,46607700
2025-05-21,163.1243721968136,172.54171471286378,162.9948165454298,167.9775390625,73416000
2025-05-22,171.25618084668935,176.15917803179707,170.12012070875053,170.27955627441406,74864400
2025-05-23,168.47580548761593,169.3727046333075,167.30985028367255,167.88784790039062,35211400
2025-05-27,169.57202886061165,172.5716225630013,169.4125780788469,172.30255126953125,37995700
2025-05-28,172.56165823831284,174.66436785084326,171.31597754856884,171.76441955566406,34784000
2025-05-29,173.39874848808273,173.81729536660228,170.04039828273065,171.26614379882812,29317300
2025-05-30,170.7579241400477,171.61495310854446,166.86143108525064,171.14657592773438,52639900
2025-06-02,167.2600172613062,169.2830012834345,166.81157529888503,168.44590759277344,38612300
2025-06-03,166.91126012169556,167.89782954141205,164.708889870391,165.60577392578125,45084900
2025-06-04,166.1638436483944,167.63872532387313,165.78515185366567,167.4693145751953,26900800
2025-06-05,169.7513830642687,170.339340657981,167.0108857444217,167.62875366210938,36379100
2025-06-06,170.23969140570108,173.89700773798458,170.23969140570108,173.079833984375,35731800
2025-06-09,174.14743750903665,176.07310468622353,173.97782168090652,175.69395446777344,28935900
2025-06-10,175.8037071645682,180.70266778284787,174.51661519040564,178.1983184814453,61766100
2025-06-11,179.3656814209572,179.96432281914957,176.3524694759701,176.9511260986328,31646800
2025-06-12,175.78375628436552,176.32255032681226,174.3569797237004,175.30484008789062,20941900
2025-06-13,172.05216517338764,176.7316192634362,172.00227458420645,174.2771453857422,27663100
2025-06-16,174.33701609632743,176.5420523549515,174.25719419482596,176.3724365234375,27389200
2025-06-17,175.30482253964252,176.96109261622635,174.18734645157147,175.55426025390625,24973000
2025-06-18,175.6141436330853,176.16290971424257,172.81046582918458,172.93020629882812,28707500
2025-06-20,173.55878574385125,173.94790803011588,165.08788938336605,166.26522827148438,75659900
2025-06-23,165.8960542954959,166.9636398925432,161.63565348702906,164.8184814453125,57671000
2025-06-24,166.54458452923419,167.84166379185558,165.756367987998,166.39492797851562,40524300
2025-06-25,167.25299905707695,171.97235685648238,167.17317715297744,170.29612731933594,35479000
2025-06-26,172.04218458564608,173.29936049404486,169.55779452756443,173.14968872070312,31796700
2025-06-27,173.14968136313868,178.27812028762878,171.34375470263782,178.1284637451172,108140200
2025-06-30,180.3734186271616,180.82240351749414,174.1873656755976,175.83364868164062,63378900
2025-07-01,175.344768335238,175.6939720547657,173.13973189988045,175.4445343017578,35904500
2025-07-02,175.14518633422566,178.4577266308603,174.67625741761273,178.23822021484375,29128900
2025-07-03,178.09853847776557,179.265905222364,176.65180269468908,179.126220703125,21689700
2025-07-07,178.65727862884938,178.89674433224096,175.28487562232132,176.3923797607422,34175600
2025-07-08,177.4500058972594,177.54977185383785,172.42133277200756,173.9678497314453,40442500
2025-07-09,174.85586430994886,179.03644347316074,172.3814460707259,176.2227783203125,43025600
2025-07-10,175.2349902719471,178.02868052999747,173.98780168372105,177.2205047607422,29252400
2025-07-11,176.39238193299045,181.0219456842772,176.08308157759498,179.7847442626953,34282900
2025-07-14,180.60289104600895,183.2569121837853,179.27588047712075,181.1516571044922,32536600
2025-07-15,182.39885886185957,183.8056914333515,181.19158867102598,181.59068298339844,33448300
2025-07-16,182.82788394956327,183.91542879782378,181.62059863833602,182.55848693847656,33104200
2025-07-17,181.73036564766983,183.64604573142148,180.07409534184728,183.16712951660156,31992600
2025-07-18,184.98301522964096,186.00072543502688,183.2968289565469,184.64378356933594,34014500
2025-07-21,185.83110772544197,189.86201471908177,185.73132654425748,189.67245483398438,45803100
2025-07-22,191.0693117786785,191.21896833519165,187.03840453704987,190.90966796875,44660200
2025-07-23,191.06930248089483,192.09698471753413,188.7545130229886,189.80215454101562,58681900
2025-07-24,196.58687870624138,197.50480780114538,190.57044138213487,191.73780822753906,74881700
2025-07-25,191.54821586623893,193.8929365997576,190.82983399147875,192.74551391601562,39785900
2025-07-28,193.2144667106556,193.61357622809174,190.41078895772904,192.14688110351562,38139500
2025-07-29,191.9971978721824,195.47935398479527,191.64799419278697,195.3097381591797,41389200
2025-07-30,195.1600963397073,197.155598285003,194.2521393007246,196.08799743652344,32445400
2025-07-31,195.26984291287636,195.54921195775628,190.66022322341527,191.46839904785156,51329200
2025-08-01,188.60486968944682,190.40082452841267,187.39759950913643,188.70465087890625,34832200
2025-08-04,189.86201672672937,194.830827292421,189.69240089649873,194.60133361816406,31547400
2025-08-05,194.2720962985156,197.4150057356091,193.45393320281906,194.232177734375,31602300
2025-08-06,194.0625664055758,196.18778087351924,193.23443126184418,195.64898681640625,21562900
2025-08-07,196.6167969951023,197.09571318148866,193.8929412029117,196.07801818847656,26321800
2025-08-08,196.7764442791972,202.15432130991044,196.72655368662487,200.9669952392578,39161800
2025-08-11,200.48808049350347,201.02685931355308,198.62229106869012,200.54794311523438,25832400
2025-08-12,200.91710457512625,204.04006993048975,200.1388600495838,202.88267517089844,30397900
2025-08-13,203.6709007567403,204.06999503609887,197.06577929471834,201.5057830810547,28342900
2025-08-14,201.0468177297292,203.98020797768137,200.77742070862897,202.48358154296875,25230400
2025-08-15,203.39154613868575,205.97571755828142,200.82731877734264,203.44142150878906,34931400
2025-08-18,203.74073522255918,204.80833601681928,202.0345896716843,203.0423126220703,18526600
2025-08-19,202.57337657986534,202.98245812812408,199.51028904350812,201.11666870117188,24240200
2025-08-20,200.278551944333,200.8273180336849,196.15785070859312,198.87173461914062,28955500
2025-08-21,199.3007354736328,202.02459107482636,198.98144788878304,199.3007354736328,19774600
2025-08-22,202.27403645691825,208.07096677186306,200.84725997228378,205.62648010253906,42827000
2025-08-25,205.96572314134983,210.04653613391585,204.81831562838462,208.02110290527344,29928900
2025-08-26,207.0432962842493,207.38254318133843,205.23736948208096,206.67413330078125,28464100
2025-08-27,205.2373711930947,208.4401585010209,205.18748059977113,207.01336669921875,23022900
2025-08-28,206.78389053195886,211.742714118765,206.43467159929352,211.1640167236328,32339300
2025-08-29,210.0365560843286,214.16724458693432,209.72725571237183,212.43116760253906,39728400
2025-09-02,207.97120545801465,211.20390871469678,205.73623790289355,210.87466430664062,47523000
2025-09-03,225.7012317514145,230.78975207064033,224.28441211377313,230.14122009277344,103336100
2025-09-04,229.1335081222656,231.847392025426,225.60147632632095,231.77755737304688,51684200
2025-09-05,231.677760445174,235.22975128240526,231.37843212445287,234.47146606445312,46588900
2025-09-08,235.15054099905157,237.8069358559837,233.3529799966882,233.72247314453125,32474700
2025-09-09,233.85231685973005,240.14377315813266,232.91358965088386,239.30491638183594,38061000
2025-09-10,238.5758820575914,241.33214736167037,237.5273187664355,238.84552001953125,35141100
2025-09-11,239.55457404217233,241.9213539288796,235.92949376965038,240.0438995361328,30599300
2025-09-12,240.04388783032,241.75157459718335,237.67710805902945,240.4733123779297,26771600
2025-09-15,244.32807821701437,252.06756394348793,244.32807821701437,251.26864624023438,58383800
2025-09-16,251.73800966841424,252.696698721273,249.13154999644232,250.8192596435547,34109700
2025-09-17,250.87917693990602,251.25866627901078,245.94587648389523,249.19146728515625,34108000
2025-09-18,251.338548569648,253.64542748570952,249.46110945180462,251.68807983398438,31239500
2025-09-19,252.90642848071656,255.65269769422878,251.4683796180924,254.3744354248047,55571400
2025-09-22,254.0848093772248,255.4329839373953,249.96042287972912,252.18739318847656,32290500
2025-09-23,252.69670571321294,254.01492224497756,250.1401811840686,251.31858825683594,26628000
2025-09-24,251.31857470864836,252.00764101873446,246.10565550148698,246.80470275878906,28201000
2025-09-25,244.06842931794486,246.1556055061487,240.41340622781078,245.45654296875,31020400
2025-09-26,246.73481561544992,249.08161830530747,245.63630185383965,246.2055206298828,18503200
2025-09-29,247.51375020937843,250.80926093832198,242.4406403715287,243.71890258789062,32505800
2025-09-30,242.48058753408858,242.9599320717839,238.92541967317948,242.77020263671875,34724300
2025-10-01,240.42338523813993,245.96585884887978,238.2862890899911,244.5677490234375,31658200
2025-10-02,244.81739828037135,246.47514981131818,241.97127402542458,245.35667419433594,25483300
2025-10-03,244.15831699237452,245.96585900937905,241.3321544964398,245.01715087890625,30249600
2025-10-06,244.44791178946252,250.97904766602093,244.24818617214953,250.09024047851562,28894700
2025-10-07,247.93317917084852,250.1002333278666,245.18691006468788,245.42657470703125,23181300
2025-10-08,244.62768203424937,245.67624536262252,243.48922922331397,244.2881317138672,21307100
2025-10-09,244.13833003954065,244.42792989328805,238.82554034163272,241.2023162841797,27892100
2025-10-10,241.10246136059908,243.75885638035138,235.5200485827795,236.2490692138672,33180300
2025-10-13,239.88411429337978,244.16828735447277,239.38479264234815,243.81875610351562,24995000
2025-10-14,240.9027132904423,246.78472157869837,240.1836889124138,245.1169891357422,22111600
2025-10-15,246.91455220927548,251.7679591837619,245.65626715592245,250.68942260742188,27007700
2025-10-16,251.42842769264908,256.6113736152233,249.76069521164578,251.1188507080078,27997200
2025-10-17,250.4197821526697,253.87509458891947,247.4737875390444,252.9563446044922,29671600
2025-10-20,254.3444728441902,256.98087539491434,253.88509020638818,256.2019348144531,22350200
2025-10-21,254.39440086428343,254.53421031738455,243.81875668908756,250.12020874023438,47312100
2025-10-22,254.02489806023604,256.01218852739623,248.95178813355238,251.34854125976562,35029400
2025-10-23,252.63679338694976,254.69399627404513,251.50833675008087,252.73666381835938,19901400
2025-10-24,256.23188733462473,261.32497431611404,254.9736174865258,259.5673828125,28655100
2025-10-27,264.4607188078389,269.7735083332291,263.92144290721717,268.9046630859375,35235200
2025-10-28,269.3241367489819,270.3627344019799,266.1384619149823,267.1071472167969,29738600
2025-10-29,267.38675485794886,274.96645416764926,267.3068768000952,274.197509765625,43580300
2025-10-30,291.1944142933695,291.1944142933695,279.6800575475708,281.09814453125,74876000
2025-10-31,282.82575062167336,285.6119738650845,276.6541425566326,280.8085021972656,39267900
2025-11-03,281.797163766903,285.14262497278366,279.42038779718166,283.3350830078125,29786000
2025-11-04,276.374515458966,280.88837191256465,275.8851900258856,277.1634521484375,30078400
2025-11-05,278.49163374098424,286.0314084420774,276.96371081227676,283.92425537109375,31010300
2025-11-06,284.9428776795432,287.9587999323025,280.7585903155872,284.3636779785156,37173600
2025-11-07,282.8257840870045,283.3950181298404,274.8166751233446,278.45172119140625,34479600
2025-11-10,284.03413439651047,290.40545290698407,282.47622284552773,289.7064208984375,29557300
2025-11-11,287.35962699643375,291.52398321941854,286.9302176656824,290.914794921875,19842100
2025-11-12,291.2842728658537,291.613842224268,283.30512258449664,286.3210144042969,24829900
2025-11-13,281.9569519907634,282.45627365196606,276.8638649512614,278.19207763671875,29494000
2025-11-14,271.04178706348836,278.1820807042813,270.3327588398133,276.0350036621094,31647200
2025-11-17,285.392279437324,293.55120856159544,283.1852862901624,284.63330078125,52670200
2025-11-18,287.52939388700526,288.4081743957296,277.8225797399186,283.8943176269531,49158700
2025-11-19,286.77042153983126,303.39782684502376,286.2411417953812,292.4127502441406,68198900
2025-11-20,304.1268355762142,306.0042898345543,288.2783714658303,289.05731201171875,62025200
2025-11-21,296.0178842040454,303.50770955644725,293.4513634023398,299.25347900390625,74137700
2025-11-24,310.70789188393536,319.0465694557707,309.17996886834777,318.14776611328125,85165100
2025-11-25,325.767421144808,328.3838617048627,317.2190369667809,323.0011901855469,88632100
2025-11-26,320.2449508538883,324.0597758686898,316.36024396458464,319.5159606933594,51373400
2025-11-28,322.9313108653273,326.40660086319315,316.36025071335513,319.7456359863281,26018600
2025-12-01,317.2690150587685,319.41609223758667,313.464186206563,314.46282958984375,41183000
2025-12-02,316.3102616947243,317.948051296999,313.4841146313127,315.38153076171875,35854700
2025-12-03,315.4614340573081,321.1436861691208,313.6738540884245,319.19635009765625,41838300
2025-12-04,321.7928484740126,321.92264650582644,314.27306548179905,317.1890869140625,31240900
2025-12-05,319.05652267664885,322.72155681925386,318.73697999805336,320.8341064453125,28851700
2025-12-08,319.82486263347363,320.21460294317257,311.0010871288888,313.49932861328125,33909400
2025-12-09,312.15025542764414,317.7662971049956,311.6805848338384,316.85693359375,30194000
2025-12-10,315.6078174223929,321.0839735202244,314.45863248382005,319.9847412109375,33428900
2025-12-11,319.85481737290655,320.8940942947929,308.3829128168011,312.210205078125,42353700
2025-12-12,313.47935032153816,314.6485102459599,305.34506149685063,309.07244873046875,35940200
2025-12-15,311.1009991314403,311.2009348824072,304.66552711937686,308.003173828125,29151900
2025-12-16,304.7354841263937,310.5513666605185,302.37712849550337,306.3543395996094,30585000
2025-12-17,307.7933270972379,307.87325739956634,295.9116769824828,296.5112609863281,43930400
2025-12-18,301.50775321966603,303.7461677101471,299.0195145942255,302.2472229003906,33518000
2025-12-19,301.5177661333593,307.03387224107576,300.7582909786616,306.9439392089844,59943200
2025-12-22,309.66200850448513,309.9118326328777,305.0852133945127,309.56207275390625,26429900
2025-12-23,309.41219480947996,314.7184570357758,309.1024153195162,314.1288757324219,25478700
2025-12-24,314.5485634057752,314.8583428959372,311.70059264113144,313.8690490722656,10097400
2025-12-26,314.25877806497726,314.86833429915043,312.0603135401851,313.2894592285156,10899000
2025-12-29,311.15095467052413,313.79908436732376,310.4014822754237,313.33941650390625,19621800
2025-12-30,312.28018544302313,316.72706748217655,312.24020504037514,313.6292419433594,17380900
2025-12-31,312.62992729269524,314.3586907819443,311.22091551782626,312.7798156738281,16377700
2026-01-02,316.67708324131615,322.2731502440002,310.11169732658084,314.9283142089844,32009400
2026-01-05,317.4365596004392,318.79558832967825,314.4086921415047,316.3173522949219,30195600
2026-01-06,316.17741436833177,320.71422913013345,311.5606693028291,314.1188659667969,31212100
2026-01-07,314.13884430323384,325.9205589972494,313.96898096999803,321.7535095214844,35104400
2026-01-08,328.7385750407063,330.0876314322289,321.2738288701313,325.2110595703125,31896100
2026-01-09,326.8598973489763,330.5972566011106,325.5707962902668,328.3388671875,26214200
2026-01-12,325.57079145505844,333.80501545240315,324.77136644379436,331.62652587890625,33923900
2026-01-13,334.7144015630273,340.25048265726696,333.38532003422745,335.7336730957031,33517600
2026-01-14,334.8243096530742,336.2832741209541,330.2475447349911,335.603759765625,28525600
2026-01-15,337.4124676651339,337.4524480652932,330.507324974913,332.5458984375,28442400
2026-01-16,334.1747541117482,334.4145755186536,327.46948297740045,329.7678527832031,40341600
2026-01-20,320.6442885211675,327.49947891315526,320.20459558658575,321.77349853515625,35361000
2026-01-21,320.6942733516965,332.24613943011235,319.12537039479025,328.1490173339844,35386600
2026-01-22,334.2147483456718,334.9142376434696,328.5187457270175,330.3074951171875,26253600
2026-01-23,332.25610013077164,333.45526818914374,327.21966747627397,327.6993103027344,27280000
2026-01-26,327.5793954045391,335.60374537803585,326.7699676491338,333.02557373046875,26042100
2026-01-27,335.1340666902067,337.6722883721735,333.2454121385867,334.31463623046875,21636200
2026-01-28,335.82360375323316,337.30257365930305,331.7065067534381,335.7736511230469,27434400
2026-01-29,340.06060015063264,342.0492210013424,326.3103005061971,338.0120544433594,39785600
2026-01-30,339.76083067041884,339.76083067041884,332.0562627255977,337.7622375488281,31024000
2026-02-02,335.983495554882,344.5874244246442,335.3939142353609,343.4482421875,32006100
2026-02-03,347.09564553860224,348.7544814019383,337.2325938809106,339.47100830078125,36506700
2026-02-04,342.7187296036167,343.0684894885568,328.2888852617291,332.80572509765625,70618400
2026-02-05,312.0003564748562,332.45595718246585,306.24439883874277,331.0169677734375,88205800
2026-02-06,326.94984200428365,330.147603202773,319.694969697787,322.63287353515625,56380500
2026-02-09,320.70422803551696,327.4694850607409,317.03682684844796,324.09185791015625,39640100
2026-02-10,320.7441987510988,321.4437184993816,314.38865715458337,318.3558654785156,39170000
2026-02-11,318.7456164455411,320.8341425405983,309.44216816023624,310.7412414550781,45406400
2026-02-12,311.87044586439265,316.0175203045161,306.9839017615506,308.7826232910156,47761300
2026-02-13,307.5135396808651,308.41290048065196,303.4963480144474,305.50494384765625,38499700
2026-02-17,299.82893803190484,304.22583664461854,296.04159566157676,301.8075256347656,39247600
2026-02-18,301.87748970860525,305.1651838815364,301.0380842700908,303.1166076660156,28482100
2026-02-19,301.6076886754516,305.25511494304027,299.828942056139,302.636962890625,25834400
2026-02-20,304.1059184917761,316.2773425544253,303.68620054308417,314.7584228515625,53210800
2026-02-23,318.82555353627805,319.29522413676915,309.65201848441603,311.2708740234375,31423000
2026-02-24,310.3015673465962,312.05033638585,305.71479964031533,310.6813049316406,25615600
2026-02-25,311.84046520002283,313.4193707572093,309.22231323387047,312.67987060546875,29963600
2026-02-26,312.42009761480955,312.9197459051382,302.1373272609355,307.1637878417969,36431200
2026-02-27,303.92607541564644,312.1502667227519,303.5862877430576,311.54071044921875,44640600
2026-03-02,303.0166882830762,308.27296712894787,301.088022863519,306.3043518066406,34790200
2026-03-03,298.37994467731505,303.72618716624237,296.5012623376298,303.3664245605469,35497000
2026-03-04,302.6769571429086,305.2551289128473,300.5384478137644,302.9167785644531,29536200
2026-03-05,302.82681905445145,303.08661540637286,297.78035344585857,300.6683349609375,35752300
2026-03-06,295.88171424137005,300.31859339921897,294.97235071392555,298.30999755859375,25576900
2026-03-09,294.3599853515625,306.79998779296875,294.0799865722656,306.3599853515625,29312100
2026-03-10,306.1700134277344,309.510009765625,305.57000732421875,307.0400085449219,23239700
2026-03-11,306.75,311.4200134277344,305.9200134277344,308.70001220703125,24125700
2026-03-12,306.82000732421875,308.94000244140625,301.0299987792969,303.54998779296875,24928300
2026-03-13,307.010009765625,307.69000244140625,300.44000244140625,302.2799987792969,23693100
2026-03-16,304.3500061035156,306.489990234375,303.0199890136719,305.55999755859375,23519700
2026-03-17,305.8599853515625,311.4200134277344,305.5,310.9200134277344,21955200
2026-03-18,309.2699890136719,312.4700012207031,306.92999267578125,307.69000244140625,20009800
2026-03-19,304.010009765625,308.05999755859375,302.3500061035156,307.1300048828125,25075800
2026-03-20,305.4599914550781,306.0,298.2699890136719,301.0,44364100
2026-03-23,302.1099853515625,305.9800109863281,300.92999267578125,302.05999755859375,29326900
2026-03-24,299.20001220703125,299.9200134277344,290.3299865722656,290.44000244140625,36864300
2026-03-25,293.44000244140625,296.0,289.239990234375,290.92999267578125,29460700
2026-03-26,287.9100036621094,287.95001220703125,278.5,280.9200134277344,39080600
2026-03-27,277.2799987792969,279.3699951171875,273.95001220703125,274.3399963378906,35890600
2026-03-30,276.4200134277344,277.0899963378906,272.1099853515625,273.5,35141200
2026-03-31,278.0400085449219,288.0799865722656,277.0899963378906,287.55999755859375,43875400
2026-04-01,290.8399963378906,300.5199890136719,290.4100036621094,297.3900146484375,37684500
2026-04-02,290.69000244140625,298.0799865722656,289.45001220703125,295.7699890136719,21666500
2026-04-06,295.8699951171875,300.6199951171875,295.17999267578125,299.989990234375,16945500
2026-04-07,302.7300109863281,305.6300048828125,297.7200012207031,305.4599914550781,23205400
2026-04-08,320.45001220703125,322.0799865722656,315.0199890136719,317.32000732421875,33547100
2026-04-09,315.9100036621094,319.5400085449219,311.05999755859375,318.489990234375,23739200
2026-04-10,320.0199890136719,321.8299865722656,316.32000732421875,317.239990234375,19152600
2026-04-13,317.1400146484375,321.6300048828125,315.4700012207031,321.30999755859375,18866400
2026-04-14,324.7900085449219,333.2900085449219,323.75,332.9100036621094,27721400
2026-04-15,332.8900146484375,337.4800109863281,330.8999938964844,337.1199951171875,24918800
2026-04-16,338.75,339.8800048828125,334.5199890136719,336.0199890136719,20541500
2026-04-17,337.6499938964844,342.32000732421875,336.239990234375,341.67999267578125,25581900
2026-04-20,340.760009765625,341.3999938964844,336.6099853515625,337.4200134277344,18784200
2026-04-21,337.69000244140625,339.3399963378906,331.3500061035156,332.2900085449219,23123800
2026-04-22,337.0199890136719,339.82000732421875,335.1700134277344,339.32000732421875,20293000
2026-04-23,341.17999267578125,341.9599914550781,336.17999267578125,338.8900146484375,18650300
2026-04-24,338.7300109863281,345.2699890136719,335.3900146484375,344.3999938964844,26426100
2026-04-27,345.9800109863281,353.17999267578125,342.7300109863281,350.3399963378906,28576900
2026-04-28,348.54998779296875,352.4200134277344,346.1199951171875,349.7799987792969,27824100
2026-04-29,347.57000732421875,355.7900085449219,344.2099914550781,349.94000244140625,35376300
2026-04-30,374.07000732421875,385.8399963378906,365.82000732421875,384.79998779296875,72040000
2026-05-01,381.6300048828125,386.760009765625,379.04998779296875,385.69000244140625,30105200
2026-05-04,385.6300048828125,387.3800048828125,379.7900085449219,383.25,26298600
2026-05-05,386.2300109863281,392.82000732421875,384.0199890136719,388.42999267578125,23878600
2026-05-06,394.25,399.8500061035156,392.760009765625,398.0400085449219,31308500
2026-05-07,399.9200134277344,400.1000061035156,392.67999267578125,397.989990234375,24433500
2026-05-08,397.0,402.0,396.3599853515625,400.79998779296875,21461800
2026-05-11,393.6499938964844,397.44000244140625,388.4700012207031,388.6400146484375,30753700
2026-05-12,387.3399963378906,388.5199890136719,382.7699890136719,387.3500061035156,26017500
2026-05-13,385.6000061035156,403.70001220703125,385.0,402.6199951171875,28144600
2026-05-14,397.2799987792969,402.92999267578125,395.8399963378906,401.07000732421875,21136700
2026-05-15,396.32000732421875,399.5400085449219,393.17999267578125,396.7799987792969,20309700
2026-05-18,395.69000244140625,408.6099853515625,394.5299987792969,396.94000244140625,26837200
2026-05-19,396.9599914550781,397.1499938964844,386.1099853515625,387.6600036621094,39545700
2026-05-20,387.70001220703125,393.8599853515625,382.8999938964844,388.9100036621094,31744400
2026-05-21,385.70001220703125,392.5,383.0199890136719,387.6600036621094,24852800
2026-05-22,387.3500061035156,388.739990234375,381.7699890136719,382.9700012207031,20442100
2026-05-26,384.510009765625,389.260009765625,382.6000061035156,388.8800048828125,27747400
2026-05-27,386.6700134277344,393.8800048828125,385.8999938964844,388.8299865722656,23087300
2026-05-28,388.0,391.8699951171875,385.1600036621094,390.1300048828125,24357500
2026-05-29,385.239990234375,385.239990234375,378.4599914550781,380.3399963378906,44415800
2026-06-01,376.5199890136719,378.55999755859375,373.5199890136719,376.3699951171875,28672100
2026-06-02,366.5899963378906,373.5400085449219,358.44000244140625,361.8500061035156,50412300
2026-06-03,362.0299987792969,366.45001220703125,358.0799865722656,358.989990234375,55441600
2026-06-04,358.8999938964844,373.25,358.2099914550781,372.19000244140625,44055500
2026-06-05,366.3399963378906,372.0799865722656,364.1199951171875,368.5299987792969,37375600
