Datetime,Open,High,Low,Close,Volume
2013-11-27,56.485784214054824,56.52169995299268,55.959000252164145,56.15055847167969,8828100
2013-11-29,56.06074865118927,56.40196177561154,55.851232621650496,55.958984375,6770500
2013-12-02,55.83328567307065,56.29422563298425,55.62376958543182,55.982940673828125,9310500
2013-12-03,56.03083942894802,56.55762803033021,55.80935291892036,56.50374984741211,12599500
2013-12-04,56.38402114913286,56.80904081530895,56.22239118614115,56.671356201171875,13074000
2013-12-05,56.312183016485506,56.659383711353215,56.22238910338412,56.34809875488281,10586000
2013-12-06,56.85093388184779,57.293911338782884,56.623455391904976,57.25799560546875,12063400
2013-12-09,57.43759081808249,57.617178656322196,57.22807471820846,57.371742248535156,15516700
2013-12-10,57.40763875767373,57.45552943696533,57.10234138607296,57.29389953613281,9868100
2013-12-11,57.09637772986316,57.19215912840614,56.366065117960964,56.425926208496094,12811800
2013-12-12,56.56958664219116,57.39568054899765,56.43788951927102,57.08440017700195,15562600
2013-12-13,56.946714473355804,57.41962478418427,56.665366931872555,57.054466247558594,10629500
2013-12-16,57.63514867261278,59.19156018595358,57.545354734569976,58.197853088378906,23226000
2013-12-17,58.078117873454985,58.14396644730779,57.485485275888465,57.9164924621582,14920900
2013-12-18,58.323550752945934,59.83207124610792,58.07213143193701,59.586639404296875,21331300
2013-12-19,59.56267805021742,59.622539124786144,59.26336811026658,59.520774841308594,12905900
2013-12-20,59.496835097399234,59.62254473595645,59.02392479971771,59.071815490722656,23331000
2013-12-23,59.26338480083067,59.43698516294673,58.898226205881116,58.970062255859375,10127600
2013-12-24,58.86231666191626,59.526785351072725,58.86231666191626,59.39508819580078,4168300
2013-12-26,59.514797256882495,60.47857578910198,59.49085190965312,60.4007568359375,9531200
2013-12-27,60.60426594347253,60.90357583690527,60.45461099675615,60.76589584350586,10209000
2013-12-30,60.77788638783861,60.7898613451273,60.047569274902344,60.047569274902344,9007900
2013-12-31,60.15530654127938,60.69406531158267,60.1193908122948,60.580326080322266,8509600
2014-01-02,60.22117505812338,60.31695645665201,59.49684535840731,59.71234893798828,11028100
2014-01-03,59.72431390267807,59.96376281013478,59.34718495623168,59.56867599487305,9295600
2014-01-06,59.82609832125119,59.945820522543926,59.197545346691214,59.658485412597656,11848500
2014-01-07,59.628521849168415,60.59230014435242,59.51478261957934,60.502506256103516,11187000
2014-01-08,60.574355325054064,60.574355325054064,59.95179001745845,60.30497360229492,11180400
2014-01-09,59.98171623690289,60.09545548712099,59.281332002324284,59.718326568603516,11674300
2014-01-10,59.856010947671614,60.23912737223132,59.33521448431191,60.17327880859375,10535400
2014-01-13,59.808130735080596,59.92186543770571,58.82638966205359,58.9940071105957,12110900
2014-01-14,59.143669710503374,59.42501733066333,59.053875779039565,59.335227966308594,9265000
2014-01-15,59.35915804503414,59.47289273298726,59.04188562655383,59.13167953491211,9425500
2014-01-16,59.13768028413803,59.28733530928248,58.81442488177292,59.227474212646484,9421700
2014-01-17,59.371139398355545,60.06553631253118,59.06584188040405,59.359169006347656,15998000
2014-01-21,59.00599548776975,59.19755377738469,58.688727498761565,58.96409225463867,13847300
2014-01-22,59.191557607545775,59.23346083452584,58.56899211590678,58.59293746948242,11642800
2014-01-23,58.21575040566317,58.2995567760973,57.47346345305893,58.04813766479492,15393200
2014-01-24,57.57525249605588,57.617155699334766,56.76112920340324,56.77908706665039,14584300
2014-01-27,56.9167919839788,57.21610199075137,56.71924628340292,56.82101058959961,12474600
2014-01-28,57.07840780468311,57.41962097248984,56.73120715895486,57.25799560546875,10773600
2014-01-29,56.82699401114511,57.5872393645392,56.65938115005715,56.93474578857422,13191500
2014-01-30,56.27026588915404,56.838952919701626,55.70756176878826,56.264278411865234,14628400
2014-01-31,55.58185257737415,55.83925929749561,54.893438831271915,55.16880798339844,17361400
2014-02-03,55.02515153837764,55.25861298248949,53.66029861369045,53.90573501586914,20377900
2014-02-04,54.09729609438882,54.2589214999497,53.5106464300948,53.88777542114258,17414400
2014-02-05,54.061383609593896,54.24097147919389,53.50466669436503,53.624393463134766,16393600
2014-02-06,53.96197661151463,54.36589153341754,53.805231791278125,54.13680648803711,13646100
2014-02-07,54.32972545622941,54.637180634837165,54.10666568007317,54.60704040527344,12573800
2014-02-10,54.52865050287817,54.57688037609384,53.87153572826667,53.96799087524414,12237700
2014-02-11,53.99210388168523,54.86022317071737,53.895648738155934,54.763763427734375,13422800
2014-02-12,54.86628540002771,55.37871543822183,54.64322556246857,54.908485412597656,10752400
2014-02-13,54.61305653359288,55.252090925884744,54.498516321329454,55.11946105957031,9775300
2014-02-14,55.348558515838825,56.928052897573295,55.22195850577141,56.735137939453125,18260400
2014-02-18,56.71103286743164,57.102892737927924,56.283002873320875,56.71103286743164,12979300
2014-02-19,56.548242783133965,57.44650246549558,56.548242783133965,56.638668060302734,12227800
2014-02-20,56.57837506509265,57.735864444880264,56.518090022292995,57.49472427368164,14424300
2014-02-21,57.56105023337732,57.62133528773187,57.235505420516965,57.28976058959961,11282200
2014-02-24,57.639441411186795,58.62813138222094,57.51887125840956,58.13981628417969,16012500
2014-02-25,58.20005726263304,58.45928703419765,57.85039764527555,58.061397552490234,10663000
2014-02-26,58.212132389122026,58.39299214272205,57.59118762092565,57.74793243408203,9087600
2014-02-27,57.62134736169263,57.90469223593132,57.36814732067516,57.7780876159668,9101200
2014-02-28,57.85043789298743,58.37492768392175,57.74192292243055,58.037322998046875,12651400
2014-03-03,57.729845852714526,58.2000756803001,57.169186150719156,57.57310104370117,11896700
2014-03-04,58.23021879572003,58.39299349762787,57.796163656026756,58.188018798828125,12566100
2014-03-05,57.39224441819542,57.446504185575925,56.30709966458717,56.54824447631836,19829600
2014-03-06,56.469864383301086,56.63263907046699,56.22871959456355,56.52412414550781,12610400
2014-03-07,56.891866407493936,57.307836435302974,56.66277679852975,57.2656364440918,12659100
2014-03-10,57.36210106971463,57.6032458683226,57.06670110613347,57.57310104370117,9964500
2014-03-11,57.488710265044396,57.62736544182777,56.37944585350132,56.67485046386719,12143600
2014-03-12,56.45179169593451,56.9521664372774,56.397536521296395,56.7954216003418,9705400
2014-03-13,56.93409106523071,57.01246119730393,56.26491620078249,56.45180130004883,9872500
2014-03-14,56.41561532358461,56.801445187521985,56.24078544782318,56.349300384521484,11723300
2014-03-17,56.63868031496522,56.98834012718745,56.51811018634991,56.86174011230469,8676100
2014-03-18,56.915984759938546,57.422384684854286,56.71101007643382,57.096839904785156,8757300
2014-03-19,57.06068001249371,57.452539795672564,56.144330556495,56.50605010986328,9914700
2014-03-20,56.33119600847524,57.11491063854695,56.071966226351144,57.018455505371094,10405000
2014-03-21,57.331965046747044,57.86850989130701,56.85570526123047,56.85570526123047,24479800
2014-03-24,57.1269903630767,57.33196046734322,56.95819037145608,57.05464553833008,9539800
2014-03-25,57.33194360136663,57.76600322324454,57.151088491886476,57.217403411865234,9796600
2014-03-26,57.609276250873414,57.621336021570805,56.915991217784494,57.090816497802734,11033300
2014-03-27,57.03654750202222,58.17595178561845,56.70497288004289,58.01920700073242,15427500
2014-03-28,58.15788384827483,59.06217352038577,58.15788384827483,58.89939880371094,12321800
2014-03-31,59.37564777851658,59.592677628287234,58.67030306648912,58.887332916259766,12375200
2014-04-01,58.8692505889104,59.038050568894505,58.64619084424311,58.91748046875,9475300
2014-04-02,58.796894682260046,59.11640952690351,58.58589474706658,59.05009460449219,9551000
2014-04-03,58.97777417569812,59.405804073329065,58.814999457210696,59.03805923461914,10113000
2014-04-04,59.26110559045655,59.508275655889705,58.64618617014689,58.69441604614258,12496100
2014-04-07,58.6281095222539,58.79690951298618,58.32667965324488,58.344764709472656,10120700
2014-04-08,58.48339837314394,59.00788316750273,58.32665362336359,58.748653411865234,10243000
2014-04-09,58.929561163631185,58.953676113996096,58.2543563517832,58.676361083984375,10463900
2014-04-10,58.46533941674914,58.94762444749069,58.01921989900834,58.344764709472656,13443400
2014-04-11,58.18198995237507,58.74264964788584,58.04333019995652,58.308589935302734,13352500
2014-04-14,58.77280886972514,59.116438820015205,58.32066395621422,58.99586868286133,9610200
2014-04-15,58.82706278498798,59.50226284485005,58.519602986611964,59.49020767211914,12961600
2014-04-16,59.71325307442447,60.346252978016636,59.66502319621145,60.24979782104492,12508100
2014-04-17,60.09908431100565,60.87074398269802,60.09908431100565,60.53916931152344,15435700
2014-04-21,60.30406678509783,60.846641540527344,60.21966677863717,60.846641540527344,8002100
2014-04-22,60.60547690658705,60.80442168520009,60.41859189607692,60.5090217590332,8212100
2014-04-23,60.641661329358236,60.85869121191206,60.48492110264546,60.587406158447266,8686000
2014-04-24,60.57534461148791,60.6476848317555,60.20156994210556,60.29199981689453,9057800
2014-04-25,60.27992993363106,60.629589604441215,60.24375982956577,60.53313446044922,10391500
2014-04-28,60.720025114984615,61.16613997130458,60.47285044899186,60.991310119628906,12710800
2014-04-29,61.23245910761692,61.83531880331048,61.027489018819246,61.16011428833008,10094600
2014-04-30,60.96721191002042,61.73887634277344,60.71401188961753,61.73887634277344,13966700
2014-05-01,61.46757548245362,61.726805341743564,61.00940081498556,61.13600540161133,11161700
2014-05-02,61.057644359260074,62.040308850158226,60.87678916545248,61.49773406982422,11168100
2014-05-05,61.30481637727936,62.172931387754254,61.23850142932883,62.040306091308594,7614200
2014-05-06,61.853414621959445,62.27541924205459,61.73887438747449,61.89561462402344,9669800
2014-05-07,62.16688422350637,62.36582439789185,61.96793944966712,62.16085433959961,11007400
2014-05-08,62.14880459245931,62.2693792927668,61.594174769408404,61.68460464477539,8922500
2014-05-09,61.73316259512725,62.01843112367651,61.46003571455306,61.87882995605469,8948800
2014-05-12,62.109488153446314,62.1216251733175,61.62392400630688,62.04879379272461,8830500
2014-05-13,62.018445287649484,62.340129572227426,61.87277789345405,62.1276969909668,7528800
2014-05-14,62.12767250414529,62.321897163415706,61.975934344381486,62.08518600463867,6999200
2014-05-15,61.909184313395365,62.164103372733834,60.89557426982411,61.168701171875,13658700
2014-05-16,61.05338440036998,61.30223728932166,60.889509169869214,61.14442825317383,10369200
2014-05-19,60.950199909221816,61.368998828843466,60.950199909221816,61.223331451416016,5851400
2014-05-20,61.11407798933049,61.350789207295115,60.9684059854428,61.10193634033203,6134100
2014-05-21,61.21119790240772,62.0427250270154,61.13229569391856,61.92740249633789,7747900
2014-05-22,61.79385148268652,61.89096613517811,61.58748979216414,61.60569763183594,5304300
2014-05-23,61.63605350128601,61.86669387881582,61.46610284182606,61.49645233154297,5410900
2014-05-27,61.67247871971439,61.84849559978649,61.25975060143427,61.5207405090332,8359700
2014-05-28,61.441850531657884,61.951688798261884,61.33259881300223,61.33866500854492,7586700
2014-05-29,61.629993909437175,61.696759094436935,61.31437582931415,61.46611404418945,6113700
2014-05-30,61.18085145704427,61.393284036479805,60.91986153639977,61.016971588134766,11499000
2014-06-02,61.01695531510781,61.22938783788827,60.49497561302913,60.65885543823242,7761300
2014-06-03,60.44642369774358,61.11407544438705,60.44642369774358,60.93198776245117,9384200
2014-06-04,60.82272811699958,60.974466288521086,60.67098994547807,60.719547271728516,7148800
2014-06-05,60.75595941011859,61.19903688263798,60.670986409473436,61.029090881347656,12296100
2014-06-06,61.06549629462306,61.684585856792204,61.059425472545584,61.666378021240234,9340900
2014-06-09,61.57536093101019,61.88490816175086,61.41755653396649,61.61784744262695,6404800
2014-06-10,61.593573992068336,61.74531219652874,61.30223460200405,61.5814323425293,7917500
2014-06-11,61.41754920800414,62.10947496076188,61.30222670565054,61.87882995605469,10270300
2014-06-12,62.18837540924969,62.485780946767875,61.64818785652651,61.702816009521484,11421000
2014-06-13,61.86670414487929,62.30978176258716,61.68461643772642,62.3037109375,8240300
2014-06-16,62.25514253975351,62.66787058939521,62.01236051690276,62.46757507324219,8977600
2014-06-17,62.26118856682676,62.26725475773763,61.57532927813132,62.1640739440918,9355400
2014-06-18,62.25515354042063,62.485793956008614,61.94560629082097,62.35226821899414,9575100
2014-06-19,62.27941648089944,62.419013007739224,61.71495028862887,62.29155349731445,11105600
2014-06-20,62.68608302033305,63.159505452678815,62.479721295744284,63.0199089050293,17674400
2014-06-23,63.18986925494258,63.49334571678336,63.05026804499516,63.35374450683594,8553700
2014-06-24,63.2323479978236,63.408364879726044,62.19445918165355,62.35226821899414,9708400
2014-06-25,62.115540763988704,62.285491419799015,61.62391052976978,61.9941520690918,10714800
2014-06-26,61.872778959079945,62.13983508125721,61.21119790240772,61.92740249633789,8424200
2014-06-27,61.70889670646039,61.781732717345506,61.095877646571516,61.4296989440918,15147400
2014-06-30,61.42968208370982,61.46609776381606,61.010883239761675,61.10799789428711,9454800
2014-07-01,61.39328096774294,61.66033706967758,61.17477757390742,61.5207405090332,8399600
2014-07-02,61.3932781033852,61.690683685853436,61.32651292334585,61.648197174072266,6954400
2014-07-03,61.878827397052575,62.680004795043644,61.71495220162151,62.267276763916016,6922600
2014-07-07,62.10948621085554,62.30371093749999,61.921327678615505,62.3037109375,7979600
2014-07-08,62.10946465950745,62.65572296073729,62.01235001454164,62.412940979003906,9613600
2014-07-09,62.49184061793795,62.93491806391409,62.40079679964905,62.849945068359375,7655300
2014-07-10,62.44330755773795,62.55863008108743,61.93346938632864,62.25515365600586,8533700
2014-07-11,62.1519681798806,62.21266253426535,61.49645803888748,61.75137710571289,7680800
2014-07-14,62.01235605612488,62.5646852341463,62.00628986323437,62.321903228759766,8253100
2014-07-15,62.23086993328966,62.27335644412395,61.75137666491279,62.145896911621094,8755800
2014-07-16,62.249058807163884,62.99561256224783,62.236921792345065,62.98347091674805,8870200
2014-07-17,62.74677894240509,63.056326167713706,62.08520261159906,62.09733963012695,8145700
2014-07-18,62.32798954935077,62.49186478109014,61.82421757328682,62.35226821899414,8208300
2014-07-21,62.12768670997506,62.631458626944514,61.94559902435071,62.564693450927734,6632400
2014-07-22,62.90459313218092,63.23841905263667,62.81962010346178,62.84389877319336,7426300
2014-07-23,62.90458069857695,63.39621092908909,62.83781552768248,63.27482223510742,7007200
2014-07-24,63.378018075963624,63.56010579067885,63.092749483895155,63.29304504394531,7943000
2014-07-25,63.08060369192416,63.11701937753007,62.491858744323025,62.625389099121094,7775500
2014-07-28,62.69216508546764,63.43871455319746,62.4129673094263,63.34767532348633,9197800
2014-07-29,63.250531385877196,63.58435717604284,62.831732600156826,62.849945068359375,8055400
2014-07-30,62.959224246405675,63.21414334450614,62.255156683252416,62.667884826660156,11072100
2014-07-31,61.897059229581195,61.897059229581195,60.045851018846996,60.05192184448242,18291800
2014-08-01,59.85767871493933,60.422144927894664,59.59061803720682,59.9669303894043,14915000
2014-08-04,59.93053240292446,60.95628436025646,59.669542451738124,60.77419662475586,12148200
2014-08-05,60.37966375231151,60.41607943678683,59.34784126224983,59.602760314941406,13069400
2014-08-06,59.602760084033186,60.48284437779525,59.602760084033186,60.07618713378906,9911300
2014-08-07,60.555673721761345,60.59816022895813,59.25679520953755,59.64524459838867,10017100
2014-08-08,59.973001695464326,60.56781744730246,59.67559613488633,60.53746795654297,11199300
2014-08-11,60.678058119037416,60.76362309895449,60.225785416198356,60.34191131591797,8589600
2014-08-12,60.02408338981655,60.31745231143921,59.785723181034754,60.195213317871094,9583700
2014-08-13,60.39689574696646,60.69637307934571,60.189096481257636,60.561912536621094,7645800
2014-08-14,60.56802565118317,60.678038398599654,60.26243520424184,60.561912536621094,6547300
2014-08-15,60.65358163158987,60.76970747639144,59.981283680351346,60.52523422241211,9226900
2014-08-18,60.6780401768318,60.83083540478029,60.56802742619128,60.82472229003906,7135400
2014-08-19,60.812501969846984,61.08753152061486,60.769719491662194,60.80638885498047,8888100
2014-08-20,60.84306474807121,61.05697714555857,60.53136116148074,60.93473815917969,6751800
2014-08-21,60.995837059493,61.160853800409804,60.66579891472059,60.67802047729492,6826200
2014-08-22,60.43967700426864,60.49468570833773,59.94462198234721,60.201316833496094,8095000
2014-08-25,60.39080297980411,60.445811703516455,60.201338331005246,60.35413360595703,7569800
2014-08-26,60.58024026339473,61.3075422168478,60.51911845537509,60.89805221557617,8536500
2014-08-27,60.98365160373378,61.093664392205405,60.561935137435576,60.83085632324219,5848700
2014-08-28,60.53136808312747,60.959192927023146,60.513033398809235,60.85529327392578,6072700
2014-08-29,60.73914839098125,60.91639138885354,60.33577147332746,60.78804397583008,8873700
2014-09-02,60.76972493028919,60.86751146220286,59.77961006562114,60.195213317871094,8957100
2014-09-03,60.421343418200514,60.86750285857218,60.421343418200514,60.57413864135742,8475100
2014-09-04,60.506897054833445,60.781926539906976,59.87738159922213,60.11574172973633,9662900
2014-09-05,60.34799678772,60.690261239988374,59.962954524725475,60.66581344604492,9476900
2014-09-08,60.457985596212154,60.457985596212154,59.5595493419383,59.755126953125,10080100
2014-09-09,59.70627487092027,59.914074177890086,59.26011067810111,59.522918701171875,9756400
2014-09-10,59.50457022995154,59.60846985936356,58.569464239363334,59.168418884277344,12113700
2014-09-11,58.868949046988874,59.357895673240755,58.5633585713166,59.302886962890625,10181100
2014-09-12,58.99729561887107,59.033964983271034,58.44723183816893,58.538909912109375,10257500
2014-09-15,58.50836797984397,58.9178581923149,58.306677100409026,58.85062789916992,10689400
2014-09-16,58.81394043237176,59.926289490921526,58.68558833916887,59.54735565185547,11574100
2014-09-17,59.840723952357344,59.852945518621816,59.16231278264455,59.33344268798828,8774200
2014-09-18,59.37621509887535,59.48011471480097,58.96672508579952,59.04617691040039,8636600
2014-09-19,59.3334394739216,59.626803677779385,59.20509205186632,59.357887268066406,18178100
2014-09-22,59.2234205419335,59.28453768943781,58.83837365307136,59.003395080566406,8816900
2014-09-23,58.84449520382774,59.382337370036204,58.691699981689446,58.69169998168945,10300700
2014-09-24,58.593900136050536,58.82614714221368,57.96438004716634,58.56333923339844,12200000
2014-09-25,58.46556906296503,58.60613806336063,57.573240816109596,57.60380172729492,12854200
2014-09-26,57.65269130932557,58.52668012058624,57.328766201470195,58.324989318847656,11256800
2014-09-29,57.88496664730081,57.92774914164554,57.328794220819276,57.713836669921875,14015000
2014-09-30,57.51824819725861,57.946073061196486,57.218770792502085,57.4815788269043,15576500
2014-10-01,57.51823330635253,57.78104127271634,56.668692251512795,56.75425720214844,14028600
2014-10-02,56.46702014774565,57.38990489298809,56.26532927031238,57.023197174072266,13756500
2014-10-03,57.206521939918204,57.51822545350042,56.583119575693225,57.402099609375,11563000
2014-10-06,57.45711899299326,58.26387761242531,57.3960018342215,57.76881790161133,10595400
2014-10-07,57.61603054151644,58.17832060265032,57.041523575076255,57.06597137451172,10787900
2014-10-08,57.09651153314167,57.95827873431212,56.48533070834776,57.82381820678711,15583700
2014-10-09,57.48157271447451,57.75048917337908,56.00251120726575,56.11863708496094,17915600
2014-10-10,56.49757108184038,57.004847749596124,55.55635181644437,55.98417663574219,18173100
2014-10-13,55.81303745149432,56.55256575245394,55.470777652819464,55.51966857910156,14451100
2014-10-14,55.91692925804218,56.369206400658705,55.042940540471584,55.34242248535156,23120500
2014-10-15,54.395109314626346,55.37911110335318,53.11774325544961,55.140750885009766,24703500
2014-10-16,54.13841372417948,55.78248743199386,53.89394039328434,55.37299728393555,25212600
2014-10-17,55.69691968077717,56.38144404046917,55.311877351354575,55.74581527709961,18189200
2014-10-20,55.39133535511525,56.16142476249931,55.39133535511525,56.08808135986328,10821700
2014-10-21,56.75425382111005,57.46933429293974,56.44866339763344,57.23708724975586,15757000
2014-10-22,57.426558471998185,57.81160077152055,56.827603783852275,56.91927719116211,12733600
2014-10-23,57.640480034850015,58.04997485875188,57.37156355903903,57.518245697021484,11345100
2014-10-24,57.5671215785226,57.774920814240616,56.97427545094904,57.75047302246094,9734100
2014-10-27,57.3593152412972,57.3593152412972,56.69923888012682,57.27375030517578,11387700
2014-10-28,57.71992928004091,58.184423435629334,57.40822569602039,58.12330627441406,12564100
2014-10-29,58.3188771549848,58.6611416109809,57.21875439318723,57.81159591674805,12409100
2014-10-30,57.3715584730204,57.86050044393065,56.974289915884114,57.72603988647461,9767900
2014-10-31,58.056082977610615,59.21732783206581,57.6404797032669,59.10731506347656,17493700
2014-11-03,59.015628441066234,59.34566669908565,57.939953373751536,58.22109603881836,13410000
2014-11-04,57.7565963350331,57.99495651830119,57.383775604702954,57.76881790161133,13498500
2014-11-05,58.282223527409165,58.53280532555403,57.84828555466759,58.10498046875,12480000
2014-11-06,58.17220266411311,58.9300657320159,57.62213887977215,58.832279205322266,14731400
2014-11-07,58.97386360674181,59.81107120533266,58.92461499585857,59.46017837524414,13233500
2014-11-10,59.63253927870058,59.7741231423068,59.140062639344734,59.26933670043945,9087600
2014-11-11,58.96156110369249,59.41094655038603,58.85691130672516,59.349388122558594,7990000
2014-11-12,59.03542807944132,59.34322488413433,58.549108564433574,58.71531677246094,11592800
2014-11-13,58.45676234230217,58.61066072821702,57.761143328745234,58.27208709716797,12355400
2014-11-14,58.401366109235326,58.54910725713936,58.26593476673729,58.53679275512695,9352500
2014-11-17,58.38904334124805,58.56756602230374,57.9827540678776,58.54909896850586,8704400
2014-11-18,58.53063363509607,58.94308017072408,58.19205531683076,58.40135955810547,9263200
2014-11-19,58.53063164026275,58.93692091172814,57.94581499197302,58.856895446777344,8333200
2014-11-20,58.70914891962049,59.03541269612093,58.6414332645047,58.98616409301758,8422400
2014-11-21,59.835681196884245,59.835681196884245,59.158529344198314,59.59560012817383,12374900
2014-11-24,59.306286617521025,59.58946381344813,58.63529183151058,58.92462158203125,10172400
2014-11-25,59.103140878958776,59.1154506840412,58.093567784373654,58.3459587097168,13747400
2014-11-26,58.25978175532246,58.56142132408718,58.087416287456904,58.16128921508789,9822100
2014-11-28,56.32680137005521,56.54225814089281,55.471126839724874,55.73583221435547,19556700
2014-12-01,55.625044673720566,57.17018610815919,55.57579605268983,56.850074768066406,27584200
2014-12-02,56.831595947202366,58.278239840175424,56.64076345096259,57.982757568359375,20885300
2014-12-03,58.27825706631817,58.68455118091697,57.86581039600054,58.45062255859375,16220400
2014-12-04,57.945813446176366,58.24130038749148,57.29328585055439,58.09355926513672,12868600
2014-12-05,57.835007458868176,58.228986923224944,57.46565229810942,57.754981994628906,11831900
2014-12-08,57.18863565371635,57.33021952506299,56.246778373816674,56.449920654296875,15735900
2014-12-09,56.160613466315695,56.67155265105241,55.87128368539556,56.25294876098633,15883800
2014-12-10,55.84662778462113,55.8527850329853,54.29532995915699,54.584659576416016,22279400
2014-12-11,54.70163112721866,56.351421664103725,54.695473878031116,54.91093063354492,21522200
2014-12-12,54.60930471747248,54.78782741533993,53.310401916503906,53.310401916503906,24568300
2014-12-15,53.88290896084981,54.54159394826451,53.248848281898134,53.495086669921875,21373600
2014-12-16,53.174967732488746,54.91094130907939,53.058008154816804,53.19343948364258,26372400
2014-12-17,53.704384520809874,55.34186575642108,53.64898335100368,54.800140380859375,23323000
2014-12-18,55.631173360182174,56.11749267578125,54.41845369549398,56.11749267578125,22882700
2014-12-19,55.532694209620175,57.64418029785156,55.163339014766386,57.64418029785156,38469000
2014-12-22,57.225555953846026,57.66262665883548,56.91160203742099,57.45332717895508,17871800
2014-12-23,57.570299999132665,58.59218742703796,57.280975009605825,58.22898483276367,13706500
2014-12-24,58.001220768782105,58.01968782246762,57.2378861379446,57.7303581237793,6875700
2014-12-26,57.85964455408844,58.13050725694323,57.01628427828338,57.37948226928711,10585000
2014-12-29,57.45336776824633,57.77963171538292,57.18250500612188,57.293312072753906,9892100
2014-12-30,57.108625226812066,57.49029500988189,56.94857424708582,57.26252365112305,8743400
2014-12-31,56.8931654793206,57.33023641854771,56.67155138385235,56.9116325378418,11337200
2015-01-02,56.788504391730235,57.280981105206074,56.517641729657925,57.14554977416992,10220400
2015-01-05,56.696174143324775,56.88085411669925,55.095631594971,55.58195114135742,18502400
2015-01-06,55.55117015086084,56.27141829713396,54.8001451397804,55.28646469116211,16670700
2015-01-07,55.80355399632668,56.31449774940634,55.403417265642524,55.84664535522461,13590700
2015-01-08,56.17290045447962,56.80080368620425,56.019002097070086,56.77618408203125,15487500
2015-01-09,56.81926940953697,57.114751594333605,56.24676739281328,56.69614791870117,14488400
2015-01-12,56.16675122685714,56.22830963929168,55.2926095591115,55.606563568115234,15176300
2015-01-13,55.94514012779821,56.28371845890781,54.85554161091051,55.403419494628906,17469000
2015-01-14,54.75704675241504,55.33570621725366,53.71669680179604,55.24336624145508,23272100
2015-01-15,55.66812983182727,55.80971842734122,54.486191238605784,54.763206481933594,18759600
2015-01-16,54.77551801225062,56.135979240522275,54.77551801225062,56.09288787841797,17713100
2015-01-20,56.10520248878299,56.49918203222593,55.637350019717026,56.07442092895508,16761000
2015-01-21,56.474554331071566,56.62845272775273,56.02517364286211,56.55458450317383,14276400
2015-01-22,56.82543806956397,57.23173205958467,56.216001781138914,57.17017364501953,13559000
2015-01-23,56.80696467846274,56.93008619046572,55.88973172291647,55.951290130615234,14706300
2015-01-26,55.778936235686224,56.597676847407065,55.69275350777944,56.48686981201172,10672500
2015-01-27,56.166765833136786,56.38837993281698,55.77278625517355,55.988243103027344,12301500
2015-01-28,55.94513820170076,55.97591975678044,54.061423506650456,54.141448974609375,17829700
2015-01-29,54.30766818826451,54.3322924958776,52.95951670023813,53.91368865966797,22683000
2015-01-30,53.655146019850264,54.43079065509574,53.09495353112159,53.8151969909668,22679900
2015-02-02,54.079895602241386,55.15102712705865,53.86443878641699,55.144874572753906,20306300
2015-02-03,55.95743263949234,56.83773125784326,55.90202679953521,56.788482666015625,21900900
2015-02-04,56.41298061793643,56.80080278165455,55.71736174430088,56.30217361450195,19632200
2015-02-05,56.87468348433543,56.96702344929798,56.44992246347113,56.85621643066406,12809000
2015-02-06,57.12290966261943,57.23455071953746,56.41585121279082,56.75077438354492,12331200
2015-02-09,56.688749080705975,57.240750735404816,56.58951048878162,56.78798294067383,11360700
2015-02-10,56.899639713766064,56.899639713766064,56.006515799431234,56.446876525878906,12952900
2015-02-11,55.83284069859888,56.33522786047922,55.690191117440115,56.19257354736328,12240600
2015-02-12,56.72598475022697,57.47026030295633,56.453083241030356,57.2903938293457,14843000
2015-02-13,57.495046841127525,57.96021713832745,57.23455261036524,57.91060256958008,12061000
2015-02-17,57.526065286461005,57.72453777525998,57.24076137955981,57.712135314941406,11758700
2015-02-18,57.05469650752755,57.05469650752755,56.06233397384562,56.446876525878906,19177900
2015-02-19,55.59716518885398,56.080941642166636,54.939725878655544,55.473121643066406,19350600
2015-02-20,55.448323565595565,55.783246887506365,55.10719664551264,55.77083969116211,15959900
2015-02-23,55.36148151402283,55.54134797088795,55.03896071827916,55.206424713134766,12771800
2015-02-24,55.404898069731736,55.68399842278223,55.2808497879641,55.460716247558594,9990700
2015-02-25,55.55373967825124,55.634367495599406,55.249829732292795,55.57234573364258,9925700
2015-02-26,55.28084542692636,55.311858677911204,54.62960974386436,54.98313903808594,13984000
2015-02-27,55.13200705566517,55.37389533611786,54.79088013094522,54.9149284362793,13090600
2015-03-02,54.79086266402763,54.902503737258456,54.17683912723684,54.60479736328125,13793700
2015-03-03,54.53658351280863,54.59240169522857,54.04039980882514,54.34431457519531,13493800
2015-03-04,54.55519532198834,54.55519532198834,53.91636192986897,54.07141876220703,13467600
2015-03-05,54.003187637729496,54.07761661284637,53.6620607500586,53.79851150512695,12527600
2015-03-06,53.59384291116514,53.71168287965663,52.91779269800164,53.11006164550781,16070500
2015-03-09,53.41397536363979,53.57523105035501,52.793748080080405,52.81855773925781,14503800
2015-03-10,52.607663498399326,53.04802418048488,52.24793063744245,52.260337829589844,17195500
2015-03-11,52.67588195327209,52.67588195327209,52.09907062493207,52.111473083496094,13004700
2015-03-12,52.36577033732947,52.545636750751584,52.136284623937755,52.23552322387695,10792900
2015-03-13,52.03705011554969,52.210712931349164,51.280372362174695,52.0184440612793,16799900
2015-03-16,51.9192132548526,52.63247541132762,51.646311799376846,52.57045364379883,13516200
2015-03-17,52.43400463968843,52.62627354493529,52.11148386680461,52.14870071411133,12979700
2015-03-18,51.81376481200839,53.56900838017749,51.74553946257733,53.382938385009766,18745700
2015-03-19,52.837166286816476,53.02943523954002,52.303770419300655,52.353389739990234,12738500
2015-03-20,52.5146335662346,52.9674014842756,52.34097071502691,52.43400573730469,36083500
2015-03-23,52.73170468484474,53.203078594394576,52.72550582100385,52.986000061035156,17450700
2015-03-24,52.90537382803777,53.20308018785942,52.40919025239197,52.421592712402344,10174300
2015-03-25,52.75030618748609,53.07282213285913,52.576638659409205,52.63246154785156,11934700
2015-03-26,52.90538257487028,53.072841838461294,52.154903491341265,52.29755783081055,14400700
2015-03-27,52.12389264887412,52.1300962456073,51.68353191997491,51.83858871459961,11579300
2015-03-30,52.26655214450971,53.22790634595804,52.2541496806533,53.11006164550781,15653200
2015-03-31,52.626279544259205,52.930189562156144,52.384391303000264,52.71931457519531,13354000
2015-04-01,53.1534606202508,53.33953064318434,52.26033681325864,52.38438034057617,14522300
2015-04-02,52.154896760007915,52.6820936027346,52.00604357469885,52.28514862060547,11297400
2015-04-06,52.81234157982396,53.1162515515333,52.22312296141561,52.79993438720703,10916400
2015-04-07,52.72551198812804,53.44497303026606,52.57045519874097,53.184478759765625,11836100
2015-04-08,53.215497914170996,53.277519690415005,52.111489476411535,52.13629913330078,16257100
2015-04-09,52.09907920014384,52.55184708953973,51.981234530583784,52.502227783203125,13281800
2015-04-10,52.94879138108339,53.36434241929175,52.576651320402675,53.06663131713867,13372400
2015-04-13,53.2899162980785,53.494592395958975,52.86816164121466,52.93018341064453,9880500
2015-04-14,53.09142217131791,54.25745178226134,53.04800647720549,53.730255126953125,15693800
2015-04-15,54.04659689682795,54.90871231139485,54.04659689682795,54.62961196899414,15332800
2015-04-16,54.50558602552738,54.679253684535354,54.02801297614508,54.41255569458008,9570800
2015-04-17,54.046579344491114,54.183030038935684,53.43875954627347,53.91633224487305,14430100
2015-04-20,54.040390509387876,54.64201160905253,54.00938199069901,54.10861587524414,11593600
2015-04-21,54.19545526852624,54.344313215171056,53.76750168480793,53.88534164428711,10100500
2015-04-22,53.984569524922115,54.455943464844765,53.55040769827108,54.24506378173828,8663600
2015-04-23,54.18304048046312,54.8156700479434,54.152027232310516,54.294681549072266,9866100
2015-04-24,54.0776052062673,54.18304268314076,53.74888558309857,53.94115447998047,8405700
2015-04-27,54.214037914490824,54.33187781279099,53.8108894658911,53.965946197509766,10534600
2015-04-28,54.09621876818409,54.493163809566504,53.984577679547904,54.45595169067383,9633800
2015-04-29,54.26988858583746,54.62341795648971,53.93496527701553,54.49937438964844,12534100
2015-04-30,54.99554732015267,54.99554732015267,54.09621972989837,54.18925476074219,13947700
2015-05-01,54.48695062485596,55.169199498935434,54.39391561203664,55.107177734375,12257100
2015-05-04,55.46072062765075,55.74602460031146,55.169213057422205,55.26845169067383,10343700
2015-05-05,55.80186079074452,55.876285051431594,54.90252820777899,54.958351135253906,11895000
2015-05-06,55.603368966261414,55.795637882443785,54.449746005251264,54.697837829589844,11273500
2015-05-07,54.579997207780906,54.64201898548899,53.9101506518336,54.331905364990234,9992500
2015-05-08,54.871495658518775,55.24363099494453,54.46834707240857,55.19401168823242,11390300
2015-05-11,55.36288035864653,55.38789522288591,54.18721036598069,54.26850509643555,11997800
2015-05-12,54.33728438665774,54.693737784465704,54.0433657519378,54.4185791015625,9788900
2015-05-13,54.581174533603296,54.86258813049185,54.03086192648063,54.130916595458984,8629400
2015-05-14,54.36227229284062,54.61866612570826,54.24970786665394,54.38728713989258,8791300
2015-05-15,54.28099543991698,54.79378804510785,54.155921163592495,54.62493896484375,8422200
2015-05-18,54.59993101877099,54.69373554511063,54.26849249398782,54.3122673034668,6395400
2015-05-19,54.074623418371324,54.53738628698287,53.91202925385004,54.39980697631836,9777100
2015-05-20,54.649952262300864,54.65620716871274,54.349783549870075,54.48735809326172,7276600
2015-05-21,54.58115883286959,54.6812182441617,54.3810447813807,54.537384033203125,8357400
2015-05-22,54.39982227710514,54.46861195178555,54.09339858059042,54.10590362548828,7598400
2015-05-26,53.80572352672966,54.01209250739105,53.174111542476226,53.37422561645508,11289000
2015-05-27,53.34295188987326,53.71191021509401,53.011508685316805,53.2241325378418,10778300
2015-05-28,53.2241325378418,53.511796173885536,53.04277844251301,53.2241325378418,8038900
2015-05-29,53.21787983541257,53.51805329520005,53.080300531805605,53.28041458129883,14631300
2015-06-01,53.31168930958951,53.44926862602183,53.030280541320295,53.23664474487305,9077500
2015-06-02,53.23038817860002,53.52430195326581,53.09906378453356,53.24289321899414,9328300
2015-06-03,53.299173161719146,53.68063649902896,53.067789380378684,53.12406921386719,8179500
2015-06-04,52.96773306368417,53.08655241386673,52.39240580054919,52.667564392089844,12607300
2015-06-05,52.61128125274236,53.15534354544885,52.51748152218533,52.70508575439453,11388500
2015-06-08,52.64254309641039,53.286659928577386,52.48620387419144,53.06153106689453,12244700
2015-06-09,53.33670312627685,53.42425273119401,52.83641558009682,52.8927001953125,8105500
2015-06-10,53.680651572540306,53.76195104964555,53.15535389476521,53.286678314208984,10147000
2015-06-11,53.3429686088065,53.593107660395205,53.08656987850252,53.211639404296875,7759300
2015-06-12,52.89269890979189,52.955233658770624,52.4424410833922,52.54249572753906,8347300
2015-06-15,52.23608097712895,52.51749455190487,52.02346184032149,52.35490036010742,9563900
2015-06-16,52.41116840774106,52.999005511850115,52.154774519862706,52.955230712890625,9100100
2015-06-17,53.17413081787735,53.23666559408385,52.78641234273842,52.98652648925781,9090200
2015-06-18,53.03028144612274,53.75569316637596,52.980251735458154,53.45552444458008,10247800
2015-06-19,53.10532418133061,53.455527404276744,53.10532418133061,53.286678314208984,16129600
2015-06-22,53.39924085095807,53.5305652656482,53.13659202157781,53.261661529541016,9465100
2015-06-23,53.29292789310594,53.330447788882736,52.898949903067205,53.19912338256836,10223900
2015-06-24,53.08655510976909,53.367963850066474,52.94272567222874,52.955230712890625,11800100
2015-06-25,53.06153712780413,53.06153712780413,52.486209869384766,52.486209869384766,10259400
2015-06-26,52.42366864575272,52.59251290487733,52.21104482456851,52.44242858886719,19023300
2015-06-29,51.93589887080225,52.1860378448346,51.77955962648447,51.79206466674805,11739200
2015-06-30,52.367394590253234,53.0928110107151,51.779562246222255,52.029701232910156,14981100
2015-07-01,52.07973451507536,52.23607377803901,51.34806790946844,51.51066207885742,13529100
2015-07-02,51.77331727380304,52.07974093105496,51.623232898775036,51.992191314697266,9188000
2015-07-06,51.541916685811536,51.942144736685954,51.354312470704926,51.6107063293457,11694400
2015-07-07,51.39811729422435,52.048489449651434,50.96036432769395,51.823360443115234,15641500
2015-07-08,51.435623982918045,51.89213678745914,51.22300484867718,51.26052474975586,10057000
2015-07-09,51.823331197117014,51.99843037647464,51.01662017413813,51.02912521362305,11980500
2015-07-10,51.33555158377316,51.58569532699887,51.10417255744281,51.41685104370117,8628700
2015-07-13,51.348075778009864,51.6607543518518,51.32306091957094,51.541934967041016,8026700
2015-07-14,51.51692161777712,52.104758880571346,51.441881811358485,51.97343444824219,9310200
2015-07-15,51.660727382949275,52.167264881390146,51.52940302302364,51.75453186035156,9289200
2015-07-16,52.01721012203116,52.20481918338344,51.77957611260201,51.848365783691406,8267600
2015-07-17,51.59820515562793,51.804569330595655,51.14794737188914,51.66073989868164,12156000
2015-07-20,51.37308121346921,51.53567537795058,51.02913293689238,51.12919235229492,12957100
2015-07-21,51.23550614833,51.548184690728924,50.92282760593109,51.0666618347168,8677100
2015-07-22,51.49813608692496,51.573180627165335,51.016613407558175,51.1479377746582,13181500
2015-07-23,51.110414262890714,51.26049856162614,50.63514175061905,50.741451263427734,10496100
2015-07-24,50.75397943973682,50.75397943973682,49.85346377923267,49.99104309082031,14888500
2015-07-27,49.54704739204905,50.109864990841494,49.38445320272648,49.5658073425293,14996100
2015-07-28,49.84094481816998,51.69825564149526,49.75965013583359,51.57944107055664,19777300
2015-07-29,51.39184904348899,52.0297112156802,51.223004717969516,51.992191314697266,13913800
2015-07-30,52.01720969000505,52.104759312283214,51.541936903997474,51.9109001159668,11139900
2015-07-31,51.0729123209774,51.0729123209774,49.35943523277565,49.5345344543457,26232700
2015-08-03,49.21558523535766,49.35941941904928,48.54645355525021,48.81535720825195,15767700
2015-08-04,48.70281497149113,49.1593278075871,48.108727564898544,48.258811950683594,18874400
2015-08-05,48.69656483494351,48.92169379916938,48.08996761306249,48.258811950683594,16544400
2015-08-06,48.11497254892342,48.94044365713429,48.09621260095657,48.834129333496094,13005200
2015-08-07,48.49643083948255,48.75907959965567,47.914848715616564,48.046173095703125,12187600
2015-08-10,48.20876566244526,49.24686050415039,48.20876566244526,49.24686050415039,14876000
2015-08-11,48.60935333524397,49.27843260327244,48.18013149151658,48.912330627441406,14486400
2015-08-12,48.880768535804805,49.78339652805359,48.57778645616924,49.7328987121582,16492400
2015-08-13,49.43621996967247,50.04849261911554,49.40465763724798,49.6445198059082,13154100
2015-08-14,49.638235869319665,50.042208922551545,49.392064940498315,49.46149826049805,9129300
2015-08-17,49.19005189420145,49.979062090877505,48.88706985975398,49.72026443481445,9365400
2015-08-18,49.56878296739372,49.65715173689484,48.969137057816575,49.17112350463867,9815300
2015-08-19,48.92495789749022,48.96914228695899,47.92764760292406,48.11701202392578,17010100
2015-08-20,47.97182270297878,48.08544037043107,47.069194793701165,47.06919479370117,17811200
2015-08-21,46.772529931247675,47.27118502204529,45.49117796606215,45.529048919677734,25488800
2015-08-24,42.915852312770284,45.055648131532315,42.00691560700254,43.37663650512695,35531200
2015-08-25,45.01145197634191,45.093512118534406,43.04839422971654,43.37031173706055,30409700
2015-08-26,44.5822350206536,45.92039818599306,43.64804954818401,45.762596130371094,34436000
2015-08-27,46.583156518420154,47.27117098878344,46.08450157565686,47.24592208862305,24571000
2015-08-28,47.157587395677275,47.95922490344574,46.9682277313517,47.384822845458984,18997300
2015-08-31,46.88614428309632,47.687781393184004,46.267562944467905,47.492103576660156,19570100
2015-09-01,46.26756085352203,46.2991183726255,45.137697649716394,45.49748611450195,24092900
2015-09-02,46.1160643711793,46.229682027047154,45.446985295366325,46.22337341308594,16936900
2015-09-03,46.48216870358628,47.28380576681394,46.292804328532284,46.57685089111328,13451900
2015-09-04,46.03402295941271,46.16657612869309,45.604801109284075,45.73735427856445,14902500
2015-09-08,46.532657738822536,46.532657738822536,46.05925170618243,46.39379119873047,13626900
2015-09-09,46.94296009338359,47.13863311321256,45.35231257921866,45.44699478149414,17246200
2015-09-10,45.958281419038656,46.065590505495955,45.32076441130226,45.775230407714844,12353900
2015-09-11,45.69949443602194,45.90148095487472,45.453323516661946,45.882545471191406,12172300
2015-09-14,45.642665133454365,45.813094050735835,45.29550349971875,45.756282806396484,10738500
2015-09-15,45.72471993512233,46.273867943648405,45.705784461136744,45.98982620239258,11979800
2015-09-16,46.40011434199354,47.15124879634161,46.31174558265848,46.89876937866211,15214200
2015-09-17,46.968202155071864,47.637281273008604,46.61472230581987,46.999759674072266,15603000
2015-09-18,46.24233037328754,46.4316900105641,45.52275315701281,45.87622833251953,23180200
2015-09-21,46.14131277514808,46.4632302659143,45.90776885197727,46.324363708496094,10853000
2015-09-22,45.667910769034776,46.406423182389425,45.45961091427232,45.91408157348633,14245200
2015-09-23,45.996152537031165,46.20444762504814,45.6300505514758,45.6363639831543,13784800
2015-09-24,45.446999313008355,46.17288984851637,45.27026175286463,45.90778350830078,14584200
2015-09-25,46.261244359796606,46.412732962375124,45.92670482189012,46.22337341308594,15175300
2015-09-28,45.838337156324485,46.36854968579345,45.69947059411043,45.82571029663086,14571900
2015-09-29,45.85727869652398,46.19813171730326,45.53536115205411,46.05926513671875,13754400
2015-09-30,46.33069380761673,46.93033981323242,46.28650941578965,46.93033981323242,18176500
2015-10-01,47.46686099348673,47.70672322329137,46.26756910741166,46.747283935546875,14397800
2015-10-02,46.32436914198506,47.908703063131156,46.09713380605429,47.89607620239258,18811300
2015-10-05,48.382110082066916,48.69771418590853,47.83927063820042,48.48310089111328,18486700
2015-10-06,48.57778254670183,49.58771470464791,48.13593873251805,49.1648063659668,18757900
2015-10-07,49.846520191951655,50.04850665520236,48.9375786994549,49.991695404052734,18666300
2015-10-08,50.06111622009609,50.56608466018325,49.575088069494356,50.515586853027344,14344700
2015-10-09,50.52821511319139,50.60395701028867,49.625587252138935,50.02956008911133,17384700
2015-10-12,50.237871015487194,50.237871015487194,49.68872282485508,50.05482482910156,9931800
2015-10-13,49.68870517293648,50.212609080923556,49.543525182918216,49.96643829345703,12326600
2015-10-14,49.84652064034998,50.799646529764956,49.72658952130638,50.597660064697266,14486000
2015-10-15,50.61659550623002,51.462412323163015,50.43354451993768,51.43085479736328,13640900
2015-10-16,51.9231756944013,52.07466427844181,51.41189389769481,52.062042236328125,14304400
2015-10-19,51.76537885837467,51.866369652589775,50.976368714642675,51.121543884277344,14155800
2015-10-20,50.84381988694403,51.165732585472874,50.62289317543237,51.02055740356445,12340100
2015-10-21,51.039490046197386,51.22254098275094,50.56608394620105,50.62920379638672,10274900
2015-10-22,50.925880746629,52.36503475626878,50.91325870081491,52.32085037231445,14823500
2015-10-23,52.01786657214429,52.39027707352326,51.68963563342569,52.377655029296875,13215700
2015-10-26,52.087302916325825,52.21986088729833,51.23517273796098,51.2667350769043,12576400
2015-10-27,50.856450937281174,51.22886632673992,50.32623829352744,51.18467712402344,13579400
2015-10-28,51.32354490211586,52.12518213321474,51.08368748379011,51.93581771850586,12473000
2015-10-29,51.62652933944286,52.5291574343712,51.62652933944286,51.90426254272461,10341200
2015-10-30,52.05575688327782,52.94575821223336,51.29199530648661,52.22618103027344,18758600
2015-11-02,51.948439421262364,54.2397235698175,51.81588145469063,53.829437255859375,21266500
2015-11-03,54.069288753640045,55.19283841350892,54.01879094930678,54.8204231262207,20115900
2015-11-04,54.76992472789241,54.96560251362771,54.09453225340079,54.27127456665039,14245400
2015-11-05,53.99985426138739,54.429075957089445,53.337083837701606,53.53275680541992,12291100
2015-11-06,52.97730798192776,53.31816101074218,52.529150707672684,53.31816101074219,12491700
2015-11-09,53.20356416119883,53.22903318151891,52.08295641342882,52.17845916748047,13551200
2015-11-10,52.16572619351626,52.59868981611088,52.12115662314853,52.433143615722656,14238000
2015-11-11,52.47770374559128,52.566842870291026,51.828260857390575,51.96833801269531,9598000
2015-11-12,51.29976946543248,51.75183337870137,50.5038812679064,50.561187744140625,16050600
2015-11-13,50.478426871925976,50.66944203770151,49.62523680895483,49.727108001708984,17527300
2015-11-16,49.62524330772159,51.567208411405055,49.60614276018618,51.50990676879883,14548100
2015-11-17,51.38893298685857,51.49717266733083,50.7012840914142,50.911399841308594,10011700
2015-11-18,50.86681690174177,51.5098960621687,50.67580175065509,51.40802001953125,10884600
2015-11-19,51.26158495922458,51.433494728073356,50.9623301229715,51.12787628173828,9453300
2015-11-20,51.29978377354057,51.53536849449339,50.71401106263438,50.80315017700195,10144400
2015-11-23,50.68219440862388,51.388944004175926,50.338369887188875,51.11515808105469,11868400
2015-11-24,51.15969885631076,52.43312013391758,51.064191288946915,52.13386535644531,15055500
2015-11-25,51.76459505456571,52.31853039589639,51.63724996745873,51.732757568359375,8980400
2015-11-27,51.30615351949167,51.73911702480155,51.22974648053669,51.72001647949219,4156600
2015-11-30,51.840994649472584,52.62415110832336,51.73275497414826,51.99380874633789,17729200
2015-12-01,52.057476689238634,52.29305657775218,51.745484897757464,52.1402473449707,13917000
2015-12-02,51.77094453357423,51.98106022665612,50.5675617207846,50.65033721923828,16300000
2015-12-03,50.758585282821706,50.84135593727617,49.67617401822238,49.924495697021484,14870300
2015-12-04,49.24957913119687,50.287420838293606,49.04583187065262,50.21101379394531,20156400
2015-12-07,49.236839437595634,49.34507909039342,48.23083536899744,48.899383544921875,17676100
2015-12-08,47.92522143566545,48.61287028929388,46.98289213940552,47.51772689819336,24217600
2015-12-09,47.651435883361934,49.14771021054932,47.581402161606654,48.15443801879883,22036300
2015-12-10,48.26269224955361,49.34509892811496,48.084409101974465,48.19265365600586,20142400
2015-12-11,47.638699785124565,48.097132318376396,47.33307647705078,47.33307647705078,20473100
2015-12-14,47.30761174997495,48.53009525207999,47.17389821462562,48.40911865234375,21976500
2015-12-15,49.30051492726213,50.682176127037025,49.236844822048646,50.573936462402344,24366800
2015-12-16,50.325618014921105,50.688542946323906,49.66343825525823,50.39565658569336,17233900
2015-12-17,50.312874084680274,50.4465875977226,49.63159387456448,49.637962341308594,17362900
2015-12-18,49.38965234491338,50.16007176421055,49.06492850447656,49.20500564575195,28836000
2015-12-21,49.529724253887224,49.72710300971472,48.803874469154586,49.19226837158203,14460500
2015-12-22,49.47242252713682,49.59976758969579,49.16043562487287,49.440589904785156,13855800
2015-12-23,50.09640381257678,51.07693898589605,49.86718754568564,51.057838439941406,15184200
2015-12-24,51.10877015667939,51.10877015667939,50.376556674743476,50.5102653503418,5848300
2015-12-28,49.73984404878206,50.21100862950705,49.60613537821351,50.13460159301758,9715800
2015-12-29,50.93047796115492,50.98778443939786,50.19825982222184,50.40201187133789,8839000
2015-12-30,49.867183399728994,50.293778416307966,49.644335619256196,49.73347473144531,9314600
2015-12-31,49.35146897433462,49.94361037469656,49.300530930541946,49.63161849975586,10285500
2016-01-04,49.34509869014937,49.625253062989344,48.68291871834882,49.31962966918945,20400100
2016-01-05,49.14769654863158,49.75256972206845,48.97578195308772,49.739837646484375,11993500
2016-01-06,48.79751761486251,49.43422844476178,48.765680130280295,49.32598876953125,18826900
2016-01-07,48.42821636096538,49.657068258886866,48.32634517061671,48.536460876464844,21263800
2016-01-08,48.61286849073581,48.80388367336041,47.434954485131826,47.555931091308594,19033600
2016-01-11,47.75967025852967,47.82970882310784,46.19972615204496,46.919212341308594,21353000
2016-01-12,47.1930018439428,48.020722892125534,46.57539164830124,47.880645751953125,21864100
2016-01-13,48.29450786640144,49.06492726625602,47.71510362850504,48.16716766357422,26052700
2016-01-14,48.523725778318585,50.885922082942905,48.26267689627356,50.376556396484375,33806700
2016-01-15,48.600141839080095,49.77168750735873,48.581041290228356,49.39603042602539,28342100
2016-01-19,49.61887348554657,49.816252281651494,47.87428723095088,48.64470672607422,22684500
2016-01-20,47.79787290711315,48.21173584103737,45.556653340539036,46.59449005126953,33300800
2016-01-21,46.581762510279695,47.74693953365198,46.23156964184794,47.180267333984375,22265600
2016-01-22,48.65744116356709,48.88028898573317,47.5750346800643,48.75294876098633,22530300
2016-01-25,48.23085426062683,48.60651138784935,47.05293997960087,47.103878021240234,17086600
2016-01-26,47.60685677609509,48.88027817273788,47.2757693503635,48.83570861816406,18724700
2016-01-27,48.39001800796501,49.325983607195994,47.575029008223574,47.93795394897461,18106100
2016-01-28,49.24957529678763,49.446958931556956,48.14806842507048,49.02035903930664,16157700
2016-01-29,48.85481166076161,49.56792449951172,48.54918840292808,49.56792449951172,25161900
2016-02-01,48.810245969300354,48.89301661385487,48.03345811617377,48.57466125488281,16754200
2016-02-02,47.23757573113129,48.148072367987865,46.830081208398624,47.49225616455078,21404200
2016-02-03,48.090763140163574,50.00089542868728,47.28214260875096,49.96906280517578,25873700
2016-02-04,50.03272495425203,50.93685292786968,49.38327735910026,50.82861328125,23658700
2016-02-05,50.55482572507903,51.00052122944167,50.02635472867999,50.987789154052734,26719900
2016-02-08,50.49117811064993,52.070218478543715,50.242861239426965,51.67546081542969,26601200
2016-02-09,51.38631736225016,51.82963182711841,50.55750523846154,51.450565338134766,18418100
2016-02-10,51.25138892751483,52.330771560864754,50.93657042248125,50.981544494628906,16610900
2016-02-11,50.33263545762677,51.49554502569072,49.844346866223425,51.142173767089844,19331600
2016-02-12,51.45058784232738,52.08665141486639,51.27711283957497,52.060951232910156,16767200
2016-02-16,52.49139855073421,52.58777297144705,51.57906449184016,52.183006286621094,15912200
2016-02-17,52.459265107580705,53.185276428830996,52.14444664637729,52.68413543701172,17006700
2016-02-18,53.2624128814404,53.36520871493854,52.59422280737144,52.973289489746094,14873700
2016-02-19,52.80624276888133,53.03753950890422,51.983856538492674,53.00541305541992,13615900
2016-02-22,53.00540097519942,53.609342870040685,52.81265210183934,52.93472671508789,14595200
2016-02-23,52.677730334769734,52.921879563508014,51.96456635932136,52.1894416809082,11041600
2016-02-24,51.34136267761886,52.53638920542292,51.187161595095326,52.37576675415039,13777500
2016-02-25,52.40146275974686,52.72913390674356,51.412027950519374,52.69058609008789,13706400
2016-02-26,53.25597846757304,53.37805309663356,52.48499267788416,52.52354049682617,14343300
2016-02-29,52.6070448430011,52.94114216832511,51.4312926415054,51.495540618896484,18903600
2016-03-01,51.75897563072021,52.536387684151094,51.60477945446986,52.2215690612793,15730600
2016-03-02,52.00954264051603,53.14675222856965,51.59834959788865,53.1338996887207,14094400
2016-03-03,53.108195528022186,53.14674333750482,52.38860537290263,52.94114685058594,13216200
2016-03-04,53.10818338525949,53.30735355779029,52.52994186619577,52.870460510253906,18402700
2016-03-07,52.883325132920724,54.26467895507813,52.819077143896344,54.264678955078125,18945600
2016-03-08,53.96914873294154,54.10407101655685,52.99256629361746,53.08893585205078,14003900
2016-03-09,53.467988154678515,53.872754859666884,52.83834615622304,52.94114685058594,14139300
2016-03-10,52.95400084575495,53.10820190581738,51.99669254811956,52.7998046875,15898300
2016-03-11,53.46799222718873,53.66716246042846,52.690580298631886,52.80622863769531,15370200
2016-03-14,52.35006658587675,53.095352141229,52.05451698954935,52.94758224487305,13344600
2016-03-15,52.427164049191035,53.23027625858982,52.375763691355615,53.211002349853516,9213000
2016-03-16,53.33949545398989,53.42944852623435,52.64561026802128,53.243125915527344,11492100
2016-03-17,53.76354930701199,54.40603913864368,53.14675965686258,54.03339385986328,13673900
2016-03-18,54.348203964633676,54.35463023444653,53.48727007840155,54.097633361816406,19637000
2016-03-21,53.866334462171444,54.05908333420777,53.64789031555054,53.72499084472656,8385400
2016-03-22,53.3780329668461,54.52166358105173,53.333058894438224,54.04622268676758,13005100
2016-03-23,53.879203180995866,54.1619003043934,53.660754066968074,53.808528900146484,12748900
2016-03-24,53.28810503998931,53.98841656201697,53.281678769548215,53.956295013427734,9368300
2016-03-28,53.98842187963209,54.20044470879844,53.77639905046574,54.110496520996094,7490400
2016-03-29,53.75710891889897,54.36105077060875,53.42944272011811,54.30965042114258,9977900
2016-03-30,54.63089758552796,54.643750124346916,53.969133988764426,54.303226470947266,10807000
2016-03-31,54.014116248992934,54.67587994595043,53.705718994140625,53.705718994140625,13896900
2016-04-01,52.94116019403737,53.57722371985074,52.93473392356827,53.30095291137695,12235300
2016-04-04,53.36519047086997,53.90488434310775,53.185294147393094,53.429443359375,8050200
2016-04-05,53.07607339304321,53.41016587322254,52.67772802276908,52.81907653808594,10446800
2016-04-06,53.12747358909409,53.62218848944965,52.876903004240226,53.525814056396484,9320200
2016-04-07,53.17245324049441,53.43587148983704,52.71628610485596,52.92188262939453,8267100
2016-04-08,53.519397365353775,53.615766905020386,53.23027404093081,53.461570739746094,9376200
2016-04-11,53.53866809082074,54.12333117121116,53.50654164496974,53.53224182128906,9925000
2016-04-12,53.76995584512291,54.37389273199182,53.56435937052372,54.19399642944336,9986100
2016-04-13,54.29038047860757,54.55380361249562,53.9948358003137,54.502403259277344,9235700
2016-04-14,54.611619122193645,55.189860775613546,54.45742298188397,54.88788986206055,10625800
2016-04-15,54.80438044028197,55.03567715426296,54.47028300817251,54.59235763549805,11280200
2016-04-18,54.592362507959756,55.16417807361273,53.879198393168565,55.11277770996094,9097000
2016-04-19,55.157748992491655,55.4532937157192,54.752982178425114,55.38904571533203,10354500
2016-04-20,55.401897011349256,56.179309072720706,55.234848292650426,55.76811599731445,15247100
2016-04-21,55.63318733617127,56.4362995559576,55.6203396974502,55.761688232421875,12075300
2016-04-22,56.0507837761407,56.3077805618602,55.78093935694791,56.23710632324219,9150800
2016-04-25,55.954411043416535,56.15358613175835,55.47897016177999,56.108612060546875,8076400
2016-04-26,56.37846923938252,56.50054384676975,55.93514979302444,56.301368713378906,9425900
2016-04-27,56.50697316327606,57.001693029897126,56.10863264407293,56.83464431762695,10463500
2016-04-28,56.44915041535435,57.04023981507974,56.217853710799574,56.558372497558594,11276200
2016-04-29,56.97600080711434,57.682738670597296,56.3720587719774,56.796104431152344,17885900
2016-05-02,56.69327942046503,57.48997003253185,56.59048363614427,57.26509475708008,10273700
2016-05-03,56.79610199697352,56.94387191297689,56.127911985031666,56.609779357910156,10137400
2016-05-04,56.731838354373885,57.01453046863327,56.28209265592209,56.50054168701172,10601100
2016-05-05,57.027397529679824,57.16231980303343,56.29495953044123,56.56480407714844,8721100
2016-05-06,56.192147930602275,56.97598613991957,56.192147930602275,56.866764068603516,7968400
2016-05-09,56.92459693883015,57.0273976626583,56.04438902464105,56.90532302856445,11159500
2016-05-10,57.117338383496666,57.82407611116042,57.065938028297346,57.817649841308594,12509100
2016-05-11,57.76583925908668,58.10273967704173,57.48076625258253,57.5390739440918,11660200
2016-05-12,58.180469782381145,58.264693624444014,57.75934068605915,58.09624099731445,10720500
2016-05-13,57.84356371441695,58.0897648451438,57.344691061055904,57.44187545776367,9721100
2016-05-16,57.791723728475176,58.096232491123246,57.662147845349786,58.03144454956055,8638700
2016-05-17,57.83709011092756,58.251743914265525,57.76582681765538,58.00554275512695,9835600
2016-05-18,58.180450037417664,58.31002589554023,57.43537649570755,57.88889694213867,9680300
2016-05-19,57.409490492637055,58.41372122111595,57.30582579728232,58.381324768066406,14397900
2016-05-20,58.5627307204262,58.56921099938017,57.90836095020255,58.1416015625,13191900
2016-05-23,57.662151628939625,58.245253027271154,57.54553134927332,58.05088424682617,11766100
2016-05-24,58.23877745542379,58.5692024316769,58.01849743325759,58.09624099731445,10056600
2016-05-25,58.2128633316735,58.54976859776957,58.04441069862547,58.47850036621094,9578400
2016-05-26,58.472021596623215,58.608077785017194,57.83708777444721,58.18047332763672,7867900
2016-05-27,57.92130022165188,58.34242922481041,57.86946789507794,58.31651306152344,7505900
2016-05-31,58.310047481027,58.439623387116576,57.48723009704981,57.675113677978516,13178800
2016-06-01,57.292860998456085,57.953706024899844,57.09849219732348,57.817649841308594,7994800
2016-06-02,57.15030733129275,57.35763168334961,56.761574789061456,57.35763168334961,9837500
2016-06-03,57.299349870733636,57.55202638430161,57.03371279887747,57.253997802734375,9367100
2016-06-06,57.5779385777079,57.986107161485954,57.461318276199265,57.882442474365234,8573000
2016-06-07,58.14808810743829,58.9061177075873,58.12217193183426,58.77006149291992,12889100
2016-06-08,58.97738006506186,59.15231299716842,58.65343531686927,58.8218879699707,9983000
2016-06-09,58.42666476722186,58.97736975427066,58.38131270812381,58.7441291809082,8974300
2016-06-10,58.569204808995806,58.90610513392587,58.16751158738333,58.29709243774414,10353800
2016-06-13,58.25822174663423,59.23653626044376,58.115685267972694,58.69230651855469,11370000
2016-06-14,58.6015901031277,58.87370738854157,58.212857479255234,58.5886344909668,10161000
2016-06-15,58.45906360880782,58.89314832696104,58.310046869663616,58.41371154785156,10655800
2016-06-16,58.115665593138665,59.21060004216685,57.73341329614235,59.100460052490234,12824800
2016-06-17,59.27540006995061,59.34018802162089,58.43314681222916,58.776527404785156,17483200
2016-06-20,59.145818865794205,59.34018270338562,59.003282419091775,59.03567886352539,9388500
2016-06-21,58.776534043305055,59.37259117479959,58.47202519875769,59.30132293701172,8557500
2016-06-22,59.50215412593402,59.56046673641849,58.96440973481803,59.06806945800781,8785400
2016-06-23,59.56046207817465,59.651166182497974,59.081025392036686,59.47623825073242,9464500
2016-06-24,58.23230132640501,58.82836337033134,57.75934480134874,57.91483688354492,20010500
2016-06-27,57.59737308033422,57.72694899310268,57.085539821791606,57.57145690917969,14169400
2016-06-28,58.13513682227502,58.91260237629789,57.99907565446585,58.8996467590332,13254300
2016-06-29,59.22358476824749,60.05935791857092,59.03569620993293,59.903865814208984,13920600
2016-06-30,59.819651549816356,60.791486008229036,59.80021565152901,60.73317337036133,14073700
2016-07-01,60.486936178765376,60.88862926271988,60.29904771738354,60.79792022705078,9946300
2016-07-05,60.33146694069738,60.642451106435736,59.76780134366585,60.26667404174805,10744100
2016-07-06,60.48045943511996,60.97933691692681,59.89088279835132,60.959896087646484,13144400
2016-07-07,61.12186857552522,61.21905295019979,59.83257037098369,60.227783203125,12240700
2016-07-08,60.5064036847441,60.759080209651415,60.20189481036737,60.60358810424805,9807600
2016-07-11,60.73963340064275,61.167242792425206,60.67484544694954,60.83033752441406,8335700
2016-07-12,61.335681622414974,61.51708984374999,60.959904625076256,61.51708984375,9870800
2016-07-13,61.32272893787681,61.49765689022736,60.972868090172184,61.47174072265625,9458200
2016-07-14,61.581882731086765,61.89286684108871,61.303290121749896,61.51708984375,9293500
2016-07-15,61.83458659508714,61.90585484835936,61.316272924562846,61.627262115478516,10334500
2016-07-18,61.49766072368135,61.64667746075328,61.16076041026337,61.4328727722168,9865900
2016-07-19,61.39400042558174,61.510620714347446,61.031179003308516,61.206111907958984,5901800
2016-07-20,61.06354837672104,61.17368833866635,60.772000255571285,60.856224060058594,7383800
2016-07-21,60.83033282456991,61.07005367201803,60.551740196509954,60.80441665649414,6854600
2016-07-22,60.97287282183849,61.08949311345676,60.72019634716622,60.908084869384766,7139700
2016-07-25,60.55822346585566,60.65540786518979,59.45033317665593,59.73540115356445,10845900
2016-07-26,59.36611089599948,59.625267674954976,59.029210543460444,59.30132293701172,12143500
2016-07-27,59.28837953604463,59.482743453047625,58.71823351628945,58.8996467590332,10037900
2016-07-28,58.65990976360845,58.78301033744381,58.05737239415737,58.43962478637695,12439200
2016-07-29,56.76160258164154,57.66864891963964,55.79624855811026,57.6297721862793,23928100
2016-08-01,57.06607260619635,57.11142464507247,55.452825202599804,55.62775802612305,22908400
2016-08-02,56.01003093069801,56.57369643059416,55.446370373805195,56.39228820800781,18919200
2016-08-03,56.37285756423884,56.68384170532227,56.107220540018105,56.683841705322266,14632900
2016-08-04,56.69032377743274,56.78750817822342,56.38581496169047,56.6773681640625,13451400
2016-08-05,56.83934341859685,56.904131374762535,56.463566352629975,56.72919845581055,9617300
2016-08-08,57.04664382917251,57.590868363466825,57.03368327759286,57.39649963378906,10492700
2016-08-09,57.41596511142316,57.50666923941401,57.130892170306645,57.46779251098633,9654600
2016-08-10,57.35670700178624,57.44818460584367,56.20016587325698,56.46153259277344,12714800
2016-08-11,56.644476131265776,57.02345256207643,56.363507838071534,56.66407775878906,11616000
2016-08-12,56.820912179606104,57.48739761887141,56.78170891323377,57.40245056152344,9986900
2016-08-15,57.774891565429634,57.82716590618894,57.265229205915226,57.37630844116211,6432600
2016-08-16,57.389368639609295,57.61806260563326,57.088798714955715,57.44817352294922,6817900
2016-08-17,57.448183977478415,57.61807309107921,57.278299849033104,57.57233428955078,7104600
2016-08-18,57.74874852241327,58.114663885361885,57.57886440995482,58.095062255859375,10342700
2016-08-19,57.91211546261652,57.98399144416962,57.36324976910866,57.36978530883789,8615300
2016-08-22,57.04960126132949,57.56579915947597,56.74903127984335,57.49392318725586,8235400
2016-08-23,57.39590759070817,57.51352235975287,57.21295239111759,57.317501068115234,6514800
2016-08-24,57.17375365965219,57.60500950870259,57.07574051349022,57.513526916503906,7985400
2016-08-25,57.51350857810161,57.52004411513671,57.00384636275394,57.14759826660156,6935300
2016-08-26,57.258720564523045,57.57236177125744,56.84707115426965,57.02349090576172,6474400
2016-08-29,56.873176139268125,57.44817887673689,56.873176139268125,57.395904541015625,7027200
2016-08-30,57.415519991573454,57.663815646727635,57.088812820770464,57.18682098388672,6441100
2016-08-31,56.938541412353516,56.9842802297797,56.33740124470732,56.938541412353516,12491400
2016-09-01,56.66409377292377,56.74250030517578,56.252439537977054,56.74250030517578,8434700
2016-09-02,57.121463775634766,57.22601243247054,56.801292238095286,57.121463775634766,7099600
2016-09-06,57.39591865387414,57.91865216930959,57.278308847315245,57.8729133605957,9851200
2016-09-07,57.92517840812604,57.93824450059358,57.480856486897544,57.65727615356445,7470400
2016-09-08,57.85982779070167,58.39562722035529,57.52658516215047,58.1865348815918,9579500
2016-09-09,57.931719219327725,57.931719219327725,56.71636811786239,56.74250030517578,12820200
2016-09-12,56.703290675571964,57.310966158108776,56.60527753610047,57.03653335571289,10889000
2016-09-13,56.49418542255661,56.50072095973923,55.59247571236978,55.67741775512695,13214300
2016-09-14,55.5663352792011,56.08253301286144,55.06320363398296,55.278831481933594,13957000
2016-09-15,55.32458888771735,55.96493711026898,55.22657574337758,55.592491149902344,9062600
2016-09-16,55.22004748045609,55.57289182362439,54.599300863988304,54.90640640258789,21538400
2016-09-19,55.265779384651296,55.29191655330653,54.76264761205963,54.775718688964844,7929100
2016-09-20,54.71038014427808,54.85412709910012,53.93281555175781,53.93281555175781,17522000
2016-09-21,54.115779371732046,54.638512875778936,53.78253663827324,54.429420471191406,15055900
2016-09-22,55.069748720971766,55.24617334903744,54.48167493601085,54.58622360229492,10738500
2016-09-23,54.024293238381134,55.08935672739149,53.965483360499135,54.52742004394531,12667100
2016-09-26,54.57315678379234,55.213504951850126,54.18764476339356,54.272586822509766,10860300
2016-09-27,53.965485087778035,54.45554581680685,53.76946378725983,54.39020538330078,9595000
2016-09-28,54.53395348687432,56.99732803629906,54.45554198109683,56.781700134277344,28117900
2016-09-29,56.82744819729061,56.97773070975323,55.984543067100304,56.494205474853516,19082900
2016-09-30,56.74249869017059,57.37631139533298,56.618353355919695,57.03000259399414,15961500
2016-10-03,56.80784661609074,56.97773076206044,56.54647987247182,56.879722595214844,7111200
2016-10-04,57.09533181731637,57.17374331709268,56.23936079833286,56.35697555541992,8222000
2016-10-05,56.73596666036066,56.95812513651433,56.651019608173726,56.8470458984375,8796200
2016-10-06,57.010392968159636,57.1541448999162,56.481129024106004,56.87317657470703,7718300
2016-10-07,56.81436712078656,57.10840652477993,56.468058365439894,56.67715072631836,6614900
2016-10-10,57.19989753583302,57.93825401784461,57.1802959013341,57.78797149658203,10060000
2016-10-11,57.55274516728971,57.624621154621686,57.0430827008677,57.33058166503906,9309000
2016-10-12,56.99079000610726,57.31749712149641,56.63141018511722,56.93198013305664,8172600
2016-10-13,56.42232339115421,56.7621016163312,55.82118343603239,56.559539794921875,9890300
2016-10-14,56.97119090799673,57.19988490189884,56.50726738175096,56.546470642089844,7991700
2016-10-17,56.50726738175096,56.70982420704209,56.23936514235478,56.546470642089844,7263100
2016-10-18,56.958128827196376,57.06267751815293,56.44193088219929,56.69676208496094,5429300
2016-10-19,56.97118569971157,57.40243647948003,56.76862390778338,56.95811462402344,9373400
2016-10-20,56.70984293456148,57.17376661401063,56.58569258894944,56.984275817871094,6866900
2016-10-21,56.46807662866887,56.729443410588466,55.99761741824494,56.59876251220703,10736200
2016-10-24,56.67716192147413,57.05614345828563,56.239375483341576,56.788246154785156,8354900
2016-10-25,56.631405056147244,57.27175313778337,56.58566626354142,56.66407775878906,6835900
2016-10-26,56.356991389007156,57.141086666443904,56.16096507706987,56.90585708618164,8488100
2016-10-27,57.02999117097148,57.278291760050585,56.71635514339915,56.794761657714844,9071100
2016-10-28,55.72316862461094,56.42885723868441,54.978276749251826,55.396461486816406,19072200
2016-10-31,54.808392425647185,55.14817067029765,54.226854068426384,54.442481994628906,16663800
2016-11-01,54.56010223023661,54.83453508094521,54.40981472523548,54.65811538696289,13050600
2016-11-02,54.42941188940093,54.8083883856684,54.19418234818367,54.52742004394531,11226100
2016-11-03,54.67771224203016,54.80839311613855,54.266063001948524,54.66464614868164,8836500
2016-11-04,54.64504204263806,55.1024350933527,54.076574730466085,54.605838775634766,13877100
2016-11-07,55.20695917023023,55.84730721947692,55.148154290634785,55.83423614501953,13576200
2016-11-08,55.85404156379112,56.579160861082386,55.6958298765538,56.23637390136719,9735200
2016-11-09,55.405772182511406,57.15924188916004,55.14868453766179,56.85601043701172,15901300
2016-11-10,56.63190057449002,58.003033385602755,56.4671004983626,57.38338851928711,14106100
2016-11-11,57.040595002769706,57.17243806613059,55.95950702970356,56.47368240356445,13812200
2016-11-14,56.229754807880894,56.46047377246311,55.59033008511287,56.21656799316406,12607500
2016-11-15,56.539588395660104,57.38995709856988,56.539588395660104,57.23175048828125,12883500
2016-11-16,57.17901584659547,57.20538445437903,56.41434633806307,56.52640914916992,8201200
2016-11-17,56.98126348772813,57.27130813844951,56.04519543747383,56.183631896972656,8200500
2016-11-18,56.17042420024762,56.46047377246311,55.91993004288639,56.21656799316406,8457800
2016-11-21,56.98127182552946,57.14607188978257,56.7835097367062,57.01422882080078,8861500
2016-11-22,57.14607018670034,57.50862729967285,56.671445211108484,57.13947677612305,9390200
2016-11-23,57.04716664677564,57.40313523808141,56.89554843908559,57.29766082763672,5996300
2016-11-25,57.1592299871328,57.44268618131561,57.047167196927134,57.42950439453125,5042300
2016-11-28,57.31745085226389,57.43610708006625,56.93511858872117,57.00103759765625,7449600
2016-11-29,56.308871654306756,56.74394613683701,56.08474603309856,56.62528991699219,9181100
2016-11-30,57.745944325029555,58.13487511087266,57.48226320350357,57.548187255859375,22696200
2016-12-01,57.99642526685085,58.339207095651915,57.50861358642578,57.50861358642578,13005600
2016-12-02,57.475658670373676,58.00301573593304,57.086727993824645,57.37677764892578,9706600
2016-12-05,57.6074899085087,57.890946121051066,57.29766509139296,57.66682052612305,11741100
2016-12-06,57.528390084731434,57.92391416521745,57.1526462317078,57.71955871582031,11293600
2016-12-07,57.76570974246281,58.10849665116202,57.48225346497233,58.05575942993164,11182600
2016-12-08,58.04256872940089,58.56992577285757,57.778887693023826,58.220550537109375,9086700
2016-12-09,58.431499348029234,58.668811798095696,58.12826789056606,58.6688117980957,8021700
2016-12-12,59.4202950417137,60.31680755637077,59.4202950417137,59.97402572631836,15545400
2016-12-13,60.5739054446005,61.45064290994569,60.099280500073824,61.02875518798828,18829300
2016-12-14,60.8177909339492,60.82437931258741,59.44006037476512,59.71033477783203,16325400
2016-12-15,59.393927065460765,59.97402636304319,59.16980144906578,59.914695739746094,11155100
2016-12-16,60.32999109904693,60.42887212016859,59.74989682005622,60.105865478515625,20560400
2016-12-19,60.23768974826465,60.34316415455076,59.459833604442345,59.6048583984375,9674400
2016-12-20,59.6642141235349,59.888339787288515,59.51918926849497,59.61147689819336,7221000
2016-12-21,59.77628872378383,59.921313607375325,59.446688544457565,59.51260757446289,7308000
2016-12-22,59.34119184231048,59.92129115935671,59.34119184231048,59.90151596069336,8003100
2016-12-23,59.91471491004702,59.960858729910015,59.67080898831454,59.796058654785156,4266500
2016-12-27,59.87513634567688,60.059711538334106,59.71033634804766,59.8223991394043,4960600
2016-12-28,59.7762816496112,60.05973797145838,59.499418738774146,59.525787353515625,6745900
2016-12-29,59.39394245808806,59.72354258829865,59.347798641030536,59.55874252319336,6684700
2016-12-30,59.34778286005723,59.78944571006658,59.33460107124544,59.4994010925293,9117800
2017-01-03,59.94765775594421,60.21133376833888,59.42688908165888,59.914695739746094,10360600
2017-01-04,60.06632305380685,60.08609825479622,59.163216984005004,59.2555046081543,9434200
2017-01-05,59.453268886916426,59.52578131277211,58.29966851286502,58.3721809387207,14443200
2017-01-06,58.53039828419724,58.65564795708617,57.890973155258166,58.339229583740234,16518100
2017-01-09,58.154633972726174,58.154633972726174,57.05377100620712,57.37677764892578,13762300
2017-01-10,57.46247590056762,57.554763519275326,56.63188733219821,56.64506912231445,13283100
2017-01-11,56.62530431846372,57.31746158584633,56.59893570409215,57.22517395019531,11183700
2017-01-12,57.528385217217306,57.600897623884585,56.737347181770716,56.91532897949219,10407000
2017-01-13,56.86918737884775,57.13946181948534,56.803268378225546,56.92192459106445,8415600
2017-01-17,57.073555051640355,57.60750560921026,56.85601777659394,57.587730407714844,13237300
2017-01-18,57.38996496825218,57.620689050295915,56.72417642022896,56.875789642333984,11831700
2017-01-19,56.671429641294544,56.75712383806121,55.76173034490651,55.85402297973633,16382900
2017-01-20,56.32206387141762,56.66484574532725,56.06497620866085,56.61870193481445,18739700
2017-01-23,56.480265205228584,56.61210321452739,55.86720890632357,56.01223373413086,11433900
2017-01-24,56.018812671966764,56.34181923181446,55.91993167588789,56.0913200378418,11858100
2017-01-25,56.25614929199219,56.61211804551123,56.19682368105518,56.25614929199219,9578500
2017-01-26,56.486862825160415,56.57915044440848,56.111118938422464,56.42753219604492,8779400
2017-01-27,56.229774596702725,56.52641265137558,56.05838115013943,56.36820602416992,10947900
2017-01-30,56.308874435456836,56.32864963485808,55.49146767465199,55.93972396850586,12789200
2017-01-31,56.0583817822204,56.07815698218183,54.79930707216338,55.30030059814453,19128100
2017-02-01,55.37282294580352,55.478297403573315,54.41039115049948,54.674072265625,15111800
2017-02-02,54.85204726867387,55.06299112854148,54.41697775801494,55.01025390625,12200100
2017-02-03,55.175049484866825,55.18823630402076,54.647692392561844,55.069580078125,12746300
2017-02-06,55.076168946924,55.14208794936516,54.667463084912775,54.9179573059082,9938200
2017-02-07,54.86523296728877,55.12232063408122,54.35105260440564,54.56199645996094,11705200
2017-02-08,54.542051992731565,54.62853489628585,53.99656513879313,54.202789306640625,14006300
2017-02-09,54.20277951744199,54.58195927334141,54.20277951744199,54.442256927490234,9603000
2017-02-10,54.721648130543,55.06091070320095,54.63516525590441,54.89460372924805,8739800
2017-02-13,55.06091212544973,55.33365800591496,54.781517620060626,55.21391677856445,9071600
2017-02-14,55.15406567462543,55.28045556579271,54.58861771435042,55.09419250488281,11370500
2017-02-15,54.97442173984432,55.3336453396671,54.85468053990339,55.320343017578125,11768500
2017-02-16,55.293762606751656,55.493327995576784,54.66179285391942,54.74827575683594,10615000
2017-02-17,54.60855561999826,54.67508246991666,54.17616154724518,54.389034271240234,15646000
2017-02-21,54.628525762383966,54.64848179054822,54.08303899965104,54.475521087646484,16419600
2017-02-22,54.315867593793854,54.34912594885364,53.7969905622217,53.8369026184082,12917400
2017-02-23,54.16284607798376,54.695030346329794,53.90340764286853,54.40232849121094,13847000
2017-02-24,54.282592278942325,54.41564089591282,53.72380331352363,53.936676025390625,11338700
2017-02-27,53.96995651391383,54.35579004848471,53.75708371471746,54.24270248413086,13465900
2017-02-28,54.23603744891749,54.5420417166161,53.91673085448713,54.09634017944336,16834200
2017-03-01,54.34911799335268,55.43344273037611,54.34911799335268,55.22721862792969,17482100
2017-03-02,55.080876320228306,56.04545481814107,55.07422261964446,55.413490295410156,14170300
2017-03-03,55.413503879683525,55.613069268542944,54.721666032671195,54.85470962524414,12190400
2017-03-06,54.841380203979405,55.14738437595862,54.76820474162729,55.1008186340332,9617200
2017-03-07,55.287090826925656,55.40683205118319,54.641818955942625,54.89460372924805,12711500
2017-03-08,54.78153180828741,54.8014878388,53.89012861014148,53.9034309387207,16817700
2017-03-09,53.64399372363092,54.362441291650676,53.424467231965835,54.32917785644531,14721800
2017-03-10,54.84140521017852,54.86136124077665,53.989914069408044,54.28926467895508,11355200
2017-03-13,54.21609941901532,54.50880145714895,53.9167487529521,54.162879943847656,9571400
2017-03-14,53.88346949716363,54.03647417454112,53.51094343090472,53.87681579589844,11335700
2017-03-15,54.116284053175704,54.588595213022124,53.916718745298915,54.548683166503906,11970300
2017-03-16,54.56864326596091,54.68173078973379,54.329160818391244,54.595252990722656,9923800
2017-03-17,54.56863918976301,54.72164382689232,54.42894195166357,54.548683166503906,18834100
2017-03-20,54.3624201823713,54.57529288927794,54.176157198238705,54.548683166503906,7700300
2017-03-21,54.65513436601549,54.78152423354826,54.28260323857007,54.43560791015625,13387700
2017-03-22,54.52207782050486,54.60855561999826,54.16950784719612,54.389034271240234,11168400
2017-03-23,54.30255792374943,54.69504506924425,54.189470385752514,54.455562591552734,8928000
2017-03-24,54.56864396737945,54.56864396737945,53.983245240954545,54.03646469116211,9128500
2017-03-27,53.76372593130343,54.1695154110944,53.74376990365581,54.049774169921875,8481200
2017-03-28,54.09634060161002,54.56199817015778,53.85685811627492,54.442256927490234,11028600
2017-03-29,54.34247508469018,54.734957155123176,54.24934357389975,54.56199645996094,8495500
2017-03-30,54.568647425545734,55.7926694814589,54.5087793467328,55.6795768737793,44704900
2017-03-31,55.3868901538856,55.42014851198775,54.45556984714032,54.555355072021484,21750400
2017-04-03,54.561989565948956,54.75490626400708,54.11628809558332,54.595252990722656,11438700
2017-04-04,54.615223530603615,54.8280963099869,54.10300014984263,54.794837951660156,9270900
2017-04-05,55.11414459951508,55.579807293814866,54.86135975994941,54.90127182006836,13809100
2017-04-06,55.04762794860099,55.353632280428755,54.85471118119672,55.22058868408203,9554900
2017-04-07,55.373562954331604,55.45339212075503,55.00103699492669,55.054256439208984,8909600
2017-04-10,55.29375115472436,55.526579931109126,55.160702514442576,55.30039978027344,8885300
2017-04-11,55.26713362656654,55.32700169977888,54.82808078853221,55.10747528076172,8576500
2017-04-12,55.12077138037471,55.446731554484806,55.01433250499228,55.193946838378906,9516100
2017-04-13,55.02766376858612,55.034317470004595,54.2626505146503,54.34247970581055,8667900
2017-04-17,54.448907870727524,54.52873705355818,54.17616704447433,54.2692985534668,9577200
2017-04-18,54.096342119483445,54.42895612786081,53.90342538559013,53.91673278808594,8821400
2017-04-19,53.99654845143321,54.222728580881785,53.41780341561408,53.544193267822266,10764400
2017-04-20,53.850208140816136,54.37573890469971,53.683901129787934,53.8901252746582,11649100
2017-04-21,53.836891732105066,53.88345748000227,53.530887520882565,53.67723846435547,9816700
2017-04-24,54.069729690011734,54.149558875139654,53.75707172570248,53.956642150878906,8729700
2017-04-25,54.16950538503451,54.502119318363896,54.06972018997853,54.369075775146484,10733800
2017-04-26,54.229394592014295,54.76823282520663,54.14291676274809,54.14957046508789,9445900
2017-04-27,53.93002825605651,54.083032913576055,53.843550451980626,54.05642318725586,12385300
2017-04-28,54.85472070782966,54.87467674321865,54.25601426971615,54.315887451171875,12072200
2017-05-01,54.22271648940409,54.68837389430205,54.202760468520616,54.58858871459961,8664100
2017-05-02,54.64183449165385,54.94118509976571,54.48218117234669,54.581966400146484,9102900
2017-05-03,54.528729754869936,55.26047940270292,54.48881770644015,55.01434326171875,10289000
2017-05-04,54.74162631209487,54.78819208063778,54.14957365121157,54.309226989746094,16164500
2017-05-05,54.30255795486093,54.70834742699924,54.289255628442305,54.56199645996094,10213000
2017-05-08,54.54869457183624,55.17401049955636,54.54869457183624,55.1407470703125,8097100
2017-05-09,55.187320221150436,55.21392995305387,54.655140808944054,54.754920959472656,8647100
2017-05-10,55.14440393867307,55.31228144139566,54.82879341384024,55.003387451171875,9520300
2017-05-11,55.45999756717841,55.54058059573632,55.13095916619094,55.47343063354492,10047300
2017-05-12,55.325703381198565,55.54058635642703,55.23169239973701,55.43314743041992,7480200
2017-05-15,55.735301621835994,55.85617356522147,55.50027426614537,55.60100173950195,10881500
2017-05-16,55.66817488407382,55.88977439318218,55.36599233804945,55.43314743041992,9574200
2017-05-17,55.43315511928687,55.762193600041684,55.036961536846825,55.057106018066406,11151100
2017-05-18,54.909374449450155,55.16455154691357,54.67434695695629,54.89594650268555,9905800
2017-05-19,55.063828317112765,55.12426176709786,54.85566182509898,55.016822814941406,13028500
2017-05-22,55.13767294667941,55.285405930053294,55.01680097148381,55.258544921875,9218700
2017-05-23,55.27869121997587,55.66145163351423,55.22496920184784,55.453285217285156,6857200
2017-05-24,55.345839356044365,55.42642238057925,55.0705229878404,55.258544921875,8136000
2017-05-25,55.285423560655424,55.54059553490375,54.741496937209526,54.89594650268555,12370900
2017-05-26,54.80190851153461,54.92949699741918,54.278131751058595,54.761619567871094,8227100
2017-05-30,54.58032939666792,54.62061835533209,54.41916843879677,54.45945739746094,8973600
2017-05-31,54.35201891484201,54.35873032586507,54.03640840746468,54.05655288696289,13572300
2017-06-01,53.96925492093184,54.32515436413389,53.84838292859773,54.19084930419922,9884100
2017-06-02,54.116972058392044,54.17741060416755,53.223867922398604,53.38502883911133,21687300
2017-06-05,53.34474939472301,53.982681765975265,53.3178883832831,53.80137634277344,11527100
2017-06-06,53.92223868603091,54.60717642396507,53.86851667276187,54.53330993652344,12208600
2017-06-07,54.42587819199736,54.66090562694681,53.94910166553926,54.33186721801758,13096500
2017-06-08,54.33188071106373,54.44603619021571,54.04984259586782,54.137142181396484,11720700
2017-06-09,54.49303847500382,55.15783195209772,54.18414448440246,55.15111541748047,13553900
2017-06-12,55.151098818847636,56.198657605623026,55.151098818847636,55.68830871582031,18172900
2017-06-13,55.63458764191737,55.91662053714949,55.44656571176263,55.70845413208008,12175500
2017-06-14,55.60774439134777,55.614460926201886,54.7683568471083,55.1108283996582,13714000
2017-06-15,54.91607253617967,55.33241047103115,54.78177262078932,55.238399505615234,11862600
2017-06-16,55.473423365809325,56.09792766647729,55.19810189671742,56.06435012817383,39726100
2017-06-19,56.06434550096101,56.06434550096101,55.43312984329952,55.57414627075195,10445700
2017-06-20,55.11082314172383,55.37942815489678,54.66762922472079,55.2719841003418,13232600
2017-06-21,55.090668094979556,55.48685644292281,54.48630821207046,54.68776321411133,11422300
2017-06-22,54.694465912904434,54.78176545738469,54.32513863226847,54.44601058959961,8139900
2017-06-23,54.29159179585455,54.855662956763005,54.23115834462272,54.80194091796875,10611200
2017-06-26,54.775062479320525,54.895934466560774,54.33186860824891,54.553462982177734,7718700
2017-06-27,54.69448601420623,54.88251311276821,54.4661750793457,54.4661750793457,9221600
2017-06-28,54.66762155649156,54.902648988845144,54.51988856380822,54.748199462890625,9189700
2017-06-29,54.64076485096263,54.956370214577184,53.99611593291878,54.19084930419922,20525100
2017-06-30,54.446025984418156,54.55346490841754,54.1908489338931,54.21099853515625,14000600
2017-07-03,54.251282278748256,55.39284699303175,54.2042767934122,55.130958557128906,8422300
2017-07-05,54.848934706410155,54.848934706410155,54.06998067991021,54.29158020019531,9830800
2017-07-06,54.29829224637669,54.446025247689185,53.78122674178293,53.80137634277344,9822400
2017-07-07,53.85510101886809,54.12370604883851,53.593212523531015,53.868534088134766,10777800
2017-07-10,53.720791583910206,53.99611309992043,53.69393057333258,53.8282356262207,6338300
2017-07-11,53.942389959914145,54.224422880308516,53.74765147967599,54.123695373535156,9681100
2017-07-12,54.51989372392223,54.74148811070657,54.22442771059075,54.36544418334961,7974000
2017-07-13,54.37214660644531,54.452724499559,54.210985697005015,54.37214660644531,5582300
2017-07-14,54.39229651724892,54.66761800814536,54.23784700131936,54.580318450927734,7497200
2017-07-17,54.39230122766637,54.68105068602575,54.27814577564878,54.29829025268555,7914700
2017-07-18,54.40572829392953,54.446022370567164,53.99611197995512,54.123695373535156,8046100
2017-07-19,54.016263775804475,54.30501326863263,53.90210318694534,54.29158020019531,9393200
2017-07-20,54.37215675062961,54.72133964009928,54.22442375474148,54.29829025268555,9681000
2017-07-21,54.15727577872769,54.28485917904969,53.72079330845368,53.80137634277344,12268600
2017-07-24,53.76107872272854,53.8685227614108,53.55962883501993,53.63349533081055,9403000
2017-07-25,54.23786224993798,54.42588935969283,53.90210723876953,53.90210723876953,11465300
2017-07-26,54.11025853295758,54.325141454575146,53.8550815413278,53.969242095947266,10465100
2017-07-27,53.88195134310749,54.31171725650149,53.653640443022965,54.27814483642578,11149700
2017-07-28,53.48575649430041,53.66706188574646,52.55906969318248,53.452178955078125,22800800
2017-07-31,53.60664129916252,53.98268523707289,53.45219175425538,53.747657775878906,12820200
2017-08-01,53.828230454424535,54.08340234557428,53.70064194724295,53.83494186401367,10421200
2017-08-02,53.65364050621119,54.15055638355564,53.58649054276689,54.123695373535156,10410100
2017-08-03,53.94910007133496,54.27142706060785,53.92224418517477,54.049827575683594,10136700
2017-08-04,54.01625448333015,54.096832387234095,53.754366049215065,53.8618049621582,8292200
2017-08-07,53.83494703645467,53.83494703645467,53.62678060849548,53.8282356262207,7893800
2017-08-08,53.73422435216396,53.868529417110786,53.60664094448246,53.69393539428711,9028400
2017-08-09,53.8886659711974,53.955815932188564,53.57305551900393,53.8618049621582,8087100
2017-08-10,54.07876427500331,54.092322370762034,53.502449507137634,53.543128967285156,12580300
2017-08-11,53.705877649293576,53.73299902664494,53.02107709657457,53.02785873413086,10192400
2017-08-14,53.30582393360398,53.4210858535513,52.966814635261514,53.04139709472656,8862500
2017-08-15,52.96680604440073,53.05494658544027,52.668476254927604,52.91256332397461,10350900
2017-08-16,52.912589755746545,53.00073034081554,52.41763373713302,52.526119232177734,9117100
2017-08-17,52.38373398000773,52.39729207995493,51.67181217026597,51.70571517944336,13400400
2017-08-18,51.65147560082325,52.282033330924506,51.56333501357995,51.96336364746094,14324300
2017-08-21,51.848099425750895,51.9498032822127,51.58367250267404,51.78707504272461,10084900
2017-08-22,51.90234601029744,52.431199895558606,51.88878273623395,52.031166076660156,9503600
2017-08-23,52.0040428941856,52.21423225187804,51.84810145798852,51.943023681640625,7054300
2017-08-24,51.868435777251676,51.970139627075724,51.66502807760357,51.753173828125,8678300
2017-08-25,51.90910029972348,52.29557067946451,51.82095974745665,52.01758575439453,6844900
2017-08-28,52.139639375139744,52.16676074404595,51.705707818384845,51.84809112548828,8229700
2017-08-29,51.67180302707411,51.861647429979996,51.58366246083124,51.83452606201172,7060400
2017-08-30,51.69215122089623,51.83453454638119,51.5701076314987,51.59722900390625,8218000
2017-08-31,51.71248918447177,51.861654141164024,51.56332940065221,51.753173828125,15641700
2017-09-01,51.780295683600336,52.10574179863207,51.746392675717864,51.915897369384766,7361100
2017-09-05,51.96335610457243,52.451530427707624,51.94301636992055,52.32948684692383,12784800
2017-09-06,52.81087047604939,53.71263649200948,52.60068635686756,53.414306640625,18574400
2017-09-07,53.57703489298002,53.787224205552086,53.299049918493516,53.58381652832031,9836400
2017-09-08,53.57026963101244,53.59060936841384,53.312619162932876,53.441444396972656,8436000
2017-09-11,53.84147193420925,53.84824839730568,53.49568092000556,53.73298645019531,12955800
2017-09-12,53.83468406058229,54.03131009792066,53.72619858913823,53.90248489379883,7644400
2017-09-13,53.902474226044895,54.08553695678711,53.821110138564485,54.08553695678711,8369700
2017-09-14,54.13980530225267,54.397455781432605,54.08556255159654,54.302528381347656,9072600
2017-09-15,54.322862508822155,54.38388171154227,53.93639203964425,54.28895950317383,16043700
2017-09-18,54.09912582569728,54.336431393726095,54.038101437990775,54.302528381347656,8594400
2017-09-19,54.28218908886125,54.50593655750026,54.23472797486571,54.39067459106445,9277100
2017-09-20,54.43133864581283,54.6889890541081,54.4177805483156,54.61440658569336,10606900
2017-09-21,54.57372609673751,54.60084746666602,54.07877532094133,54.16691589355469,11984200
2017-09-22,54.05166179232754,54.44491395403169,54.01775878178048,54.18726348876953,10205800
2017-09-25,54.26185048328553,54.91952962872134,54.227952642794406,54.90597152709961,10496600
2017-09-26,54.722900401135696,54.91952648708115,54.62119653973312,54.84494400024414,8755100
2017-09-27,54.84494024216693,55.224629114321424,54.777139396835466,55.2110710144043,9724500
2017-09-28,55.3466776859391,55.902652944288185,55.29921657264857,55.72637176513672,15581700
2017-09-29,55.55684393764863,55.63820285637252,55.3127568357345,55.58396530151367,9944000
2017-10-02,55.12292598913821,55.47549346016403,55.089022982769045,55.3466682434082,6777900
2017-10-03,55.197512723546595,55.57720159438767,55.12293024207812,55.434818267822266,6082000
2017-10-04,55.46193605487845,55.50939716066527,55.22462535307178,55.45515441894531,6357100
2017-10-05,55.407692907813825,55.76026038066915,55.3195471599456,55.6110954284668,7375900
2017-10-06,55.441577439532296,55.52294153199552,55.16359250947435,55.40089797973633,6070600
2017-10-09,55.489064158290084,55.71959327362467,55.43482657780578,55.617889404296875,7489900
2017-10-10,55.82805271521656,56.0992612076398,55.658548054060994,55.7738151550293,7218500
2017-10-11,55.70602401689915,56.099270967814796,55.69246074483878,56.00434875488281,7023700
2017-10-12,55.80771975284697,55.93654496627026,55.712797544915816,55.88908386230469,6647500
2017-10-13,56.09249221648405,56.329797739133625,55.84162342232739,55.875526428222656,7180000
2017-10-16,56.0721536618981,56.24165836483355,55.96367334191338,56.14673614501953,5734000
2017-10-17,56.02468854077648,56.255217610157416,55.96366933506758,56.248435974121094,6444100
2017-10-18,56.24842131979318,56.53996951892635,55.96365475492952,56.11281967163086,6367100
2017-10-19,55.834854358703794,56.30947068374301,55.821296257016314,56.099281311035156,7945500
2017-10-20,56.17384948896302,56.36369390145543,56.01790808136095,56.350135803222656,9574100
2017-10-23,56.3772475631951,56.79083932257452,56.302665103446586,56.43826675415039,9829900
2017-10-24,56.64845430614142,56.824735412094455,56.485726122824595,56.59421157836914,7551200
2017-10-25,56.58066780399755,56.770517416610296,56.24165839792717,56.39082336425781,9153300
2017-10-26,56.526410755089415,56.71625512942114,56.35012447626515,56.59421157836914,9154500
2017-10-27,56.27554632745041,57.11628798080585,55.60430933170776,56.75693893432617,14866200
2017-10-30,56.75696271861754,56.9196858097117,56.55356014796828,56.641700744628906,7811100
2017-10-31,56.716278515155416,56.73661825323886,56.39082718720017,56.51287078857422,9754200
2017-11-01,56.53997767997513,56.912890025555086,56.45183711323443,56.86542892456055,9430000
2017-11-02,56.68236787556466,56.75695035374992,56.214538443979365,56.63490676879883,7775500
2017-11-03,56.56031748797713,56.70948242640725,56.38403635426158,56.3975944519043,6903500
2017-11-06,56.478970288052295,56.865440812047034,56.31624204530589,56.78407669067383,9276700
2017-11-07,56.77729211477105,56.83153485954516,56.2958993938648,56.6688117980957,8471800
2017-11-08,56.51962912090008,56.614551308065934,56.18061983163022,56.59421157836914,8691600
2017-11-09,56.47897141673749,57.04850475911216,56.32980644434224,56.93324279785156,10528800
2017-11-10,56.8032180352377,56.851118382487115,56.39948206206722,56.75531768798828,8693700
2017-11-13,56.55686323311252,56.857948846503994,56.52264646714405,56.721092224121094,6720400
2017-11-14,56.39947539039536,56.62529352389256,56.17365725689815,56.276302337646484,9251700
2017-11-15,55.94099126889488,56.17364854313825,55.530416230336364,55.57147216796875,9663600
2017-11-16,55.04457421239375,55.32513184994477,54.846128458640386,55.126686096191406,10527200
2017-11-17,54.96245576407633,55.195118277553966,54.852971514774424,54.907711029052734,9536400
2017-11-20,54.90087262157848,55.18143025619916,54.75032720852796,55.11984634399414,8468600
2017-11-21,55.21565597539738,55.598858746581186,55.181439204793314,55.338829040527344,8838400
2017-11-22,55.53726935574888,55.70834275043158,55.461996644428844,55.49620819091797,7941600
2017-11-24,55.72889113174835,55.906803768437385,55.57834565397485,55.71520233154297,3851300
2017-11-27,55.646771903574574,55.70151666084554,55.441481674182135,55.50307083129883,9127500
2017-11-28,55.70835219931592,56.112082973287315,55.63991865323904,55.88626480102539,9794600
2017-11-29,55.87257434110031,56.32420540923941,55.756245680295116,56.29683303833008,9725000
2017-11-30,56.42000269873686,57.070084721999066,56.39263555022185,56.99481201171875,18592700
2017-12-01,57.09747288558038,57.56963202888453,56.39265114957453,57.11115646362305,13779300
2017-12-04,56.9400667111111,57.60383230207842,56.79636568947058,57.1864128112793,12597700
2017-12-05,57.07692779550943,57.32326867164955,56.59791917567829,56.721092224121094,9357200
2017-12-06,56.69373143086786,56.93323317931065,56.25578388493059,56.30368423461914,13398900
2017-12-07,56.38580780152841,56.53635326653998,56.228417936994354,56.48845291137695,11359600
2017-12-08,56.44738680439309,56.72794973208921,56.29000217435351,56.563720703125,11988600
2017-12-11,56.82375037425922,56.96745142704505,56.61846017270993,56.8169059753418,8760700
2017-12-12,56.72107830043259,57.056380597483724,56.5910608865632,56.63212203979492,11307000
2017-12-13,56.529495431062976,57.001659691693774,56.44053914140255,56.87848663330078,10172700
2017-12-14,56.81690735490441,57.02219756143832,56.72110665072107,56.72795104980469,9492400
2017-12-15,56.905867499028275,56.98797940305064,56.707421696396416,56.8169059753418,26582300
2017-12-18,56.91954670416538,57.25484913491129,56.73478971355943,56.75531768798828,9363500
2017-12-19,56.81690060612158,56.91270129892559,56.33789714210152,56.413169860839844,10285100
2017-12-20,56.522654325698696,56.89217352240274,56.46790958083597,56.70741653442383,10620300
2017-12-21,57.035870624883046,57.66541948510751,56.768996538032546,57.37801742553711,13578100
2017-12-22,57.39856632569964,57.49436704715193,57.20696488279507,57.46015548706055,10161400
2017-12-26,57.45330262594165,57.72702117010264,57.412246671578956,57.46699142456055,4777200
2017-12-27,57.473815360523915,57.549088070723826,57.302741968386954,57.4122314453125,7000600
2017-12-28,57.46697946860226,57.51487981230878,57.34380641039322,57.494346618652344,7495300
2017-12-29,57.48067922409313,57.61753589585154,57.234333038330085,57.23433303833008,8523400
2018-01-02,57.35749494417616,58.3018183249216,57.24801067227278,58.185489654541016,11469300
2018-01-03,58.27445086727511,59.513020727096404,58.04178830698622,59.3282585144043,13957700
2018-01-04,59.389841900459544,59.684088355951516,59.143495787919946,59.410369873046875,10863000
2018-01-05,59.36247634887695,59.45143264722212,58.65081029987635,59.36247634887695,11047600
2018-01-08,59.32826546653192,59.63620078352073,59.259837136338945,59.629356384277344,10927100
2018-01-09,59.49249738223675,59.63619843620994,59.294051577965185,59.376163482666016,8131600
2018-01-10,59.53355980734361,59.66357729825166,58.83558243776564,58.90401077270508,10822300
2018-01-11,59.09559813503753,59.786736161164995,58.80135166615126,59.48564529418945,14366000
2018-01-12,59.67042664062629,60.2110194539951,59.65674305960666,59.889400482177734,9834500
2018-01-16,60.03993492042791,60.05362371967486,59.259840427263086,59.513031005859375,10882800
2018-01-17,59.67040130553373,60.361539320413364,59.48564432609849,60.217838287353516,10546000
2018-01-18,60.0604504528526,60.34785774926263,59.76620397898354,59.82779312133789,9223700
2018-01-19,59.923594400256704,60.05361186369812,59.266673126269794,59.636192321777344,13090000
2018-01-22,59.64988137148756,60.41629220517688,59.567769467670374,60.388919830322266,10270400
2018-01-23,60.3889132653652,60.53261430217001,60.03992204984142,60.42313003540039,10281800
2018-01-24,60.553129190432685,60.84737559861229,60.22467124035708,60.580501556396484,10316100
2018-01-25,60.59421954356232,60.813193356027554,60.354712531172765,60.471046447753906,11271900
2018-01-26,60.65578021513092,60.90212631225586,60.539451563917886,60.90212631225586,10514400
2018-01-29,60.6215681788072,61.107421234359265,60.18362068769331,60.22468185424805,9315700
2018-01-30,59.90307172861447,60.477875936453025,59.38300704956055,59.38300704956055,12408000
2018-01-31,59.23244578485803,59.855155397845586,59.0750611979074,59.738826751708984,14404700
2018-02-01,59.875705517704574,61.073219628058666,59.773060406953356,60.95004653930664,17971000
2018-02-02,58.25391313450861,58.85609485253098,56.796369624810325,57.84333801269531,29822100
2018-02-05,56.98797508213154,57.4738229534973,53.46386169438391,54.5518913269043,30452700
2018-02-06,53.72388843098764,54.98298606543598,52.62217539047259,53.61439895629883,36262800
2018-02-07,53.67598401613675,54.33974954899719,52.63585496853737,52.64954376220703,21994500
2018-02-08,52.99170248203049,53.08750317637486,52.0268459194599,52.05421829223633,25650800
2018-02-09,52.71094740107259,52.86994667778599,51.0864143392759,52.38603973388672,29491600
2018-02-12,53.263981275774746,53.658016991151946,52.42751440493387,52.82846450805664,19340400
2018-02-13,52.60724872454107,53.056588969335834,52.35147440723451,52.74551010131836,11926600
2018-02-14,52.39294591149694,52.99437098464518,51.96434358963054,52.856109619140625,17188400
2018-02-15,52.966731932744395,53.02203121861784,52.15791724651434,52.68330001831055,14432400
2018-02-16,52.64182720630555,53.31238053036302,52.43443773164307,52.91143035888672,13722400
2018-02-20,52.86301809263788,53.55430902043671,52.16481277880431,52.36528778076172,13387300
2018-02-21,52.4136948966663,52.84229730929153,51.756970412383176,51.77079391479492,11715000
2018-02-22,52.05421629911964,53.11879983652599,51.9781738644289,52.44133758544922,14020200
2018-02-23,52.60033761414735,53.65801743439069,52.503557281439996,53.59579849243164,13378800
2018-02-26,53.740965622590394,54.563603673166114,53.61653302060526,54.50138473510742,16940400
2018-02-27,54.61200236658896,55.21342758247854,53.57506561279296,53.57506561279297,14629500
2018-02-28,54.03130367177166,54.093517326250705,52.330723278170794,52.358375549316406,17087800
2018-03-01,52.213204181718766,53.00818982252963,51.750040514806216,51.985076904296875,15696700
2018-03-02,51.77079228929655,52.44825991712558,51.487365668624825,52.227046966552734,15630300
2018-03-05,52.00583149339564,52.92524464310084,51.929789050874774,52.724769592285156,14891000
2018-03-06,53.00128301428058,53.21558682407404,52.44133895703274,52.66255187988281,10754300
2018-03-07,51.846835337307894,52.01274373363009,50.85137441110908,51.33528137207031,27255500
2018-03-08,51.50119124365405,51.68783753559643,50.94124709369392,51.238502502441406,19299800
2018-03-09,51.722385427926994,51.888293768777004,51.30069755291278,51.54264831542969,19714100
2018-03-12,51.756966756320516,52.24778280632723,51.63253414687286,52.01274108886719,14226700
2018-03-13,52.07496189144113,52.413693067100894,51.328366208077234,51.52192687988281,13739700
2018-03-14,51.597964022395,51.70165873567065,50.830630527940286,50.87902069091797,14820700
2018-03-15,51.39749834749303,51.846838670799926,51.224675551923696,51.44588851928711,15640600
2018-03-16,51.404396443961105,51.929779052734375,51.404396443961105,51.929779052734375,32109700
2018-03-19,51.84684332907466,51.85375771827595,51.058771732403414,51.259246826171875,12744800
2018-03-20,51.307616032615606,51.63943274079158,51.120964519401575,51.148616790771484,13003200
2018-03-21,51.314533362970785,52.2892509325564,51.14171061259239,51.87447738647461,15418500
2018-03-22,51.44587722940522,51.63943787410437,50.73384831177679,50.80989074707031,17737000
2018-03-23,51.024204599321266,51.300722149403605,50.23613300977342,50.38821792602539,20157300
2018-03-26,50.913585843896335,51.25923136181263,50.291422856820596,51.15553665161133,15032700
2018-03-27,51.15555155969883,51.77080033895911,50.657821024986326,50.94816207885742,15821900
2018-03-28,50.97580576895693,51.162457325079636,50.31216692591191,50.33290481567383,18163900
2018-03-29,50.69236929802546,51.77078154907716,50.643979139943184,51.57722091674805,14882900
2018-04-02,51.34218546709914,51.43205668167676,49.88356616106627,50.6163330078125,17891100
2018-04-03,50.7753299068249,51.94361357014771,50.533379073213474,51.86065673828125,15999200
2018-04-04,51.19010715623182,51.88830735746611,50.768419170784505,51.75696563720703,13122200
2018-04-05,51.888302172950304,52.75933033321973,51.860649899308044,52.55194091796875,14200000
2018-04-06,52.28925745414265,52.62107949687244,51.30762537535453,51.75696563720703,14299600
2018-04-09,51.99891646308686,52.392952172128986,51.708575472031065,51.75696563720703,11103100
2018-04-10,52.59343990727479,53.76171854094938,52.579611128670145,53.27781677246094,19006100
2018-04-11,53.305451814962616,53.94835268466891,53.0565866219065,53.52666473388672,13734000
2018-04-12,53.823914592725416,54.017475217754985,53.23631833127666,53.38148880004883,13270400
2018-04-13,53.78245736340911,54.052060508945864,53.64419595920226,53.81010437011719,10925000
2018-04-16,54.0036577483028,54.66729651140837,53.7202258913438,54.29399871826172,10743600
2018-04-17,54.29400472956802,54.446089618517966,53.948359172548216,54.148834228515625,10478100
2018-04-18,54.63963983053236,55.13737018125448,54.57051178718354,54.76407241821289,12061400
2018-04-19,54.83321568745594,55.17886127430933,54.48065571210822,54.90234375,11291500
2018-04-20,54.83320097288499,54.88850551773241,54.14882437132603,54.61198806762695,12072200
2018-04-23,54.556690779454556,55.026768924920205,54.43917256162124,55.00603103637695,11729800
2018-04-24,55.165030103737564,55.254896045140526,53.899966165901,54.162654876708984,14102000
2018-04-25,54.05896482810176,55.04060225142495,53.56814875350657,54.957645416259766,13867500
2018-04-26,55.026764646148514,55.92544509011371,54.9783744852662,55.89779281616211,14554400
2018-04-27,53.194852087411164,54.37005021141022,52.869949675933384,53.77553939819336,16346800
2018-04-30,53.85848048258381,54.307815381083216,53.7409570126643,53.74787139892578,15028800
2018-05-01,53.409166250864956,53.409166250864956,52.52431424835236,53.194862365722656,16231000
2018-05-02,52.84918472407955,53.38839603113567,52.74549531323295,53.09114074707031,13883700
2018-05-03,52.80773562155548,52.95982053309017,52.12335879378278,52.91143035888672,12243100
2018-05-04,52.62799263265356,53.38150271842032,52.49665090235623,53.1602897644043,9887200
2018-05-07,53.740966796875,54.667299581701506,53.50593036250748,53.740966796875,15071500
2018-05-08,53.78245561518873,54.031320860538315,52.79390902230932,53.98292541503906,17430400
2018-05-09,54.59816609440498,55.46918896650299,54.5774229339087,55.25489044189453,17142100
2018-05-10,55.74571015178271,56.54069591841185,55.64892982618947,56.492305755615234,17710300
2018-05-11,56.687838798466714,57.23949492536624,56.49930065950714,56.757667541503906,14751000
2018-05-14,57.05093387062434,57.48388046812869,56.988089619542556,57.14171600341797,11852100
2018-05-15,57.15568859340156,57.28138244289621,56.841456633460304,57.113792419433594,12595700
2018-05-16,57.092852767361016,57.295359850775895,56.68085412797444,57.27440643310547,9570000
2018-05-17,57.400110027029754,57.45597516176686,56.86940722980473,57.17665481567383,11224100
2018-05-18,56.94620383288865,57.120778332281205,56.74369677428237,56.771629333496094,10030900
2018-05-21,57.071898611726695,57.504839967587884,56.925251341577116,57.45595932006836,8822400
2018-05-22,57.56769284667596,57.71433479760989,56.80654520315268,57.00905227661133,10753400
2018-05-23,56.527223943289506,57.42104990549686,56.261872607260095,57.36518478393555,15140900
2018-05-24,56.80655047889945,56.81353495176154,55.82893205428847,56.05238723754883,13360500
2018-05-25,55.36105370808024,55.39597073225476,54.53007754655384,54.9630241394043,14562000
2018-05-29,54.57198664467792,54.97700074013797,54.139039991504355,54.76052474975586,14644800
2018-05-30,55.34011123516808,57.02301181230746,55.31916314957555,56.91128158569336,16627500
2018-05-31,56.42946413658435,56.94620853330456,56.34567177961778,56.729732513427734,15803100
2018-06-01,57.16964855753986,57.50482855182261,56.9461934521547,57.14171600341797,9906100
2018-06-04,57.29535423555074,57.63053429914627,56.42946086148167,56.54119110107422,10954700
2018-06-05,56.27582686942958,57.0160262880996,56.150138358195974,56.33867645263672,12059300
2018-06-06,56.89729851490058,57.32325520733551,56.471336494877036,57.30230712890625,11603300
2018-06-07,57.77019090654661,58.16123604802429,57.65147620780618,57.87493133544922,13502500
2018-06-08,58.03554771846119,58.41961375288755,57.609585508494135,58.37771224975586,14350400
2018-06-11,58.46149577124668,58.510376406737436,57.90983984065692,58.02854919433594,10831600
2018-06-12,58.03555357398524,58.48246391681387,57.483897454145506,57.55372619628906,12351800
2018-06-13,57.56767973221996,57.67940462422612,56.890329926790386,56.91826248168945,12049300
2018-06-14,57.21853748248785,57.469925178404125,56.91128467023668,57.18362045288086,11477300
2018-06-15,57.064916505328426,57.13474524359495,56.21997651884366,56.32472229003906,23797500
2018-06-18,56.14316324660374,56.82749233948927,56.07333450841417,56.43644714355469,9192600
2018-06-19,55.78701865200685,56.53419718985692,55.66132481724748,56.352638244628906,8759700
2018-06-20,56.457394158091795,56.65291675233907,56.052380025670374,56.17807388305664,8917700
2018-06-21,55.877799845550875,56.12918753479597,55.39597788082326,55.64736557006836,10990700
2018-06-22,56.67387066883918,57.218542279793795,56.506275305783014,56.827491760253906,16012200
2018-06-25,56.40851592397762,56.72973238936015,55.37503778798014,55.68228530883789,10557200
2018-06-26,55.96858453321425,56.56912122619904,55.842890682878114,56.31074905395508,10382800
2018-06-27,56.60401629703196,57.595603192812554,56.60401629703196,57.05791091918945,12725900
2018-06-28,57.07188906257117,57.30930778862984,56.58307734157194,57.239479064941406,9390700
2018-06-29,57.574663293329365,58.33581082186392,57.46293839274983,57.77019119262695,17323200
2018-07-02,57.18361891796531,57.35120893488083,56.78558929804686,57.09284210205078,9998300
2018-07-03,57.66543688375619,58.27295259466631,57.31628796388979,57.42801284790039,7197300
2018-07-05,57.67243223511358,57.798126094695306,57.295355983959624,57.47690963745117,9035700
2018-07-06,57.23250686544433,57.749245924640185,57.023020649463376,57.49087905883789,7637100
2018-07-09,57.82607022416207,58.049525427279576,57.65149568023926,57.888919830322266,7158600
2018-07-10,58.44756301519803,58.740852337303934,58.314889966781045,58.41963577270508,8806200
2018-07-11,57.97967327986316,58.32882222682376,57.28137538594195,57.672420501708984,10405300
2018-07-12,57.96573043103606,58.12633602072078,57.47691853363133,57.74227523803711,9762200
2018-07-13,57.73527561859437,58.48245422363147,57.651477945356234,58.175201416015625,8720000
2018-07-16,57.62354055291602,57.81208396998511,57.260427987864375,57.60259246826172,8306900
2018-07-17,57.441997932206434,57.784162478115654,57.28837151187419,57.47690963745117,7373300
2018-07-18,57.1207672325416,57.48387977657788,56.90429127259873,57.4140510559082,8711900
2018-07-19,57.40008707547801,57.69337625177923,57.06490705626283,57.26741409301758,8659100
2018-07-20,57.06492399938805,57.2115659672829,56.736723026084,56.841468811035156,9196300
2018-07-23,57.22552958573349,57.26044662324785,56.68784237011905,56.841468811035156,8425900
2018-07-24,56.9252607192328,57.97270790513884,56.89733348255617,57.965728759765625,11121000
2018-07-25,57.96570359319941,58.47545801890569,57.61655468281828,58.37071228027344,9523600
2018-07-26,58.53831989687172,58.93634952526162,58.21710347111765,58.82461929321289,13210100
2018-07-27,56.541197343507775,57.525794882564114,56.429467091579646,57.2045783996582,18220800
2018-07-30,57.35120078791734,57.35120078791734,56.3596191146053,57.07886505126953,11282800
2018-07-31,57.009039289418844,57.365172704894306,56.86938184251361,56.91826248168945,11716800
2018-08-01,56.48530687876497,56.513239429216725,56.01744864577394,56.13615798950195,8936300
2018-08-02,55.78702592981229,56.04539810374359,55.47977310974165,55.800994873046875,8364300
2018-08-03,55.84290393037136,56.07334359858613,55.605479788927994,56.003509521484375,7811100
2018-08-06,56.03842075244784,56.164114619575685,55.68228724098703,55.989540100097656,10041800
2018-08-07,56.4992928268503,56.97413034471177,56.08030977152877,56.750675201416016,10698100
2018-08-08,56.57610556666178,56.72275284518243,56.108247152612286,56.37360382080078,7275000
2018-08-09,56.37360027143718,56.49929412540436,55.94065359053002,56.08729553222656,9828500
2018-08-10,56.094351120906104,56.10140225108687,55.635774679676686,56.030853271484375,12954300
2018-08-13,56.05200534604936,56.26365762178091,55.332397297135834,55.424110412597656,10308500
2018-08-14,55.72748994379619,55.7839312826512,55.08548720758305,55.24774932861328,8005900
2018-08-15,54.87383742022602,54.95849943243057,53.97785400020045,54.281219482421875,16307800
2018-08-16,54.52108004793543,55.09959026671109,54.46463871377637,55.0290412902832,11519900
2018-08-17,55.268895502159054,55.37472163244387,54.88793004519864,55.212459564208984,10178400
2018-08-20,55.21247232741153,55.73454120628273,55.14897448154592,55.600494384765625,8152100
2018-08-21,55.769812093702136,56.14372646675947,55.50171848091294,55.614601135253906,9192200
2018-08-22,55.81216775307434,56.47534021601577,55.748669883249974,56.411842346191406,10098200
2018-08-23,56.129618521298916,56.17900334140524,55.66399098637382,55.79098129272461,7203900
2018-08-24,56.10140074838778,56.47532055709546,56.03085177067497,56.17195510864258,6545200
2018-08-27,56.37655429805625,56.771632903012055,56.34127711580992,56.72224807739258,6671900
2018-08-28,56.849233180550875,57.01855179820087,56.58113953818476,56.63758087158203,8823400
2018-08-29,56.75045928416596,57.17375848782988,56.51058632648019,57.04676818847656,8004800
2018-08-30,56.75752439468813,56.9903408979433,56.524713273975706,56.79985809326172,7450900
2018-08-31,56.60936712693049,56.76457812148088,56.277780980853315,56.55998229980469,10700000
2018-09-04,56.729300062632134,56.926839349343894,56.30599543963051,56.64463806152344,8855000
2018-09-05,56.36949079417384,57.44890569351823,56.15783849202953,57.39952087402344,13878400
2018-09-06,57.22315241125434,57.59706685703494,56.679913951030166,56.76457595825195,13320600
2018-09-07,56.54587225069303,57.80166241493915,56.31305576877084,57.73111343383789,16417800
2018-09-10,58.02036063842982,58.373110894664876,57.61117443192889,57.646446228027344,10817900
2018-09-11,57.822831100625876,58.69059924552143,57.59001460046577,58.45778274536133,11891900
2018-09-12,58.73293549293022,59.10685001684343,58.46484715452195,58.64827346801758,11556300
2018-09-13,58.66237571676056,58.732924699951724,57.85810546678804,58.07680892944336,11162700
2018-09-14,58.1473375629898,58.6623551868767,58.0415114339675,58.50008773803711,9442600
2018-09-17,58.55655589150948,58.98691173288185,58.54949937766354,58.8458137512207,8403300
2018-09-18,59.191499063426534,59.35376118075226,58.87402057652203,59.00101089477539,9219900
2018-09-19,59.00807592067975,59.805289744286014,59.00807592067975,59.706520080566406,10413600
2018-09-20,59.86876250062117,60.20739966779842,59.64300259498943,59.84054183959961,11198200
2018-09-21,59.974605159743874,60.270914108306705,59.62890600387836,60.08748245239258,26639400
2018-09-24,60.5249091900784,61.442056923455034,60.47552435353153,61.09636306762695,13549500
2018-09-25,61.3997209115328,61.63253741861372,60.93409327991378,61.02580642700195,12200700
2018-09-26,60.68717910489905,61.02582187204603,60.4543679214387,60.517860412597656,10275500
2018-09-27,60.73653646821617,60.94113226251278,60.3837862123686,60.51077651977539,7895400
2018-09-28,60.14391496760379,60.62365550170862,59.96048333859686,59.98164749145508,9884900
2018-10-01,60.21446805818437,60.6942086251157,60.150975595265216,60.538997650146484,8566900
2018-10-02,60.53195766851085,61.14573978660281,60.40496733674306,60.99758529663086,8453100
2018-10-03,61.032831088314566,61.30091925857447,60.658916798925226,60.77885055541992,10206700
2018-10-04,60.320279109420206,60.729470598697326,60.143904024304945,60.3767204284668,10204600
2018-10-05,60.18624856500755,60.46139334143848,59.91816030099693,60.20741271972656,9217400
2018-10-08,59.819383420958445,60.891741729820176,59.72061378918992,60.76475143432617,13242400
2018-10-09,60.941133659402105,61.29388392333541,60.489613752170825,61.03285217285156,10177900
2018-10-10,61.18807508677824,61.25156756305227,59.6148062344035,59.62891387939453,16573400
2018-10-11,59.21971008038704,59.38197217126675,57.2654708003599,57.5688362121582,20320100
2018-10-12,57.942760688825345,58.020366183216865,56.630529179622606,57.41363525390625,15216300
2018-10-15,57.41363327621706,57.667613906832905,57.0185546875,57.0185546875,10558800
2018-10-16,56.79985603231081,57.336032624389205,56.44710572473908,57.28664779663086,9781800
2018-10-17,57.103197302269336,57.51238339483892,56.67989280661625,57.49827575683594,12247700
2018-10-18,57.286647524847304,58.18263631605249,57.286647524847304,57.74522399902344,17448600
2018-10-19,57.61118011740389,58.1755773535536,57.505353953581356,57.82988357543945,12098700
2018-10-22,57.85103999974427,57.97803030285026,56.891558905730555,57.251365661621094,9474100
2018-10-23,56.48237468502062,56.764575993392356,55.53700649189895,56.32716369628906,15465100
2018-10-24,56.531766229939365,56.623484761024095,54.7115786087969,54.760963439941406,16085700
2018-10-25,55.374739649765885,55.76982363920862,54.84561420872043,55.24774932861328,12315500
2018-10-26,54.937317849662065,55.31828870993004,54.295309904800995,54.697444915771484,18160100
2018-10-29,55.07842622733706,55.33240684904263,53.77325132179239,54.35881805419922,15707000
2018-10-30,54.760941359468916,55.7556940950063,54.61983805413475,55.57931900024414,17758200
2018-10-31,55.9744024112207,56.68695936381736,55.663985877276005,56.21427536010742,16629100
2018-11-01,56.320101935130445,56.96916105409162,55.946187559697194,56.9127197265625,14159300
2018-11-02,57.6817163306672,58.1685079644269,56.60230154020988,57.815757751464844,19350400
2018-11-05,58.203795880799774,58.46483302428336,57.45596701371448,57.59706497192383,15815000
2018-11-06,57.66760377392965,57.921584359918,57.39245903619912,57.84397888183594,9063200
2018-11-07,57.99918386020324,58.65529940929248,57.6111618923263,58.577693939208984,12699800
2018-11-08,58.64825566392487,59.085667919371375,57.526512432717446,57.646446228027344,16865500
2018-11-09,57.19749888861234,58.00992241324368,56.79128712629667,57.63221740722656,15070100
2018-11-12,58.195203766635075,58.24508922244222,56.81978427125868,56.891048431396484,11906600
2018-11-13,56.86965995541631,56.90528931080973,55.33032826282299,55.586883544921875,15530200
2018-11-14,56.19975650038147,56.36366347202467,54.69605982780183,55.152156829833984,18552100
2018-11-15,54.63905166127903,55.722286224365234,54.09743981684159,55.722286224365234,18976000
2018-11-16,55.850568137960146,56.43494286328684,55.658148953474694,56.27103042602539,13704900
2018-11-19,55.91469683560632,56.556084970430575,55.89331813729641,56.45631408691406,9430800
2018-11-20,55.88619559314161,56.22827111108747,54.42526154807288,54.85285186767578,15533700
2018-11-21,55.18066877172769,55.85768629372814,55.05951918351383,55.273311614990234,9685300
2018-11-23,54.19721140460088,54.30410490349569,53.235126417701636,53.79812240600586,10875400
2018-11-26,54.33260353713387,55.10226923690114,54.24708875078524,54.85997009277344,13741100
2018-11-27,54.56779459993409,55.19492676089013,54.446644995619806,54.90987014770508,10344500
2018-11-28,54.90274422367866,55.9075813293457,54.76021047446967,55.9075813293457,11482100
2018-11-29,55.743663650109184,56.677236421128086,55.72228495109433,56.342288970947266,10255200
2018-11-30,55.90757000642761,56.72712122779976,55.8149271660346,56.65585708618164,14040100
2018-12-03,57.183228185694276,58.05266500084395,57.111964031704694,57.881629943847656,19415100
2018-12-04,57.99564991403337,58.40186156146302,56.54896642296122,56.605979919433594,18540700
2018-12-06,55.58688078932262,55.900449549033645,54.81721498118048,55.86481475830078,23218100
2018-12-07,56.577459847763365,57.26873337766049,55.10939800050474,55.330318450927734,16224700
2018-12-10,55.487098816976555,55.487098816976555,53.30638489991521,54.5463981628418,17946200
2018-12-11,55.37308989199006,55.44435948243042,53.933534421060735,54.64618682861328,15742400
2018-12-12,55.61538775893593,55.72940930295102,54.17582702636718,54.17582702636719,14559800
2018-12-13,54.18294722391884,55.031005102575634,54.125933741616464,54.85997009277344,13749700
2018-12-14,54.67468592171443,54.781584855300395,53.513059180308886,53.86226272583008,12669300
2018-12-17,53.634218710351945,53.87651790553581,52.36569836590448,52.7647819519043,15464100
2018-12-18,52.47259170458589,52.636504140946876,51.04016436491535,51.310970306396484,18681200
2018-12-19,51.631656342162145,52.21603100368336,50.09945826518596,50.4415283203125,21679600
2018-12-20,49.9498002315301,50.356017287641485,48.49599423295694,48.90932846069336,28723700
2018-12-21,48.56013383430588,50.14935106990359,48.22518633820863,48.54588317871094,47287300
2018-12-24,47.65506347349844,48.12541118606662,46.635970419643925,46.685855865478516,14262800
2018-12-26,47.163326600184156,48.930706590411575,46.07296951657716,48.91645050048828,24887700
2018-12-27,48.27507053742721,49.13025665283203,47.092070417877174,49.13025665283203,22077000
2018-12-28,49.301281278700884,49.5863432569066,48.33207381506445,48.58150100708008,19710600
2018-12-31,48.68840318380022,49.27990587663095,48.218055509853095,48.595760345458984,15807000
2019-01-02,47.997139646822234,49.79302679925286,47.93300353850296,49.66474914550781,16727200
2019-01-03,49.88566081928042,50.063823893634996,48.716911486482864,48.90220260620117,13866100
2019-01-04,49.629116357816365,50.790737898048974,49.429574541050684,50.705223083496094,16043600
2019-01-07,50.77649261238397,51.382246173671646,50.413038300768434,50.96890640258789,10844200
2019-01-08,51.69578836042211,51.73141770617428,51.2681981516646,51.33946228027344,11439000
2019-01-09,51.738556716779655,51.738556716779655,51.061539195836914,51.61027908325195,13473500
2019-01-10,51.360861679573866,51.36798972643953,50.68384402921597,51.34661102294922,13151100
2019-01-11,51.20407779830411,51.23258454895357,50.64820975340659,51.11143493652344,9790100
2019-01-14,50.74797050634727,51.15418210687338,50.68383440805109,51.04728317260742,11012400
2019-01-15,51.275339843886506,51.567529948175455,50.826370773144795,51.07579803466797,10298300
2019-01-16,50.89762085220282,51.58176633907847,50.81922867210305,51.054405212402344,12595600
2019-01-17,50.73371321145618,51.55325891363793,50.52704341548962,51.403602600097656,10141700
2019-01-18,52.216036543822746,52.2302926359438,51.403613280316954,52.01649475097656,15759200
2019-01-22,51.588896778970664,51.816945285183934,51.082914325719514,51.23257064819336,15035600
2019-01-23,51.31809337879772,51.52476319717676,50.548427593890715,50.812110900878906,13187200
2019-01-24,50.66957540425643,51.289584837672855,50.34175601189653,50.88337326049805,11272500
2019-01-25,51.36086220832274,51.50339052446328,50.98315727715426,51.11143493652344,8996200
2019-01-28,50.61257517791641,50.79786633939759,50.14935542987361,50.76935958862305,13678400
2019-01-29,51.097180822543635,51.44638445370024,50.94040184355692,50.9617805480957,10513200
2019-01-30,51.14707204149698,51.717196266598606,50.961786289880386,51.51765441894531,11524700
2019-01-31,51.51764682334626,52.37282759780597,51.32522761497343,52.22317123413086,19876700
2019-02-01,53.391916086999174,54.51078012879535,52.964325737752745,54.10456848144531,22968700
2019-02-04,53.990531549135035,53.990531549135035,53.02132413374989,53.32063674926758,15483800
2019-02-05,53.577203943826454,53.90502337270012,53.45605434911126,53.869388580322266,12786700
2019-02-06,53.862272500373685,53.99767276618881,53.541575641418,53.63422393798828,10866900
2019-02-07,53.413296174938196,53.58433666876019,52.66501440361606,53.220882415771484,14418900
2019-02-08,53.148828933993684,53.37220212724854,52.40664851998062,53.30735397338867,11959500
2019-02-11,53.23528905966701,53.48028378290411,52.889421270645606,53.39381408691406,10434800
2019-02-12,54.09997838061693,54.36658369964476,53.91263009071366,54.33055877685547,12599200
2019-02-13,54.46026208159193,55.15200328921105,54.40982279033232,54.94303894042969,13214600
2019-02-14,54.95023773743409,55.231257388342996,54.553925154116605,54.95743942260742,12772900
2019-02-15,55.44020890250634,56.03107130097932,55.303299951254736,55.99504089355469,14330300
2019-02-19,55.88697625268667,56.54989971610362,55.80771372442454,56.36975860595703,13551500
2019-02-20,56.42019170195904,56.787675568129636,56.204020194530614,56.58591842651367,12633100
2019-02-21,56.355341424826335,56.679598705382766,55.92300388155456,56.07432174682617,10266000
2019-02-22,56.715609487573836,56.88854336227502,55.93019712114318,56.50664520263672,9519300
2019-02-25,56.51384600816194,56.81648162911219,56.3481138362312,56.56428527832031,9274400
2019-02-26,56.69400100010278,57.018252745587425,56.48503668730198,56.67959213256836,10990600
2019-02-27,56.83811641467321,57.4650094054583,56.679596868670835,57.26325225830078,12398200
2019-02-28,57.24883320572827,57.46500470139845,56.71561714653653,56.946197509765625,14597900
2019-03-01,57.198393560194745,57.645145416259766,56.9461971484925,57.645145416259766,15419400
2019-03-04,57.81806430131226,58.041442920081394,56.93177349923706,57.86850357055664,18089900
2019-03-05,57.73160799560685,57.93336510009353,57.46499725183871,57.782047271728516,13745500
2019-03-06,56.81651125429338,57.198409569973954,56.10315391939059,57.1263542175293,18633600
2019-03-07,57.32089234827488,57.83249234233084,57.15516014014467,57.76043701171875,16541700
2019-03-08,56.84531589037978,57.155158752210056,56.384155188697875,56.931785583496094,16211300
2019-03-11,57.6307380223968,57.85411120740618,57.392950472081885,57.48662185668945,11060900
2019-03-12,57.72440793100468,58.063074039920316,57.56588290151485,57.645145416259766,11320000
2019-03-13,58.07028002173022,58.19278014288076,57.78926035682994,58.1567497253418,10260200
2019-03-14,58.22159611641418,58.30085862713891,57.89733889141235,57.96219253540039,9976700
2019-03-15,57.774858546852116,58.04146937579151,57.71721207073486,57.75324249267578,25316400
2019-03-18,57.96219438765958,58.5458497148575,57.96219438765958,58.42335510253906,9840600
2019-03-19,58.783633656363676,59.08626932620288,58.106301492702485,58.27203369140625,13936500
2019-03-20,58.185584295568674,59.02864345451392,58.04867527921193,58.59630584716797,13133600
2019-03-21,58.2288076919493,59.007018567179664,58.22160600609226,58.93496322631836,10117000
2019-03-22,58.53143190410586,58.682749725166694,57.86130698371156,57.99100875854492,12497700
2019-03-25,57.64513653771729,57.9621865478647,57.349702574176554,57.58749008178711,11320400
2019-03-26,57.8829375968909,58.56026437150627,57.7748518410839,58.336891174316406,9472800
2019-03-27,58.344091928930325,58.589081150794364,57.515441889005004,57.890132904052734,7258700
2019-03-28,57.66674864909578,58.21437894812455,57.65954146822917,58.178348541259766,7412300
2019-03-29,58.60349395126734,58.71157969228067,57.991015415483986,58.221595764160156,10889200
2019-04-01,58.531437685488115,58.92774473289651,58.42335194620617,58.891719818115234,10816400
2019-04-02,58.906125666669695,59.05023631334988,58.444965000330576,58.6395149230957,7646000
2019-04-03,58.9205505556574,58.9205505556574,58.084698682160564,58.293663024902344,8562900
2019-04-04,58.452170447271854,59.143911426252345,58.19996857686274,59.12229537963867,9360600
2019-04-05,59.19436089440572,59.468173361111766,59.05024472971604,59.43935012817383,10059100
2019-04-08,59.56903624443719,59.95093435974769,59.51138979373837,59.80682373046875,9108200
2019-04-09,59.46096942051809,59.50420702101724,58.89893009125801,59.03583908081055,8561600
2019-04-10,59.02862584604213,59.14391877225989,58.661142013028964,58.769222259521484,10324300
2019-04-11,58.75481107179533,59.13670925423624,58.3801145738566,59.05023956298828,9115100
2019-04-12,59.66992572950391,59.66992572950391,58.06307047817734,58.30805969238281,16638700
2019-04-15,58.286432541152145,58.40892712492165,58.01982183165257,58.11349868774414,8536100
2019-04-16,58.22881837510162,58.617923884105394,58.14235414919264,58.50983810424805,7005700
2019-04-17,58.76202206502037,58.87010231425395,58.423355957503304,58.67555236816406,8311400
2019-04-18,58.76923164979109,58.9637871195027,58.416156627405435,58.459388732910156,9493900
2019-04-22,58.99260657058568,59.96536736431903,58.82687434766763,59.73478698730469,10770600
2019-04-23,59.94375446065774,60.15992048313301,59.576265075738654,60.080657958984375,10595100
2019-04-24,59.814035321196705,59.86447459490998,58.891714031886245,58.913330078125,11684000
2019-04-25,58.83406775137545,59.69153540704343,58.653926702227004,59.244789123535156,11135000
2019-04-26,57.83968590341951,58.099089455164545,57.328085981219175,57.99821090698242,18053500
2019-04-29,57.731597983144205,57.918940691980026,57.40013915504871,57.623512268066406,10023700
2019-04-30,57.91175458541865,58.02704201436696,57.59470453523948,57.846900939941406,13721500
2019-05-01,57.601906302243876,57.832486635932526,56.650761738594575,56.68678665161133,13909800
2019-05-02,56.405770421187576,56.5642954408717,55.65638291743387,55.692413330078125,15360400
2019-05-03,56.0526933760128,56.35532904004811,55.8004969893167,55.822113037109375,12180700
2019-05-06,55.42580389334464,55.95902542637204,55.274486052070145,55.57712173461914,13367100
2019-05-07,55.12315987598853,55.332124148286525,54.59714560469103,55.28168487548828,13498800
2019-05-08,55.151979048968464,55.692402145283516,55.06550937446957,55.36814498901367,11352900
2019-05-09,55.015082821365155,55.396981018103475,54.734063186124914,55.317718505859375,13221600
2019-05-10,55.52179318001762,55.96637610981478,54.78567963979026,55.798744201660156,11056000
2019-05-13,55.13550972648026,55.558228774100535,54.92415020267012,55.179237365722656,12176100
2019-05-14,55.48534815584567,55.97366427732894,55.215686936434686,55.25212478637695,10548400
2019-05-15,55.07720947823007,55.79145918574855,54.8148324885689,55.66027069091797,8918000
2019-05-16,55.68214587116459,56.08299567122816,55.55095734957462,55.652992248535156,8105200
2019-05-17,55.13552408289516,55.60926068647943,55.0917908717822,55.32501983642578,9279400
2019-05-20,55.42704317011765,55.6529767318969,55.15008661259891,55.317718505859375,7154300
2019-05-21,55.58739278654102,55.72587109787855,55.3395953457104,55.572818756103516,8489900
2019-05-22,55.40517399879208,55.550942071849846,54.94601707974785,55.069915771484375,7858300
2019-05-23,54.49414754951507,54.516016932102666,53.23328561733406,53.779903411865234,14657200
2019-05-24,54.034990102845796,54.115161156805684,53.52481572354077,54.005836486816406,7056400
2019-05-28,54.107875933124994,54.115165727869034,52.83243431664324,52.91989517211914,14912900
2019-05-29,52.39513343960984,52.788698890531805,52.19835349439054,52.5919189453125,13645200
2019-05-30,52.489879467916865,52.57005051829009,52.132757418380145,52.45344161987305,9362100
2019-05-31,51.8849638037911,52.1473407948975,51.47681872846789,51.578853607177734,13983300
2019-06-03,51.812068938803684,52.48259090115012,51.724613662332885,52.387840270996094,11831000
2019-06-04,52.803277583631555,53.68515919966573,52.59920782670868,53.63413619995117,10423000
2019-06-05,53.670573023624236,53.670573023624236,52.89802173567072,53.189552307128906,10617800
2019-06-06,53.72159285930678,54.384825078049495,53.63413201581267,54.15888595581055,11738900
2019-06-07,54.304664927556665,54.63263342563879,54.24635768685799,54.355682373046875,9095500
2019-06-10,54.80026117264545,54.90229605584317,54.26092757804709,54.59619140625,7760400
2019-06-11,55.033474449544286,55.252118204603704,54.5305843600864,54.54515838623047,9415100
2019-06-12,54.2828004093597,54.37754550392199,53.79448422534855,53.95482635498047,7920800
2019-06-13,54.443136193842925,54.7856842730315,54.20991279787178,54.42856216430664,8986400
2019-06-14,54.42855484565295,54.523299926109964,54.10058640058481,54.18804168701172,8575900
2019-06-17,54.04957425244732,54.80026185698395,53.962113396978175,54.72737503051758,9355700
2019-06-18,54.967887455622375,55.550948696417855,54.91687001408908,55.20111083984375,10091500
2019-06-19,54.953303869101724,55.281272284704926,54.785671984370964,54.894996643066406,9757400
2019-06-20,55.56552681722155,56.09757065566494,55.4489178967655,55.8351936340332,16229700
2019-06-21,56.22146298572349,56.673335707318124,56.02468302209201,56.622318267822266,23108100
2019-06-24,56.50568481346159,56.6733166643265,55.98093100612344,56.08296585083008,10011800
2019-06-25,56.17773427088483,56.27976914793367,55.52908159800988,55.58738327026367,9740000
2019-06-26,55.886210987933524,56.214179484194624,55.73315865231271,55.827903747558594,11365500
2019-06-27,55.82060649515666,55.93722096032765,55.215687028654315,55.25941467285156,8147800
2019-06-28,55.52908329400727,55.9226487862806,55.34687735650021,55.849761962890625,14781300
2019-07-01,56.21417351436591,56.79723473522629,55.60196423689801,55.798744201660156,11437900
2019-07-02,55.49263184837675,55.58737692038951,54.960593701752856,55.186527252197266,10475400
2019-07-03,55.259427082947205,55.755027550257786,55.120948764578294,55.711299896240234,5246100
2019-07-05,55.52909622290502,55.645705158608074,55.09179742268418,55.4853630065918,6880800
2019-07-08,55.49262981774002,55.90076926437765,55.332287732137246,55.74043273925781,7876100
2019-07-09,55.718584040919424,55.951807462775186,55.1938355121077,55.704010009765625,7863000
2019-07-10,55.97367796912796,56.57859758259021,55.92994475382237,56.49114227294922,8077400
2019-07-11,56.418245986918826,56.56400850453622,56.15586900682062,56.534854888916016,6404000
2019-07-12,56.66603979029631,56.76078486469903,56.483833874571886,56.57857894897461,6139000
2019-07-15,56.57859561547492,56.65876668684852,56.03926750299468,56.1777458190918,7116400
2019-07-16,56.06112599317503,56.170450676503755,55.237557091669494,55.33959197998047,10197400
2019-07-17,55.20111356878311,55.36145569595279,54.916872728976614,55.01162338256836,7419300
2019-07-18,54.68363665677292,54.858552772917065,54.064137676713294,54.54515838623047,11424500
2019-07-19,54.588892335891636,54.84397950054171,54.326515377827796,54.654483795166016,11243100
2019-07-22,54.83668248277193,54.880415677009786,54.29735461135263,54.71278381347656,8368800
2019-07-23,54.771107770056716,55.22297495157223,54.47957714813708,54.93144989013672,8551200
2019-07-24,54.94602764340061,55.427054036245856,54.552462111204825,54.924163818359375,8260200
2019-07-25,55.230266480227996,55.230266480227996,54.51602227260926,54.61076736450195,9083900
2019-07-26,54.567033374791855,54.7200856872097,54.37024785848059,54.52330017089844,7677300
2019-07-29,54.57431817195005,54.93873003208442,54.443129679882325,54.909576416015625,7091900
2019-07-30,54.7055029559833,55.069914791417204,54.58160426645177,54.91686248779297,6961200
2019-07-31,54.69092422002768,55.142796858831325,54.12244269537711,54.1953239440918,13104600
2019-08-01,53.74346330009965,54.12973900893357,52.672091467381215,52.810569763183594,17132800
2019-08-02,52.9198988335319,53.393635435955915,51.87768053239291,52.29310989379883,21376700
2019-08-05,51.58614497418758,51.688179856008105,50.73342250733723,51.22173309326172,19080900
2019-08-06,51.22902414936498,51.753778160498086,51.22173435463142,51.71733474731445,12282400
2019-08-07,50.91562949112329,51.65902729683221,50.580371221059735,51.382076263427734,15231100
2019-08-08,51.637158910506855,52.77412768295912,51.469532570528735,52.75225830078125,14304100
2019-08-09,52.57006243397984,52.65752329797935,51.360217731319146,51.629878997802734,13686600
2019-08-12,51.696281316893284,51.77007440625824,51.15762779411193,51.378990173339844,9542600
2019-08-13,51.1133397969463,52.10948999242711,50.85508092870432,52.0135612487793,12403300
2019-08-14,50.96578456713709,50.98053980974736,49.91798782348633,49.91798782348633,18114400
2019-08-15,49.77777715579591,49.85156461248542,49.09154311230157,49.62282180786133,12874400
2019-08-16,50.013905886382844,50.51566852843472,49.63758249743826,50.39760971069336,12649000
2019-08-19,50.891987988441905,51.39375059175696,50.81082009455107,51.24617004394531,10032800
2019-08-20,51.13548489975586,51.13548489975586,50.70012937838058,50.93625259399414,9743500
2019-08-21,51.62249508625763,51.637255956330996,51.187145122674956,51.445404052734375,10134200
2019-08-22,51.585589405620986,51.62248031100068,51.09858216579397,51.3347053527832,8972000
2019-08-23,50.781304862544104,51.30520314967887,49.460488492321666,49.7999153137207,15371900
2019-08-26,50.26478791166544,50.36809148396006,49.82943231731885,50.065555572509766,7343900
2019-08-27,50.27215338338188,50.50090179066894,49.41620885334112,49.57854461669922,9490900
2019-08-28,49.82942526125237,50.16147723628431,49.55641112868622,49.94010925292969,9647400
2019-08-29,50.39759952216879,50.670613649665135,50.24263855892513,50.49352264404297,9004100
2019-08-30,50.626345338313584,50.973152566080245,50.220505895262825,50.53042221069336,9180800
2019-09-03,50.09506867989258,50.67799916267815,49.90321678729453,50.58945083618164,9849700
2019-09-04,51.28306815067509,51.36423604703876,50.98053224066097,51.12811279296875,6959200
2019-09-05,51.53395847157609,52.05786251547022,51.430654876064956,51.85124969482422,9901500
2019-09-06,51.91027779981185,52.353008263872155,51.74056717623999,52.338253021240234,10418500
2019-09-09,52.5079629623461,53.17943619903335,52.375143276132206,52.751461029052734,12840200
2019-09-10,53.231095153767136,53.75499353392258,52.84739691394321,53.179443359375,13810800
2019-09-11,53.703335625561934,53.747606978679784,52.795739108909785,53.076133728027344,10525700
2019-09-12,52.3751210108749,53.245826221547645,52.168508319335764,53.113006591796875,9100700
2019-09-13,53.31963059383106,53.659057393339616,53.1720500529869,53.60002517700195,7337200
2019-09-16,55.37095607583194,55.474259646731326,54.3083986270127,54.404327392578125,19830200
2019-09-17,54.47073488373182,54.662586786879515,53.59264889396206,53.99110794067383,14452200
2019-09-18,53.60740226203569,53.843525483011256,53.37127904106012,53.73284149169922,7292200
2019-09-19,53.843523278081065,54.005859041408065,53.26797330237364,53.37127685546875,8050200
2019-09-20,53.48934362522106,53.49672406000633,53.02447756694985,53.18681335449219,19736600
2019-09-23,52.773590682340725,53.393417690475054,52.72931933519612,53.22370147705078,7495200
2019-09-24,52.98758825948072,53.031865244617244,52.2570827453929,52.49320602416992,13307100
2019-09-25,52.37514104598181,52.736703542648726,52.2570766056533,52.648155212402344,8035200
2019-09-26,52.55224647973314,52.64816964157273,52.153787328853134,52.367774963378906,8420200
2019-09-27,52.16853148169656,52.88428171371681,52.1168796932839,52.74408721923828,8224000
2019-09-30,52.56698549684705,52.72194084719582,52.079983771411264,52.10211944580078,9768900
2019-10-01,52.264460721345245,52.323492945666885,50.84772111536233,50.87723159790039,10279100
2019-10-02,50.37547039373715,50.61159366816622,49.44573816733559,49.549041748046875,14503700
2019-10-03,49.43835313724885,50.176239004968984,48.92921008704279,50.16148376464844,10788400
2019-10-04,50.25741211388534,50.96578194481972,50.04342451449532,50.89199447631836,10534800
2019-10-07,50.692760730936946,50.936264436985574,50.19099807739258,50.19099807739258,10993000
2019-10-08,49.83681469744457,50.11720931467021,49.17271625704415,49.21698760986328,9748700
2019-10-09,49.659708387809076,49.9548581553513,49.58591531630256,49.76301193237305,8580900
2019-10-10,49.75564396163643,50.44187803933356,49.71874741664166,50.36071014404297,7100100
2019-10-11,50.89937591552734,51.27569370119018,50.83296325183072,50.899375915527344,10101900
2019-10-14,50.618968517621354,51.18714377845373,50.61158808277849,51.04694366455078,6234600
2019-10-15,50.95839020961499,51.65200464489685,50.92149929835597,51.224029541015625,6645700
2019-10-16,51.0690837574509,51.305207026248965,50.3311978387541,50.3459587097168,9765800
2019-10-17,50.53042896399894,50.82557882062187,50.23527347775335,50.279544830322266,9757200
2019-10-18,50.080306302509904,50.28691340526595,49.88845443725586,49.88845443725586,13472700
2019-10-21,50.04342863614731,50.744418089079204,50.04342863614731,50.72228240966797,10199300
2019-10-22,50.751794572287224,51.474925277928016,50.65587142576899,50.98053741455078,9536000
2019-10-23,50.88461021329218,51.474921176148705,50.751790528130584,51.4675407409668,8641800
2019-10-24,51.62250021559037,51.68891287827454,50.92888562340666,50.98053741455078,9003600
2019-10-25,50.84033195079357,51.26830705920939,50.84033195079357,51.09859085083008,7607200
2019-10-28,51.25354943602969,51.40850478586277,50.60421192773549,50.64848327636719,11209600
2019-10-29,50.53042782356715,50.93626168207566,50.35333115804313,50.500911712646484,13894400
2019-10-30,50.44925042597803,50.44925042597803,49.63757160256101,49.96962356567383,12840600
2019-10-31,49.777772241280275,49.96962411342928,49.54164902541285,49.85894012451172,16169100
2019-11-01,50.46401229170593,51.36423391982276,50.40498007322759,51.35685348510742,14108700
2019-11-04,51.703664843109195,53.031861716378685,51.607741702670765,52.884281158447266,15858200
2019-11-05,53.157287435584664,53.95420535666645,53.01708734864771,53.932064056396484,14930400
2019-11-06,53.66644359169183,53.76974716656679,52.53747344406242,52.751461029052734,13996500
2019-11-07,53.149912509658286,53.88779829905711,53.12777683671581,53.873043060302734,13073800
2019-11-08,53.47724711207896,53.61913801313157,52.76780400184494,52.849945068359375,12106000
2019-11-11,52.43175533260862,52.730470364812504,52.25252859229243,52.52883529663086,8674000
2019-11-12,52.476556450977796,52.58111154688396,51.513209236874715,51.8044548034668,13918600
2019-11-13,51.5430720103182,51.640157657411905,51.22942383704891,51.3787841796875,11773700
2019-11-14,51.42358609636732,51.505732855108654,50.915772359381876,51.15474319458008,11279800
2019-11-15,51.31157335714917,51.75217926970554,51.28170128701698,51.6700325012207,11252800
2019-11-18,51.30409918882884,51.393715390969504,51.00538991005521,51.169677734375,10095600
2019-11-19,51.08007866639133,51.19956126514964,50.6170700646034,50.646942138671875,12605500
2019-11-20,50.534917589763694,51.184622308118,50.27354409301711,50.80376052856445,16930700
2019-11-21,50.79629227704911,52.088232301983425,50.721614947301966,52.02848815917969,14080900
2019-11-22,52.05835885741275,52.409348565232655,51.77458273285288,51.8044548034668,12143600
2019-11-25,51.80444626507703,51.85672095565677,51.31156572745613,51.4609260559082,10670000
2019-11-26,51.46839821443367,51.558014426157435,51.10994476256839,51.33397674560547,15457000
2019-11-27,51.34891862324739,51.59535324920361,51.08754511237551,51.304107666015625,8393900
2019-11-29,51.027797393354476,51.177152046957794,50.78135708714565,50.87843704223633,7980800
2019-12-02,51.15474917556373,51.438525295067365,51.05766922093441,51.09500503540039,11116900
2019-12-03,50.78135433447523,50.96805049011669,50.42289520873726,50.69173812866211,12245800
2019-12-04,50.968046812808005,51.34890853814173,50.88590005445143,51.266761779785156,11049700
2019-12-05,51.44599310744819,51.50573724571917,50.93817932717412,51.08753967285156,13109000
2019-12-06,51.3489194802575,52.177850983939734,51.3489194802575,51.90900802612305,13710800
2019-12-09,51.58788632104673,52.25252422090192,51.543075366580005,52.02102279663086,12397700
2019-12-10,52.02101997639963,52.38694284920322,51.304101718947294,51.57294464111328,14281800
2019-12-11,51.33398219997652,52.095705836776446,51.281707495295386,51.49827575683594,13748400
2019-12-12,51.49827441791857,52.55870736960278,51.453469157218365,52.52883529663086,17068500
2019-12-13,52.63337846919011,52.6781837197333,51.617751008441395,51.69989776611328,12274500
2019-12-16,52.05089895412176,52.461632878439765,52.05089895412176,52.27493667602539,15208700
2019-12-17,52.25999119092019,52.558700486489606,51.759641156060745,52.035953521728516,14450700
2019-12-18,51.998604981696175,52.49148550828292,51.737231534648885,52.17783737182617,13652300
2019-12-19,52.26745517145985,52.312266124009625,51.70736669346195,51.81938552856445,13273200
2019-12-20,52.17037366124632,52.44668601990971,51.81938398058361,52.23011779785156,35092000
2019-12-23,52.1703718094385,52.498958851589535,51.923931527825225,52.49148941040039,14172500
2019-12-24,52.53629241339701,52.64831123638147,52.20771108282699,52.289852142333984,3979400
2019-12-26,52.41681641596442,52.6483178343006,52.28239495104008,52.372005462646484,8840200
2019-12-27,52.42428479451359,52.50643156909098,52.18531391324716,52.19278335571289,10516100
2019-12-30,52.34213004542098,52.603509214262544,51.82685254409432,51.8865966796875,12689400
2019-12-31,51.54306458081693,52.125561286873655,51.53560083789671,52.11062240600586,13151800
2020-01-02,52.45415610287842,53.0366472613868,52.45415610287842,52.94703674316406,12456400
2020-01-03,53.27562225719212,53.298030585995036,52.394421706474034,52.5213737487793,17386900
2020-01-06,52.513899167658025,53.29055592888231,52.44669128037195,52.92463302612305,20081900
2020-01-07,52.64831349028677,52.663246675150795,51.908998342961205,52.49148941040039,17387700
2020-01-08,52.35706612997431,52.49148757911794,51.655086818056034,51.69989776611328,15137700
2020-01-09,51.632698333065214,52.200256351272955,51.25183650660201,52.095706939697266,14811800
2020-01-10,52.22265098899725,52.24505361697494,51.617757243540616,51.6326904296875,11995600
2020-01-13,51.677493063019526,52.17784308502584,51.610285182497236,52.12556838989258,9953900
2020-01-14,51.81191168557627,51.96127201886331,51.445988839672765,51.677490234375,16261000
2020-01-15,51.677498945628344,51.96874452274054,51.445997511902014,51.59535217285156,11390300
2020-01-16,51.752174012442495,51.96127278461168,51.378781719993455,51.393714904785156,13340300
2020-01-17,51.341445351900276,51.587885656992945,50.997925092156606,51.199554443359375,18144100
2020-01-21,51.065129036068846,51.095001103851985,50.415430078707324,50.46770477294922,17982600
2020-01-22,50.45275925673362,50.55730863147118,50.034561757783365,50.17645263671875,17033100
2020-01-23,49.81800678332422,49.982300329355446,49.32513184274566,49.86281204223633,19605900
2020-01-24,49.69104981633553,49.79559920842388,49.317657502444376,49.526756286621094,18238600
2020-01-27,48.854653728917775,49.08616086033382,48.31696783306969,48.346839904785156,21231000
2020-01-28,48.62315285074068,48.69036073973226,48.26469368357335,48.279632568359375,19664700
2020-01-29,48.56340619079145,48.638083518307376,47.71954156458318,47.876365661621094,14202800
2020-01-30,47.62992406974808,48.45138604532016,47.36855058172715,48.384178161621094,18544700
2020-01-31,47.19679140956521,47.19679140956521,46.19609984426443,46.390262603759766,34282900
2020-02-03,45.83764121924739,45.8675104392825,45.08338715040451,45.352230072021484,27389300
2020-02-04,45.88991651919315,46.233436768554746,44.72493145977349,44.78467559814453,31922100
2020-02-05,45.36716529862366,46.99515598497691,45.255146467025405,46.84579849243164,32099200
2020-02-06,46.995160024444324,47.05490131734316,46.13635650505853,46.211036682128906,16055400
2020-02-07,45.86004571578575,46.046741880212295,45.59867222509155,45.90485382080078,15112500
2020-02-10,45.813958824273726,45.8442597553381,45.16250325466874,45.4200553894043,20934500
2020-02-11,45.889703316302146,46.124528267815315,45.579123160407335,45.85182571411133,14908700
2020-02-12,46.46540921182424,46.609334283845044,45.87455557024296,46.412384033203125,17862100
2020-02-13,46.253303677807516,46.52600332959165,45.87455079017624,46.15482711791992,16949400
2020-02-14,46.321486712783525,46.329060500297736,45.66245450247639,45.94273376464844,10855300
2020-02-18,45.56396672535295,45.745766466027035,45.03371218401977,45.359439849853516,18948500
2020-02-19,45.5336750102536,45.92000170452532,45.32157430670485,45.70790100097656,12804900
2020-02-20,45.62457182532463,45.85939965247324,45.23824515707902,45.344295501708984,14817200
2020-02-21,45.07917477653682,45.07917477653682,44.533772494240885,44.791324615478516,20315700
2020-02-24,43.64748743613301,43.78383872395493,42.693031311035156,42.693031311035156,32096600
2020-02-25,42.98845936203764,42.98845936203764,40.88259390740649,41.056819915771484,36414500
2020-02-26,41.32193984730445,41.52646675528789,40.094781289059036,40.15538024902344,29801000
2020-02-27,39.17062678590192,39.72360570930331,37.7237907288776,37.73894119262695,48141300
2020-02-28,36.943566843333684,38.96610641479492,36.36786068263306,38.96610641479492,62446700
2020-03-02,39.83723176264828,40.82198876488796,38.73127394305072,40.814414978027344,38127600
2020-03-03,40.86744189461293,41.01894364517307,38.617648556382,38.860050201416016,50580700
2020-03-04,39.56452906498037,39.7539055220536,38.72369713323037,39.70845413208008,24079600
2020-03-05,38.19343928715368,38.40554286633523,37.14808341192635,37.958614349365234,40788200
2020-03-06,36.9965790431467,37.125353626990396,35.75427013937358,36.12544631958008,55640500
2020-03-09,31.595570955171794,33.76203832989386,30.90624068954711,31.709197998046875,72896300
2020-03-10,34.974046330162004,35.042221977360704,31.398620415007276,32.883331298828125,60445900
2020-03-11,32.1106661033054,32.93634743041692,31.625862918516045,31.80008888244629,51986100
2020-03-12,30.224485094427326,30.792614491768777,28.027716935511506,28.1640682220459,65725300
2020-03-13,30.30780708183822,30.406283649150367,26.51270413309251,28.876121520996094,79891500
2020-03-16,26.05820336843079,28.694323478059864,25.187070452555353,26.126379013061523,48924700
2020-03-17,26.67177624494429,28.315565193076466,25.906696723781153,27.883787155151367,41204400
2020-03-18,26.171826108111595,27.80803860155149,23.656906958743896,25.088592529296875,54036400
2020-03-19,25.550672217158844,26.436955572723193,24.505313325096324,26.0809268951416,49412400
2020-03-20,26.3915022218839,26.64905430980482,23.906882674517,24.80074119567871,76534600
2020-03-23,24.64166754258663,24.770445056257085,22.808504537035862,23.823562622070312,56952500
2020-03-24,26.073346371610164,27.39898142616066,25.24766788313046,26.84600257873535,61835600
2020-03-25,27.656536151252613,29.232149640155665,26.64905491565943,28.247392654418945,56607700
2020-03-26,28.40647211251883,29.96693535417594,27.815618417268286,29.40637969970703,46722000
2020-03-27,28.126194660658282,28.5428223245358,27.421713947882118,27.989843368530273,51558600
2020-03-30,27.444438412600043,28.898851243346,27.164162038679546,28.406471252441406,45835000
2020-03-31,29.042773292910457,29.88360521657065,28.307991721846072,28.762496948242188,41491600
2020-04-01,27.921671586437594,29.31548274023139,27.527768120185428,28.42919921875,36045900
2020-04-02,29.34577939978811,31.784946396444724,28.70947433769168,30.603239059448242,62000200
2020-04-03,31.398623604499043,31.95160262588012,29.17913084092985,29.70180892944336,48425700
2020-04-06,30.209325376770963,30.928956304232592,29.716945560703884,30.656253814697266,41301900
2020-04-07,32.497009518503624,32.81516066089313,31.17894776801073,31.23954963684082,48921800
2020-04-08,31.777369705102213,33.36055698340088,31.413767258510628,33.21662902832031,33355600
2020-04-09,34.436213541927806,35.38309580753067,31.61829388445931,32.671226501464844,60107300
2020-04-13,33.67113203449153,33.85293180097696,31.792518072762636,32.39094543457031,29651900
2020-04-14,32.57275408913427,33.1408835209215,31.74707253268394,32.14097595214844,30769000
2020-04-15,31.05774469780162,31.103196096172105,29.830585838358,30.663841247558594,33125000
2020-04-16,30.66383420042464,30.66383420042464,29.489700797423527,29.656352996826172,30934000
2020-04-17,30.20933319296973,32.81515219784172,30.201756516491923,32.739402770996094,40829100
2020-04-20,30.868362155850487,32.37580000865204,30.70928662721493,31.194089889526367,39260800
2020-04-21,30.603243331960993,31.913728355614406,30.019963369469693,31.02744483947754,44381600
2020-04-22,32.269744927282375,32.519723220594756,31.709192270805566,31.913719177246094,27074200
2020-04-23,32.67122599941473,33.830208950013144,32.42882437431775,32.91362762451172,35271000
2020-04-24,33.6332512544133,34.00442739630331,32.671218753934916,33.1257209777832,28653800
2020-04-27,33.019679411876126,33.572658323807346,31.98947101553368,33.28480529785156,28274400
2020-04-28,33.610531559581695,34.38318782286183,33.413581322897095,34.06503677368164,26545100
2020-04-29,35.04222516146213,36.0572832844003,34.96647571976094,35.95123291015625,29502500
2020-04-30,36.11787131657235,36.11787131657235,34.6710355728231,35.201290130615234,37076300
2020-05-01,34.56499336186646,35.14069654669897,32.572752131685405,32.678802490234375,35399300
2020-05-04,32.201569709755894,34.04230900195692,31.98189522782874,33.99686050415039,27465600
2020-05-05,35.04221494589026,35.71639749497816,33.830206894062265,33.958984375,29276200
2020-05-06,34.03473973522714,34.29229185240203,33.254509596280705,33.32268524169922,22659000
2020-05-07,34.057456598732486,34.29228441304293,33.30752755147383,33.512054443359375,22160300
2020-05-08,34.322591500559106,35.011921716441826,34.07261318013462,34.98162078857422,19977400
2020-05-11,34.92859944852287,34.99677509889019,34.4740941495221,34.64832305908203,22258000
2020-05-12,35.07301880699398,35.26606713493829,34.06916809082031,34.06916809082031,25439100
2020-05-13,33.77573802394767,33.87612103736304,32.123241800199864,32.37806701660156,30827900
2020-05-14,31.71398638819472,32.856832399535996,31.042178876907727,32.66378402709961,24856500
2020-05-15,32.72555942907742,33.212039184558044,32.31629489509491,32.432125091552734,22445600
2020-05-18,34.285385057214846,35.19657342298556,34.02283920698119,35.01124572753906,32026100
2020-05-19,35.1734115387359,36.00738189005409,33.92245895744289,33.930179595947266,21771600
2020-05-20,34.45526735633608,35.196575230508195,34.41665827695972,35.0344123840332,19352400
2020-05-21,35.0884596604581,35.358729061061744,34.27765735001404,34.408931732177734,19130700
2020-05-22,34.015117385939725,34.493876450922286,33.5518025418513,34.439823150634766,15406400
2020-05-26,35.320129285800455,35.752555727502475,35.111636703258036,35.45140075683594,20356500
2020-05-27,36.030538484572894,36.401190907112124,35.06529688035086,35.70621871948242,20788300
2020-05-28,35.85293107072271,35.876095924465275,34.694641252661064,34.77958297729492,19698000
2020-05-29,34.609710194685384,35.28151767141981,34.26222255303508,35.111637115478516,25874700
2020-06-01,34.99580143437167,35.8683807209268,34.594260549812525,35.73710632324219,19031000
2020-06-02,36.18497930663422,36.64057348150045,36.10003757045317,36.532466888427734,22319000
2020-06-03,37.06527199356119,38.14634360497999,37.026662924371195,38.02279281616211,23418000
2020-06-04,37.74481519042914,37.953307767289346,37.18883498546858,37.914695739746094,18731400
2020-06-05,39.88379261782885,41.27374022987689,39.845180589026334,40.98802947998047,41328900
2020-06-08,42.254422722267776,42.74862601446301,41.28145741328494,42.269866943359375,33579400
2020-06-09,40.833574716410396,41.67526537020339,40.50153142528305,41.32777786254883,27276900
2020-06-10,41.312341038594795,41.312341038594795,39.07297931804237,39.11159133911133,31156800
2020-06-11,36.70235299404453,37.713927453544684,35.598116147208884,35.65989303588867,39183000
2020-06-12,37.09616869339586,37.54403929802933,35.4513960573825,36.42435836791992,30978100
2020-06-15,35.018972336365366,36.879958462645604,34.55565743726789,36.40119934082031,27929300
2020-06-16,38.27762296580856,38.41661800025816,36.47841404649675,37.21971893310547,26203400
2020-06-17,37.065281715345705,37.16566767811627,35.98420982037455,36.00737762451172,19279400
2020-06-18,35.60583704859901,36.5479139102006,35.34329118285843,36.2313117980957,21478700
2020-06-19,37.235165666939785,37.2660511633708,35.50545120239258,35.50545120239258,48899900
2020-06-22,35.28151779148917,35.86066288098253,35.057583928938435,35.845218658447266,17565400
2020-06-23,36.21587115182803,36.46297280085428,35.90699261770322,36.061431884765625,18916600
2020-06-24,35.45139074565554,35.489999817664014,34.16955011346367,34.36259841918945,27626900
2020-06-25,34.015118584476596,34.93403061311053,33.73712848995488,34.879974365234375,19353600
2020-06-26,34.656040275163775,34.70236999346928,33.59041256887684,33.683074951171875,31518600
2020-06-29,33.8298039141018,34.42439336133689,33.621311280991975,34.2236213684082,17052100
2020-06-30,33.53635958405122,34.72553812653302,33.327867012653705,34.53248977661133,22153600
2020-07-01,34.354880047896195,35.04213159027749,33.72167885334332,33.752567291259766,17290100
2020-07-02,34.455270333709784,34.89542035713944,33.92245792263288,34.03828811645508,18216600
2020-07-06,34.49387355285758,34.81047563606163,33.85295464086042,34.27766036987305,22692000
2020-07-07,33.89929215982327,33.976510323193246,33.28925865387448,33.389644622802734,17407600
2020-07-08,33.32014728984674,33.922457215525085,33.080766268923334,33.31242370605469,18291400
2020-07-09,33.12709222908231,33.281528525453,31.88386060178687,31.93791389465332,25882000
2020-07-10,31.75258986527247,32.98037741493839,31.737145644723253,32.93404769897461,18951000
2020-07-13,33.18887028598406,33.4282512882226,32.60972526551873,32.941768646240234,20028300
2020-07-14,32.841388477122855,34.12322956401618,32.6328958794994,34.03056716918945,21444100
2020-07-15,34.77186922656028,34.81820189282827,34.138670849318565,34.46299362182617,17332400
2020-07-16,34.21588249072664,34.601979099057495,33.814341664580546,34.19271469116211,14673700
2020-07-17,34.23133169141325,34.509318815502546,33.50546807685382,33.60585403442383,17958900
2020-07-20,33.366474817040626,33.598132238947606,32.802774010316185,32.81821823120117,18553900
2020-07-21,33.32014176246464,34.895413841050974,33.28925332378868,34.478431701660156,28821800
2020-07-22,34.092350724726536,34.092350724726536,33.490037676445944,33.67536544799805,21345400
2020-07-23,33.513192741629865,33.83751253637925,33.21975844232051,33.744850158691406,17934400
2020-07-24,33.88384933519755,34.30083155854725,33.35103397064833,33.53636169433594,16415300
2020-07-27,33.38192451403353,34.04601139260798,33.18115550096155,34.03056716918945,18547900
2020-07-28,33.90700308310228,34.16954888729527,33.55951555612873,33.62901306152344,19190500
2020-07-29,33.75257787597485,34.04601223683415,33.46686709985853,33.99967956542969,14143200
2020-07-30,33.304702872510525,33.34331195419183,32.30085202037597,32.33173751831055,29901100
2020-07-31,31.783480825911294,32.56339487852691,31.590432472268567,32.493900299072266,32116200
2020-08-03,32.47073998309833,32.81822768894173,32.02286923109945,32.625179290771484,23033600
2020-08-04,32.69466618308176,33.66762849685854,32.61744802723801,33.56724548339844,17724000
2020-08-05,34.092343845277036,34.215894686152275,33.61358175941162,33.86068344116211,17175100
2020-08-06,33.51319968134601,33.899296438293845,33.397369475987865,33.698524475097656,14434900
2020-08-07,33.38191892667821,33.60585571023838,33.05759912622603,33.5440788269043,18757900
2020-08-10,33.968789019374555,34.43982451979415,33.66763111849218,34.37032699584961,24367800
2020-08-11,35.1348017443269,35.84521829973431,34.54021243824849,34.72554016113281,28987500
2020-08-12,35.009013859469114,35.38697856870725,34.35545082176458,34.71766662597656,22503200
2020-08-13,34.25307767853888,34.54442485451188,33.79636853433633,33.86723709106445,17338700
2020-08-14,33.54438771887039,34.07983829874831,33.394777675943956,34.016845703125,13595700
2020-08-17,33.99322497084163,33.99322497084163,33.44202842810894,33.575889587402344,15554600
2020-08-18,33.53652978587363,34.00898497786118,33.30030218987986,33.41054153442383,13014000
2020-08-19,33.3475395369218,33.5916430416395,32.96957485476929,33.040443420410156,14473100
2020-08-20,32.8278347657095,32.98532078669933,32.52073867686712,32.5364875793457,15678500
2020-08-21,32.520743530341285,32.55224133999926,32.0561613511737,32.292388916015625,25517700
2020-08-24,32.50498725316013,33.473522151999234,32.355377196911995,33.24517059326172,18208900
2020-08-25,32.80420593246991,33.12705085508274,32.0482767971514,32.19001388549805,31285600
2020-08-26,32.001044866620084,32.1585309267654,31.49709187719249,31.50496482849121,26795000
2020-08-27,31.49708047043067,31.733307973199768,30.953756913682184,31.29235076904297,32034300
2020-08-28,31.37109722393496,32.22151696899123,31.30810161122168,32.040409088134766,33477100
2020-08-31,32.0010343510947,32.06402995597121,31.418340024965918,31.4498348236084,25259600
2020-09-01,31.300218933920313,31.300218933920313,30.749019509167706,31.048242568969727,22464100
2020-09-02,30.890765994633707,31.276606610568436,30.670287359125933,30.859268188476562,26413400
2020-09-03,30.867144655664344,31.520707623424293,30.615168209805546,30.796276092529297,28817200
2020-09-04,31.071866021802435,31.331718351234333,30.434052129188444,30.772645950317383,24632500
2020-09-08,30.11908258579722,30.457676434254928,29.41039708814257,30.063962936401367,38496400
2020-09-09,30.197819596170802,30.583660088397846,29.859225798031304,29.882850646972656,25886100
2020-09-10,30.134840531857147,30.213582053545757,29.05606606498131,29.134807586669922,34381200
2020-09-11,29.237166741826517,29.37890384887237,28.733213918461615,29.056058883666992,26838600
2020-09-14,29.063931725068024,29.142673227004664,28.733213812379223,28.867074966430664,26129900
2020-09-15,28.977309975649366,29.43401902981668,28.512727973973615,28.559974670410156,23724200
2020-09-16,28.70959271672024,30.04034650172786,28.559982641939023,29.772621154785156,30890900
2020-09-17,29.410408547434844,29.9064885890827,29.11118833521264,29.764751434326172,24696200
2020-09-18,29.55214348903633,29.78049811057561,28.898580438868024,29.2844181060791,46853800
2020-09-21,28.685972213745117,28.906450861439545,28.095401832738226,28.685972213745117,35351800
2020-09-22,28.709594824535845,29.00881799986295,27.930043583184233,27.97728729248047,27303200
2020-09-23,28.071774363020513,28.182013664814615,27.048116837685143,27.079614639282227,31251400
2020-09-24,27.087493596021243,27.418211538085522,26.583537725958113,27.024497985839844,26796000
2020-09-25,26.77252488473315,27.51270537370907,26.678034461497084,27.276477813720703,23486000
2020-09-28,27.67018818214737,28.2686344682485,27.638690376816566,27.804052352905273,23396500
2020-09-29,27.55995045122039,27.64656791896019,26.76465034558408,26.99300193786621,20770500
2020-09-30,27.276473903696317,27.496952527574134,26.874887409662303,27.032373428344727,22223700
2020-10-01,26.607161308146388,26.851261776425606,25.937846499087264,26.087459564208984,36890200
2020-10-02,25.394525542105157,26.260694204038327,25.363027735250373,25.96934700012207,32694300
2020-10-05,26.237068166124164,26.575662026318696,26.118952911155574,26.56778907775879,22965200
2020-10-06,26.867011977873915,27.1032395085825,26.229197945340335,26.292190551757812,26731800
2020-10-07,26.489046377995148,26.567790887937985,26.150452494730743,26.378807067871094,23779300
2020-10-08,26.678031691211395,27.82767456655821,26.583538273991266,27.764678955078125,34413700
2020-10-09,28.095393406110198,28.3079990399616,27.28434462066607,27.355213165283203,29228600
2020-10-12,27.19773571170815,27.347345795606422,26.953632202803917,27.268604278564453,17912800
2020-10-13,27.347351163438955,27.457590510454402,26.851271098072516,26.945764541625977,20995100
2020-10-14,26.81976598320421,27.42608516263842,26.79614112949405,26.890634536743164,17743000
2020-10-15,26.536296901853927,27.134740244540563,26.19770296987453,27.126867294311523,23251600
2020-10-16,27.063870647261954,27.276476340910627,26.67803302100032,26.85126495361328,22627200
2020-10-19,26.851261803495312,27.06386747220166,26.292189306413373,26.315811157226562,23645800
2020-10-20,26.504800941126323,26.71740665768842,26.24495151230369,26.536298751831055,23040600
2020-10-21,26.386684210837053,26.4733016836431,26.095336987231953,26.111085891723633,28619300
2020-10-22,26.12683118224718,27.5284504463688,26.000842967537327,27.449708938598633,31831500
2020-10-23,27.536330925382845,27.622948400444344,26.662286228011716,26.898513793945312,27429100
2020-10-26,26.465423402443662,26.59141160920328,25.945721674085764,26.260690689086914,30888700
2020-10-27,26.103209470043335,26.142580224138623,25.748866675593753,25.84335708618164,27100700
2020-10-28,25.276418743125117,25.496900461236816,24.819712405788334,24.85908317565918,42136400
2020-10-29,24.733084242389943,26.087459769143376,24.496856721252833,25.961471557617188,38622800
2020-10-30,25.52051025934507,26.095331638384568,25.205538241665117,25.685869216918945,47885700
2020-11-02,26.095335460202513,27.13473906545914,25.646502221741528,26.764650344848633,40130300
2020-11-03,27.15836421595802,27.15836421595802,26.087462791998018,26.307941436767578,36773000
2020-11-04,26.19769844088098,26.882759136637212,25.615001099387708,26.166200637817383,35410100
2020-11-05,26.276441633828195,26.709525940506513,26.09533376026439,26.118955612182617,30824100
2020-11-06,26.063839412091454,26.504799730425585,25.685874712289234,25.81186294555664,33985600
2020-11-09,28.67809755912576,29.930106943734163,28.39462628658875,29.079687118530273,76879400
2020-11-10,29.878042625156986,30.18448495564414,29.015168208174963,29.724822998046875,49055400
2020-11-11,29.91030043112304,29.93449219433806,29.184516772003022,29.418380737304688,34124500
2020-11-12,28.918399382637975,29.265162359438925,28.1200373235163,28.410350799560547,30933700
2020-11-13,28.54744453763773,29.232904516482918,28.531315669442105,29.095813751220703,29241500
2020-11-16,30.313506699054948,30.781231457845056,29.918357215084306,30.773168563842773,38596800
2020-11-17,30.49092543814285,31.216705975287276,30.14416249798715,31.1844482421875,26521100
2020-11-18,31.466702754480984,31.555409993541392,29.999009552573675,30.00707244873047,31068000
2020-11-19,29.724819619461154,30.24093101660862,29.4828927865816,30.160289764404297,26954400
2020-11-20,30.119975128489273,30.168361740136735,29.660313084774668,29.78934097290039,18351000
2020-11-23,30.24094850178155,31.797349564108043,30.06353395283189,31.74090003967285,29367600
2020-11-24,32.66827586716552,33.934365965574706,32.43441495175888,33.853721618652344,46979300
2020-11-25,33.60372487210604,33.63598260714513,32.781174162477754,32.91020202636719,28178200
2020-11-27,32.8214995910561,33.01503987704889,32.152165334351544,32.410221099853516,14971900
2020-11-30,32.09569959176894,32.16021503864191,30.619944121606807,30.748971939086914,45614300
2020-12-01,31.418310331729508,31.97474542780713,31.023163891596987,31.04735565185547,32472900
2020-12-02,30.958648844174665,32.59569027062754,30.918328217781234,32.2086067199707,29369500
2020-12-03,32.31344302533606,32.77310493707649,32.03925845725698,32.42634201049805,27038900
2020-12-04,32.87795063842323,33.67630973902905,32.781180490891394,33.61179733276367,28723600
2020-12-07,33.402122570999865,33.49889578749882,32.79730381108422,32.982784271240234,24899400
2020-12-08,32.684399919851224,34.34563630642815,32.611821556450614,34.06338882446289,32573800
2020-12-09,34.44240957553229,35.264963410385896,34.17629093628775,34.51498794555664,37824800
2020-12-10,34.83755481607077,35.86171476473755,34.48272590632581,35.49075698852539,38058700
2020-12-11,35.24076987074379,35.426247234515394,34.84562030356641,35.3214111328125,25478800
2020-12-14,35.75688421841993,35.85365435597003,34.01500636118199,34.047264099121094,30595000
2020-12-15,34.22467361249954,34.853687162456445,33.9182343478269,34.70853042602539,27138400
2020-12-16,35.281092881067956,35.571406366120634,34.64401640845426,35.24077224731445,34273000
2020-12-17,35.48269195152386,35.51494968251104,34.99883829178243,35.063350677490234,21204600
2020-12-18,34.89400440774964,35.30527973687508,34.20854142418493,34.458534240722656,46596800
2020-12-21,33.15213917331427,33.93437257126118,32.684411098918176,33.82953643798828,27869500
2020-12-22,33.531150237862974,33.78920597068421,33.24889966515619,33.25696563720703,21792900
2020-12-23,33.47469972970869,34.18435457692893,33.43437909576522,33.68437194824219,19085900
2020-12-24,33.58759925034871,33.74888177382419,33.36986415213647,33.54727554321289,8039000
2020-12-28,33.61985161909736,34.31337749735991,33.482760868228446,33.66017532348633,23877500
2020-12-29,33.902109921094734,33.966622325589405,33.22471275442977,33.28116226196289,20287700
2020-12-30,33.3295435212676,34.208543733516585,33.281156918464795,33.54727554321289,23807300
2020-12-31,33.442447170522804,33.61179568949099,33.03923465320767,33.240840911865234,22786500
2021-01-04,33.42631983408439,34.0714592761304,33.063427936599915,33.46664047241211,27764700
2021-01-05,33.7408214948965,36.12783871215317,33.73275859860419,35.07948684692383,44035100
2021-01-06,35.813327603820774,36.36975964501465,35.24076669641258,35.974613189697266,36484800
2021-01-07,36.28912037457341,36.748782319883325,35.91009968847803,36.25686264038086,29528100
2021-01-08,36.450407015620726,36.95038960489049,36.2488007855302,36.66007614135742,28628200
2021-01-11,36.321388421571996,38.014879956048524,36.08752439667476,37.772953033447266,38246200
2021-01-12,38.272929389716886,38.84549039584796,37.82939625928108,38.611629486083984,36915100
2021-01-13,39.13579584616572,39.280952561039,38.458398868845954,39.047088623046875,29000300
2021-01-14,39.11161659071014,41.19219478492748,39.11161659071014,40.57124710083008,35474800
2021-01-15,39.44225154246414,39.579345409208514,38.13584374100709,38.61969757080078,42411300
2021-01-19,39.07128656344425,39.86964548240064,38.990642228626996,39.38579177856445,24932600
2021-01-20,39.60352941073563,40.11157798576737,39.506759279009074,39.94222640991211,22342400
2021-01-21,39.78093154672963,39.82931505945609,38.4503295739629,38.79709243774414,29044500
2021-01-22,37.91004102231585,38.418089675561845,37.61166460906804,38.248741149902344,23264800
2021-01-25,37.82132339477539,37.942285265958844,37.22456770429794,37.82132339477539,26395800
2021-01-26,38.11164138884981,38.595498199600385,36.97458234417315,36.9907112121582,23976800
2021-01-27,36.289125462747606,37.62779085676716,35.91010472350894,36.571372985839844,32410300
2021-01-28,37.04716294348716,37.571340417640386,36.84555669593087,37.14393615722656,24967200
2021-01-29,36.73265232122556,37.1278018622445,35.893969715656155,36.160091400146484,38961100
2021-02-01,36.756845084544025,36.756845084544025,35.71655631960034,36.22460174560547,24412400
2021-02-02,36.942325458541625,37.89390707845396,36.514918173358296,36.79716873168945,31940400
2021-02-03,36.79717828452442,38.442283155486415,36.627826675053996,38.24067687988281,28459300
2021-02-04,38.61162977254413,39.0148422716167,38.10358116235786,38.97452163696289,25280300
2021-02-05,39.659981943191816,40.41802033950268,39.547082934833526,40.28092956542969,34980100
2021-02-08,41.063158273106616,42.22441220655996,40.89380976656705,42.014739990234375,36998700
2021-02-09,41.555473163655634,41.79330868167659,40.817367142620064,41.52267074584961,28977000
2021-02-10,41.52266923662752,42.17056154600217,41.32583909440009,41.92452621459961,25723800
2021-02-11,41.73590018091768,41.76870572695064,40.0054467340422,40.87477493286133,26972200
2021-02-12,40.53852243793255,41.588274793075044,40.522119666319846,41.43245315551758,19756700
2021-02-16,42.613427909848724,43.08089598783193,42.3345870274983,42.679039001464844,28060100
2021-02-17,42.933278038578955,43.6877900177779,42.482212692752825,43.34333801269531,25509700
2021-02-18,43.31052737555266,43.4171406960695,42.53141294684343,42.66263198852539,20627600
2021-02-19,42.736446725019924,43.10550129048389,42.58062194820791,42.949676513671875,22607200
2021-02-22,43.1301009118321,44.95076789025965,43.1301009118321,44.53250503540039,36435100
2021-02-23,45.090193935766855,45.31982651789475,44.0732469619068,45.14760208129883,33527900
2021-02-24,45.26240708939717,46.7468249373552,44.99996902424007,46.500789642333984,28728600
2021-02-25,46.73043239912337,46.95186515167903,45.39363606118033,45.72988510131836,29670900
2021-02-26,44.622714139715846,45.155793212699024,43.5647589429693,44.589908599853516,35291000
2021-03-01,46.312161242482105,47.2470972157148,46.03332041463126,46.25475311279297,36998300
2021-03-02,46.459794280774055,46.71402945132791,45.94311786006945,45.98412322998047,30302600
2021-03-03,46.27116605956649,47.53415153292426,45.82830366440346,46.353179931640625,35358900
2021-03-04,46.845244108674905,48.77252759841933,46.828841336550525,48.149234771728516,52137500
2021-03-05,49.06777146711347,50.06831554326783,48.47728418193397,49.96990203857422,51429800
2021-03-08,50.50298375146587,50.527586346762156,49.059571009575244,49.92069625854492,38154600
2021-03-09,49.70746970832276,50.34716225582302,48.772533483973376,49.14978790283203,35645900
2021-03-10,49.633648512367245,50.781814305317006,49.231788451304226,50.65879821777344,31579100
2021-03-11,50.66700942424344,51.29850216009726,50.240546675543094,50.28155517578125,24802600
2021-03-12,50.47836685564528,51.15086475864982,50.43736149639054,50.822818756103516,20422700
2021-03-15,50.42916842642791,50.732611879742194,49.10057208346716,49.527034759521484,31243600
2021-03-16,48.82992756880241,48.928341056578134,47.92779402391512,48.47727584838867,30624800
2021-03-17,48.13283564510591,48.98576108911941,48.07542750257703,48.69051742553711,25575500
2021-03-18,48.231246842115155,48.362465885730735,46.35317173845378,46.591007232666016,38622800
2021-03-19,46.50899555770061,47.132288390506595,45.77088957591532,46.32857131958008,84439400
2021-03-22,46.33676844855764,46.632012075516926,45.84469782263132,45.85289764404297,29315100
2021-03-23,45.05737834809623,46.16454189776027,44.65552141891004,45.28701400756836,33493300
2021-03-24,45.99232136912725,46.97646265806288,45.99232136912725,46.20555114746094,29781800
2021-03-25,45.27881593930707,46.336771291313724,44.6965315995858,46.07433319091797,31495900
2021-03-26,46.992864013025724,47.386521142431704,46.35317156880459,47.3291130065918,34226500
2021-03-29,47.02567037740083,47.41932751368338,46.53359973917484,47.07487869262695,21144400
2021-03-30,46.632013855299405,47.04207376872482,46.328570395347086,46.492591857910156,20303400
2021-03-31,46.213752047082984,46.443387731231724,45.762686757715244,45.78729248046875,23686500
2021-04-01,46.18914911542532,47.115885410144465,46.04152729401842,47.06667709350586,23194500
2021-04-05,46.99286819273319,47.009270965647616,46.041529263259505,46.33677291870117,23264800
2021-04-06,46.61561106068707,47.18969556490543,46.1399400596605,46.20555114746094,18926300
2021-04-07,46.246558896647635,46.55820532274436,46.12354279344481,46.41058349609375,22385000
2021-04-08,45.86929627651054,45.99231548614625,45.36902274580436,45.92670440673828,21999300
2021-04-09,45.926715342122776,46.287566979261854,45.54125798009272,45.820098876953125,20020700
2021-04-12,46.54999687488145,46.57460259542348,45.36082570847472,45.51664733886719,20238800
2021-04-13,45.35263187152049,45.9103136787291,45.18040743566441,45.688880920410156,19370600
2021-04-14,46.26295326514193,47.57514356531543,46.13173423512458,47.00926208496094,28051100
2021-04-15,47.09127838147811,47.09127838147811,46.566402199259585,46.73042678833008,23250300
2021-04-16,47.04207539964465,47.30451350305477,46.28756350595882,46.46799087524414,22752000
2021-04-19,46.54180246000697,46.86164870762884,45.893907014126825,46.320369720458984,21123300
2021-04-20,46.31217072692972,46.31217072692972,44.92616612442514,45.34442901611328,21782100
2021-04-21,44.69652482441494,46.03332084652201,44.532500254403466,45.92670440673828,16625600
2021-04-22,45.91850153518451,45.91850153518451,45.12298445701451,45.3280143737793,21600100
2021-04-23,45.32802700443825,45.87750583279623,45.25421608869517,45.57406234741211,15337900
2021-04-26,45.49204409486963,46.16454204788572,45.467438374680235,45.664268493652344,16083800
2021-04-27,45.934909350004816,46.44338588659579,45.77088789021037,46.26295852661133,19278600
2021-04-28,46.673021070422905,47.944206226712375,46.57460756328352,47.65716552734375,24729800
2021-04-29,48.321464962731206,48.78073325158912,47.68997536725181,48.337867736816406,27318400
2021-04-30,47.83759148145318,48.296856586847994,46.87804964759393,46.943660736083984,30518400
2021-05-03,47.550551519572906,48.37887437215796,47.35372449515309,48.23945236206055,20509600
2021-05-04,48.387082219263185,48.7971422380705,47.985222024287765,48.542903900146484,23522200
2021-05-05,49.01856398582518,50.06831639646938,48.715120516218775,50.002708435058594,31526200
2021-05-06,49.91249670151338,50.55218921068858,49.23179569528104,50.47837829589844,26836800
2021-05-07,50.084717410184965,51.23288641538991,49.90429004775048,51.20008087158203,33610600
2021-05-10,51.86438001248429,52.504069357489364,51.282092548930144,51.32310104370117,31956600
2021-05-11,50.54398446063313,51.1672741359201,49.52703452583896,49.69105911254883,34563800
2021-05-12,49.93236461533984,51.32191886109727,49.71602848214062,49.95732879638672,34426500
2021-05-13,49.0919637321995,50.29846178077383,48.88394693672408,49.341583251953125,24268200
2021-05-14,49.86580244357686,50.656267154485505,49.86580244357686,50.56473922729492,20735400
2021-05-17,50.37334881288949,51.79618295641805,50.2818209134664,51.74625778198242,25282500
2021-05-18,51.588179223478384,51.837798810710424,50.256872642184014,50.28183364868164,25170800
2021-05-19,49.17518748123867,49.80756055230805,48.60938133305474,49.075340270996094,28889800
2021-05-20,49.05036732615641,49.21678141878962,48.45960031268908,48.958839416503906,20692500
2021-05-21,49.44143955153643,49.78259020621086,48.96716142423123,49.02540588378906,20792700
2021-05-24,49.15853842046935,49.75762472799842,48.83402950187184,49.59953308105469,18400300
2021-05-25,49.508010864488604,49.54129432264856,48.35975695065239,48.47624588012695,25616100
2021-05-26,48.46792783814551,49.19182561410868,48.17670550703543,49.04205322265625,21698700
2021-05-27,49.28334800277844,49.674420666980055,48.27654728652002,48.72586441040039,33556000
2021-05-28,48.867316675224785,48.92556113769382,48.35143579017684,48.567771911621094,19246800
2021-06-01,49.46640655268331,50.506490781402114,49.46640655268331,50.306793212890625,28474200
2021-06-02,50.548096532375006,51.014055437319485,50.06549589788766,50.7061882019043,22978300
2021-06-03,50.381680438286345,51.09725891018406,50.21526632345905,50.9058837890625,20272800
2021-06-04,51.13885058663913,51.33854811606452,50.57304462303249,51.130531311035156,20427800
2021-06-07,51.03069526422686,51.36352032041922,50.77275322705745,50.79771423339844,15477900
2021-06-08,51.17214295419656,51.98756859111305,50.48152551759533,51.696346282958984,28953400
2021-06-09,52.145659244705186,52.76970975653221,51.7462672980261,52.12902069091797,29133000
2021-06-10,52.9278053055087,53.23566934012806,51.79619318745526,52.21222686767578,27488700
2021-06-11,52.428554671416194,52.578327026473616,51.70465707136172,51.729618072509766,17631700
2021-06-14,51.83780611889944,52.23719814959477,51.23039720716993,51.64643096923828,16997200
2021-06-15,51.98756342411517,53.58513425686734,51.87939378865807,53.52688980102539,30717100
2021-06-16,53.518569895143955,53.91796500288401,52.886200127044596,53.335514068603516,24803200
2021-06-17,53.13582980141718,53.635069019978054,50.980774900411646,51.579864501953125,28491800
2021-06-18,50.75610942067255,51.21374583800913,50.123739617930475,50.25687026977539,39590700
2021-06-21,50.69786972935812,52.17062948939679,50.67290872169006,52.0791015625,33145400
2021-06-22,52.295434121331425,53.26063533955138,51.77955322897108,53.077579498291016,25140400
2021-06-23,53.29391363022974,53.834752302031546,52.902840979663054,53.46864700317383,20701600
2021-06-24,53.3771252378418,53.71826957244342,53.09422219350987,53.68498611450195,19568400
2021-06-25,53.75986961996957,54.0261309062978,53.55185279164533,53.801475524902344,18438300
2021-06-28,53.718269826525884,53.718269826525884,52.21222984953165,52.428565979003906,20570000
2021-06-29,52.5949694812047,53.06092827829807,52.07908868112304,52.10404968261719,19579300
2021-06-30,52.17062609396555,52.61162079585556,51.96260924604231,52.486812591552734,17875500
2021-07-01,53.526896443723906,53.60177946131245,52.22887017940775,52.63658142089844,22530300
2021-07-02,52.428564444463284,52.68650647605204,51.9376445611719,52.56169509887695,14555300
2021-07-06,52.21221460553562,52.220533880588796,50.67289161986671,51.063961029052734,22110800
2021-07-07,50.9058939757409,51.43009743141438,49.60786742924472,50.265201568603516,21671400
2021-07-08,49.46640581542207,50.514809305747455,49.34991689139538,50.040531158447266,18935900
2021-07-09,50.50648838638657,51.130538894025406,50.12373817014849,50.94748306274414,20086000
2021-07-12,50.2735020486724,51.17213620808229,50.0571659588615,50.897552490234375,21809400
2021-07-13,50.75611246013069,51.18046544639654,50.348398029017346,50.65626525878906,17147300
2021-07-14,50.89755651264098,51.36351535516889,49.391516692730754,49.53296661376953,21573600
2021-07-15,49.23342191514255,49.67441975414415,48.9005968908208,49.05036926269531,15851100
2021-07-16,49.24174123997412,49.308304970979016,47.5526456993839,47.694095611572266,27049500
2021-07-19,46.29622429119423,46.762183124149956,45.43087353316998,46.05492401123047,37969100
2021-07-20,46.179734549964564,47.09500729843804,45.7886619083388,46.56248474121094,26756100
2021-07-21,47.31135618829536,48.50953218561468,47.28639518025292,48.06021499633789,20908700
2021-07-22,48.03524423398104,48.043566684362155,47.14493248829043,47.51936340332031,13493800
2021-07-23,47.66913360366152,47.66913360366152,46.98683871130897,47.461116790771484,14088200
2021-07-26,47.560976759089,48.800758693829,47.427846090010284,48.659305572509766,18387600
2021-07-27,48.26822700145138,48.26822700145138,47.602573736622844,48.11845779418945,16861400
2021-07-28,48.259903011553384,48.7841062950778,47.943716551354626,48.44295883178711,16855300
2021-07-29,49.091970194999455,49.36655392473559,48.7258617294361,49.03372573852539,18607800
2021-07-30,48.992128090378124,48.992128090378124,47.69410183842504,47.90211868286133,28652800
2021-08-02,47.885481984659506,49.14190563452635,47.760673769338055,47.91044616699219,20873800
2021-08-03,47.902112043549344,48.6010486709449,47.36958950345458,48.42631530761719,18208200
2021-08-04,47.585934392704004,48.16006294133154,47.26975105987017,47.29471206665039,20868300
2021-08-05,47.53601288890102,48.01029106732304,47.28639329616606,47.59425735473633,15180200
2021-08-06,47.977003253652136,48.318150740043784,47.868833609454285,48.14341735839844,14888500
2021-08-09,47.53601288890102,47.860518676865,47.28639329616606,47.59425735473633,17828200
2021-08-10,47.77731020460704,48.55945561854479,47.677463001965,48.40968322753906,16340200
2021-08-11,48.41799773900526,48.67593975903142,48.02692824461821,48.55112838745117,18278600
2021-08-12,48.483565603717395,48.81298303387034,48.03589287108741,48.44132995605469,19225500
2021-08-13,48.17103417104213,48.204821397238604,47.55443179252907,47.95142364501953,20063000
2021-08-16,47.317929221477996,47.37705525821759,46.684433208873266,47.2503547668457,16959500
2021-08-17,46.87870910812504,47.55443760399681,46.45637839543922,46.92938995361328,16243700
2021-08-18,46.81112011465991,47.14054067487131,45.873548930159636,45.94112014770508,21890500
2021-08-19,45.16403306484373,45.36674993799357,44.006844960617535,44.53898239135742,30923500
2021-08-20,44.15044394175913,44.88529832735659,44.01529827059032,44.54743576049805,16918300
2021-08-23,45.56947794266939,46.507052504568414,45.56947794266939,46.38035202026367,21632600
2021-08-24,46.701326234512685,47.174334522473714,46.46481886840487,46.76045227050781,17915600
2021-08-25,46.659093992997875,47.10676347359144,46.34656697623698,46.84491729736328,13270300
2021-08-26,46.62529975058273,46.91248469280283,46.143843115408856,46.2114143371582,11842600
2021-08-27,46.79423814796447,47.47841175107169,46.79423814796447,47.10676193237305,15822500
2021-08-30,47.503754176666,47.58821902003226,46.55773117590221,46.59151840209961,14086100
2021-08-31,46.39724099392275,46.718213159175576,46.00024919011339,46.05093002319336,27104100
2021-09-01,46.02559567442087,46.253651390046514,45.273844410512545,45.41743850708008,21644100
2021-09-02,45.85666543012772,46.996956962914346,45.83977181648522,46.523948669433594,23293300
2021-09-03,46.557726742318884,46.726659635091565,46.118502509960685,46.346561431884766,13840000
2021-09-07,46.177633329153,46.68443206004166,46.008703640984045,46.07627487182617,14354400
2021-09-08,46.27898901395017,46.608406374187375,45.6201510713489,45.65393829345703,18756700
2021-09-09,45.29073704813211,46.45637051973187,45.02044569560565,45.68772888183594,19110800
2021-09-10,46.616857549172565,46.6506447756153,45.56947930646596,45.594818115234375,15123700
2021-09-13,46.16074402978228,47.241909525845024,46.13540199825576,46.768898010253906,22052300
2021-09-14,47.039187254481696,47.106761705989726,45.95802180737075,46.10161590576172,19940300
2021-09-15,46.7689021992168,47.748709323314145,46.71822457587938,47.65579605102539,23240900
2021-09-16,47.68957717301007,47.68957717301007,46.87870308219613,47.14899444580078,17907200
2021-09-17,46.74355769786067,47.93453003323752,46.54083756280351,46.59151840209961,30000400
2021-09-20,45.42588460714857,45.75530200531051,44.73326258482675,45.3498649597168,27555100
2021-09-21,45.92423868653954,46.04249076512132,44.978218835757794,45.30763626098633,19696800
2021-09-22,45.9749085924105,47.22500676050944,45.924227761306206,46.63374328613281,25690600
2021-09-23,46.81112002914052,48.34840630760538,46.69286798205706,48.213260650634766,23069400
2021-09-24,47.89229494934538,48.83831467539513,47.87540133718575,48.64404296875,22328600
2021-09-27,49.70830744676119,50.51073618462459,49.68296864331207,50.08840560913086,32972200
2021-09-28,50.595208304939945,51.085110136434515,50.26578772295649,50.612098693847656,37619300
2021-09-29,50.54453994854574,50.84017015930834,49.87725664753572,50.57832717895508,23422800
2021-09-30,50.781038677396445,50.82327109982028,49.67453438810639,49.682979583740234,31289600
2021-10-01,50.181320761218466,51.515886977194,50.181320761218466,51.465206146240234,24407300
2021-10-04,51.79463386505466,52.42812987927707,51.48211006690059,52.13249969482422,33946700
2021-10-05,52.808215736658006,52.960255002153666,51.54122400561187,52.04801940917969,29641600
2021-10-06,51.07667328073865,51.62570122942482,50.46851607271472,51.09356689453125,25284900
2021-10-07,51.194923492425474,51.591915346788426,50.79793163806252,51.23715591430664,19513600
2021-10-08,51.73549154318798,52.723743467678034,51.73549154318798,52.521026611328125,22186900
2021-10-11,53.23900646911207,53.26434850190089,51.946675571344784,51.99735641479492,22121500
2021-10-12,52.00579495864693,52.35210595593906,51.397637803547745,51.72705841064453,20198600
2021-10-13,51.33850922812516,51.85375310098886,50.85705257823248,51.58346176147461,14991700
2021-10-14,52.124043139269496,52.554822166078544,51.66792530692821,52.368995666503906,18594500
2021-10-15,52.98559595340516,53.27278088630139,52.740643435496985,52.86734390258789,16092600
2021-10-18,53.28967994249663,53.331912361800505,52.59705795510653,52.842010498046875,18282800
2021-10-19,53.10384886865834,53.72889957588723,52.93491598382944,53.635986328125,18933200
2021-10-20,53.120751251677184,53.94851897969631,52.97716037024253,53.93162536621094,14305200
2021-10-21,53.61065457410941,53.75424545071689,52.66463158349573,52.95181655883789,16564600
2021-10-22,53.019391342305234,53.3994895800084,52.66463191307321,53.31502151489258,14266800
2021-10-25,53.82182000682587,54.41308034944773,53.7035679383015,54.35395431518555,17939800
2021-10-26,54.47220772296631,55.6969705260157,54.36240406928101,55.61249923706055,25585100
2021-10-27,55.03813555347993,55.11415198021045,54.04143170060702,54.168128967285156,21764500
2021-10-28,53.90628908385491,54.455320270419094,53.74580458141232,54.32017135620117,16626400
2021-10-29,54.94521973320029,55.20706267208742,54.33706257065214,54.45531463623047,23966300
2021-11-01,54.96211513813471,55.815224927002234,54.919879491894356,55.435123443603516,19656400
2021-11-02,54.92831266615448,55.2830687968033,54.61579217002469,54.75093460083008,16300000
2021-11-03,54.09210835385919,54.43841612258514,53.771136169955184,53.99919509887695,17372800
2021-11-04,54.632692094211876,54.81007019050021,53.91473129182933,54.40463638305664,17720100
2021-11-05,54.9452251678217,55.18172932237094,54.53133645310562,54.91987991333008,18565100
2021-11-08,55.3675404390933,56.06860428936263,55.22394314731241,55.511131286621094,17696000
2021-11-09,55.55336618946276,56.06016808220742,55.16482279747794,56.051719665527344,18781300
2021-11-10,55.9147638705574,56.19724970256111,54.58794449295946,54.947471618652344,20177200
2021-11-11,54.94747259907901,55.49532035711945,54.80194543611481,55.05018997192383,13319300
2021-11-12,54.75058239875374,55.10155081037712,54.42529985916079,54.630741119384766,18158900
2021-11-15,54.57938697191242,55.44395865765736,54.11714243763109,55.101558685302734,18849200
2021-11-16,55.07586991872027,55.957568740750325,55.07586991872027,55.657958984375,17028700
2021-11-17,55.110110616370115,55.84628226577329,54.93891064105514,55.05018997192383,15497000
2021-11-18,54.92178315253958,55.2385037016949,54.022967120329724,54.45097351074219,16948200
2021-11-19,52.97862843681242,53.09846969903104,51.71172996196924,51.93429183959961,32035500
2021-11-22,51.6347041598764,53.535054074423996,51.6347041598764,52.653358459472656,21994400
2021-11-23,53.23544205231829,54.254099511885954,53.00431817322555,54.040096282958984,21185900
2021-11-24,53.56928537601742,54.65641881495011,53.56928537601742,54.33969497680664,15869700
2021-11-26,51.805904693709095,52.576314397895594,50.96701238536542,52.43079376220703,24979600
2021-11-29,53.560728363283864,54.04865546845468,52.465032866118534,52.72183609008789,18946400
2021-11-30,51.75453533310971,52.37942431216903,51.06972571670427,51.22380828857422,34979800
2021-12-01,52.13118602518023,53.098478234538256,51.146769900833185,51.18101119995117,30630600
2021-12-02,51.138220517198405,52.71328464359655,50.62461073322887,52.456478118896484,29216000
2021-12-03,53.00431566003979,53.26968082688185,51.66037570733538,52.122623443603516,22014700
2021-12-06,52.83311336949431,53.2097578423972,52.576306905929336,52.71327209472656,19210500
2021-12-07,53.36384138432262,53.954489077312246,53.15839686282238,53.30392074584961,19800400
2021-12-08,53.59497357433598,54.09145940817742,53.3638496762712,53.458011627197266,18214400
2021-12-09,53.11560606168276,53.73193646737206,52.9101647700733,53.594974517822266,16910300
2021-12-10,54.15993930886625,54.22841864629948,53.26968506422266,53.937374114990234,17942400
2021-12-13,53.47512779123861,53.68913101977351,52.51639097629257,52.75607681274414,17793700
2021-12-14,52.43935314917219,53.47513132546362,52.405115112070675,52.679039001464844,22551100
2021-12-15,52.37942771003994,52.64479288223693,51.369332235780504,52.44791030883789,19961900
2021-12-16,52.593428939743326,53.45800375693309,52.47358766181918,52.53350830078125,21187800
2021-12-17,52.173981389213864,52.45646391830972,51.09540342066311,51.38644790649414,44338100
2021-12-20,50.32499597954461,50.71876110484105,49.61450375024767,50.641719818115234,21819300
2021-12-21,51.14677054034777,51.942862794929844,51.1210911984032,51.788780212402344,19798900
2021-12-22,51.65181559059218,52.53350778270755,51.33509174985469,52.20822525024414,14058300
2021-12-23,52.36230576365776,52.93583608538271,52.21678514296081,52.23390579223633,13543300
2021-12-27,52.156862342021405,53.02999582631353,51.72029396716043,52.978633880615234,12593700
2021-12-28,52.995757963030925,53.33816442567943,52.55919282531262,52.80743408203125,12781000
2021-12-29,52.62767452433421,52.73039516157431,52.14830610816347,52.345191955566406,12733600
2021-12-30,52.405115104949,52.73039768266641,52.01990861509382,52.03702926635742,11940300
2021-12-31,51.99422945245286,52.6191185313196,51.95998814980611,52.379432678222656,14072000
2022-01-03,52.42224190920201,54.4424300139687,52.396559296576974,54.39107131958008,24282400
2022-01-04,54.89610575450576,56.65949679610771,54.87042641205577,56.43693161010742,38584000
2022-01-05,56.92485557870472,57.87503038226166,56.907738194966164,57.138858795166016,34033300
2022-01-06,58.208875670461524,58.619764725243165,57.41278343314581,58.4827995300293,30668500
2022-01-07,58.65400825749558,59.21897997588311,58.19176698172881,58.96217346191406,23985400
2022-01-10,59.03920867488912,59.21040863650471,58.16607189041385,58.611202239990234,22760300
2022-01-11,58.970735431826185,61.119329904469,58.70537348997238,61.0765266418457,32936100
2022-01-12,60.89674377441407,61.470270723720255,60.468737418658634,60.89674377441406,23045100
2022-01-13,60.87965621444334,61.27342147091332,60.18628113749971,60.460205078125,21043200
2022-01-14,60.47731539210176,61.76133479944634,60.4345121328461,61.52165222167969,23012900
2022-01-18,62.334861262335174,63.24223287769171,61.64149287934463,62.55742645263672,32841200
2022-01-19,63.1309432132409,63.225105142536165,62.10373047838612,62.58309555053711,26431600
2022-01-20,62.06094652082621,63.66169328564587,61.855505216157056,62.72007369995117,26774600
2022-01-21,62.64301714189128,62.64301714189128,60.81115026719406,61.7784423828125,35995200
2022-01-24,60.67418225801554,62.557414254127984,59.758248863327736,62.30916976928711,41507000
2022-01-25,62.137971104653296,64.40640651655038,61.110758272895325,64.14104461669922,39278400
2022-01-26,64.56904501565262,65.0569720447539,62.908378113056294,63.4904670715332,35252400
2022-01-27,64.59472928534223,65.06553896816024,63.33638934295573,64.3036880493164,29174700
2022-01-28,64.17528902722219,64.73169872593105,63.30215220011347,64.4406509399414,30595700
2022-01-31,64.17528469901984,65.41650072477677,63.57607178280013,65.02273559570312,36085500
2022-02-01,65.44220185127095,69.773632774741,65.28811922504693,69.19154357910156,61033100
2022-02-02,68.53239284625856,69.17440254151337,67.7534244787301,69.01176452636719,30299300
2022-02-03,68.55807710251767,68.74640100489344,67.64214346621253,68.20711517333984,28529400
2022-02-04,69.22575585523262,70.64673367368866,69.22575585523262,69.68800354003906,32197500
2022-02-07,69.45689264989434,71.11755992037595,69.02888616004739,70.52690887451172,34949200
2022-02-08,70.42418709073527,70.62107295558421,68.41255783393022,68.70360565185547,34356300
2022-02-09,68.87668783935612,69.2661613078104,68.12369831665006,68.37469482421875,40106100
2022-02-10,68.13236308261355,68.96324475395511,67.32744543174195,67.7169189453125,28527700
2022-02-11,68.04580555667448,69.51715709249031,67.70826012665485,69.42195129394531,42002100
2022-02-14,68.87669154438181,69.10171744333303,66.68697124380634,68.35739135742188,34652800
2022-02-15,66.55714708180868,67.6736461580997,66.14170295445793,67.50054168701172,25075100
2022-02-16,68.19294173756559,69.0065161883225,67.54381487236847,67.81211853027344,21733800
2022-02-17,67.92465815639042,68.47857938348893,67.46593615599338,67.70828247070312,23738800
2022-02-18,66.78216340460007,67.65631600947336,66.54847407609267,66.95526123046875,23394800
2022-02-22,68.95456937851628,69.05843203578979,65.18097867327577,66.17630767822266,35947800
2022-02-23,66.17633738229996,67.05049698110128,65.89071989903888,66.44464111328125,25385000
2022-02-24,68.37469243375462,68.4006564503092,64.07314427095764,65.60508728027344,46199900
2022-02-25,66.37538967532612,67.50053897756312,66.00322333150108,67.37071228027344,28310300
2022-02-28,66.21960467675078,68.3141193492335,65.95129438498299,67.87271118164062,32204600
2022-03-01,68.1756405772002,69.8027897791329,67.79482390285818,68.52184295654297,40002300
2022-03-02,69.75950611964193,71.10103775018258,69.0844151686769,69.69892120361328,44321400
2022-03-03,69.11904169865367,70.77214831548945,68.91997318503958,70.14033508300781,30196600
2022-03-04,70.14899838103754,72.94456848011826,69.8114528471332,72.78012084960938,42802200
2022-03-07,73.4984707971518,75.4977860645974,72.61566115160208,75.40258026123047,55207900
2022-03-08,77.07300015988208,79.20213551455097,73.93987873703466,75.97380828857422,72082300
2022-03-09,72.72817425754468,74.92655140716222,70.6250029115009,71.65495300292969,65466700
2022-03-10,72.71086076356872,74.15624823232145,71.75015254104218,73.87928771972656,44644200
2022-03-11,72.76281338871267,74.6323024330272,72.6762644373859,73.49848937988281,35303400
2022-03-14,71.88864874850124,72.22619425727383,69.67296405435059,70.86735534667969,37462600
2022-03-15,68.21891696059583,68.52184156012447,66.09843816063433,66.83411407470703,47957900
2022-03-16,67.34476224398819,68.04582391360705,65.99458015966688,66.58312225341797,37812300
2022-03-17,67.66498670596854,68.50452519979616,66.70427838862561,68.35739135742188,34041900
2022-03-18,68.4266339280736,68.7122513728811,67.59575221857428,68.0890884399414,41461500
2022-03-21,69.34408450807362,71.42128587940998,69.0151892284444,71.14432525634766,33089300
2022-03-22,70.65098600142271,71.14432229708399,69.92396687234793,70.8327407836914,23132200
2022-03-23,72.13096582965227,72.93588331443625,71.87997594805847,71.94921112060547,27716300
2022-03-24,72.23485306645091,73.26480337134723,71.6203469544596,72.16561126708984,19871600
2022-03-25,71.76748431292562,73.99182605020748,71.6549713359428,73.74082946777344,22398300
2022-03-28,71.98384554558478,72.10501537440285,70.98851629178466,71.6722640991211,21552400
2022-03-29,69.94126945884406,71.39531422539713,69.03249560678677,71.29145812988281,27036300
2022-03-30,71.88863978003732,72.71087116552387,71.58571520780983,72.51180267333984,22079000
2022-03-31,71.7241959217763,73.04841371554116,71.44723538061803,71.48184967041016,27861500
2022-04-01,70.96256005983062,72.82339206841796,70.96256005983062,71.94058227539062,18671100
2022-04-04,72.32139258351847,72.40794812306393,71.0144884581173,71.9751968383789,20869400
2022-04-05,72.26946908804254,73.62830794329207,71.45589450861867,71.60303497314453,21753100
2022-04-06,72.2002311021696,73.30807346256577,71.7847935186517,72.39929962158203,24768200
2022-04-07,72.5550933339674,73.94855321706774,71.58572792733973,73.61100769042969,26122000
2022-04-08,73.71485994574208,75.48048616401427,73.71485994574208,75.16024780273438,24866500
2022-04-11,74.24280788551104,74.37263458901816,72.26946312263618,72.5723876953125,21800100
2022-04-12,74.18222668781483,75.14293509733844,73.89660924644063,74.08702087402344,22444200
2022-04-13,74.96119469156746,75.39394607225852,73.73218235518772,75.13429260253906,19306800
2022-04-14,75.01310372552965,76.56235406800118,74.6322870972912,76.01708984375,24566400
2022-04-18,76.59698864232624,76.93453416570947,75.94786161993365,76.64026641845703,19032300
2022-04-19,76.1728881080835,76.73546613670594,75.53241140927715,75.95651245117188,20382600
2022-04-20,76.1382726595005,76.59698802845983,75.55838744225989,76.1296157836914,20689400
2022-04-21,76.98643961847675,77.72212197720374,75.11695777638617,75.32467651367188,29010900
2022-04-22,75.00446915898199,76.26810234241043,73.56773146896364,73.68024444580078,23591600
2022-04-25,71.29145673672926,71.54245330141964,68.62570694959824,71.19625091552734,37698300
2022-04-26,71.60304469373042,73.32539330001724,71.12701554470705,71.22222137451172,28941500
2022-04-27,72.17425586446694,73.9831595962892,71.2135475223684,73.25613403320312,32773000
2022-04-28,73.46386628944387,76.28540692079318,72.76281122034854,75.47183227539062,33683800
2022-04-29,76.28540560790226,76.28540560790226,73.30807427874332,73.78410339355469,34656500
2022-05-02,73.5763734208065,75.33334253592281,73.24747822662998,74.78807830810547,36335200
2022-05-03,74.6582466176,76.83930998641894,74.53707679729118,76.32866668701172,33908100
2022-05-04,77.46248172314831,79.52237550799785,76.95183836515305,79.36658477783203,46188400
2022-05-05,79.66085844415633,79.66951531888981,76.50177269902635,78.16353607177734,41013400
2022-05-06,78.74341943957752,79.47043836155682,77.33264615489966,79.35792541503906,29619300
2022-05-09,77.41056339566363,77.51441949330068,72.71953375563074,73.10035705566406,45851600
2022-05-10,74.12165128687009,75.20352967043985,72.28678317116162,73.58503723144531,34483200
2022-05-11,74.80538480486223,76.9777980294229,74.67555810319536,75.1169662475586,33020600
2022-05-12,75.15193549394114,75.52791404361352,72.9223008424508,75.45796966552734,29491500
2022-05-13,76.38480544492081,77.77504766194663,75.50169170710134,77.69635772705078,25798400
2022-05-16,77.80128116542453,80.4243856236251,77.79253561604531,79.5237808227539,26101200
2022-05-17,80.20580550343051,80.8353450633879,79.67244031733698,80.5380630493164,23120700
2022-05-18,80.88779991184855,81.2462873866413,78.54449298888986,79.261474609375,25451200
2022-05-19,77.81877852337982,80.70419657519126,77.81877852337982,79.68992614746094,24387400
2022-05-20,80.38067114608675,81.83211892990612,79.04288882992971,80.31946563720703,28795000
2022-05-23,81.01896740506565,82.86387832447866,80.92278636133173,82.09443664550781,27239300
2022-05-24,81.15886364036598,82.881370222655,80.72167949951701,82.54036712646484,24293300
2022-05-25,82.69773829485308,84.40275345851896,82.6015572680925,84.20165252685547,29947800
2022-05-26,84.4639563605746,85.1896834780153,84.1142077895635,84.49893188476562,24314800
2022-05-27,83.89561152020404,85.62686319008795,83.32727762583849,85.32957458496094,25588800
2022-05-31,86.17771891430311,87.24444907742387,83.68577113129928,83.93933868408203,44888100
2022-06-01,84.83118285398066,86.30886695098225,84.48144098068441,85.54816436767578,25815400
2022-06-02,85.06728623501171,85.77552236943606,84.63010211827564,85.39954376220703,19089100
2022-06-03,85.60065769003809,87.13954776204055,85.60065769003809,86.64115142822266,21038200
2022-06-06,86.71982737659829,87.24444689607704,86.27389778313675,86.42253875732422,20682100
2022-06-07,87.17449456990593,90.4358904308661,86.99087807432518,90.38343048095703,37810200
2022-06-08,90.48836867972237,92.30705624787495,90.04244567352083,91.4501724243164,31613200
2022-06-09,90.42713319568826,91.43265768802114,89.32543436458441,89.47407531738281,26607000
2022-06-10,89.13308751700012,90.36594308667536,87.25319474107049,87.83901977539062,30950500
2022-06-13,85.26837490108252,85.48696692793928,82.12065104852529,83.80818176269531,33421000
2022-06-14,85.1722060051556,86.2739050880737,83.30105199811283,84.02677917480469,31264000
2022-06-15,83.93060715466075,84.43774234493675,81.55232442733924,82.96880340576172,29620800
2022-06-16,80.80037530427732,81.4299148572366,78.93796661354203,79.90851593017578,35696700
2022-06-17,79.53251321336595,79.87351620284063,74.89836677314416,75.30057525634766,64610200
2022-06-21,77.45152901525249,80.9052803916685,77.39906239228488,79.98719787597656,35951500
2022-06-22,76.54219340824476,78.48329188921882,76.53344785834938,76.82199096679688,29727200
2022-06-23,77.52149555316353,77.86249865153458,73.02723641926436,74.50492095947266,35757200
2022-06-24,76.02631939199416,77.29415740244151,75.02954008496691,75.98260498046875,26639000
2022-06-27,76.77827845444534,78.72812270286074,76.65586742585252,77.84500885009766,25478700
2022-06-28,79.67241936035855,81.52607536263308,78.99915222410314,80.00467681884766,33096900
2022-06-29,81.29876184261352,81.49111725174424,76.73455856515204,77.04933166503906,25400900
2022-06-30,75.3180586317308,76.59463510521287,74.03273661043835,74.88087463378906,39948100
2022-07-01,75.84269866234509,76.83947791429014,74.06773221670434,76.55094146728516,26327900
2022-07-05,75.49294893563781,75.80772202860518,72.58130783203984,74.15516662597656,34591100
2022-07-06,73.2370901581239,74.5224126173818,70.83257735012191,72.81739044189453,33375700
2022-07-07,74.65355301696175,75.86018537813327,74.58360863224877,75.14320373535156,23817400
2022-07-08,76.02632115298779,76.33235539525722,74.26010011901651,75.265625,17673800
2022-07-11,74.46992060838008,75.30057420700842,73.76168466640196,74.88087463378906,15603800
2022-07-12,73.2545709191083,74.36502233233452,72.45015373010844,73.88411712646484,21013000
2022-07-13,72.90481218727484,75.46671107182706,72.83486780684532,74.18138885498047,19928600
2022-07-14,71.56703343655188,72.84361016524696,70.55276982742282,72.6949691772461,26343000
2022-07-15,74.14642022365597,74.21636460429625,72.4851194395343,73.91908264160156,17243700
2022-07-18,75.70280363222498,76.89194496934404,74.9770763938111,75.2831039428711,19395800
2022-07-19,75.56290106088818,77.39907301518302,75.41426006236102,77.18048095703125,18248900
2022-07-20,76.57715511180685,78.38709670118622,76.28861205545246,78.02860260009766,16584400
2022-07-21,76.0088255548315,76.76952826695654,74.50491122974738,76.7258071899414,21375700
2022-07-22,76.55093057986994,77.35534763880375,75.74650685003688,76.13997650146484,15479500
2022-07-25,77.0843166841591,78.80681672442921,76.4372793042413,78.67566680908203,17536400
2022-07-26,79.68118136593606,79.81233794608482,77.81877927470613,78.36962890625,15141200
2022-07-27,78.9379517903797,80.44186600476927,78.16851025620564,80.06588745117188,18047000
2022-07-28,80.59924870393833,81.53482226903664,79.576239666297,81.00145721435547,20353100
2022-07-29,82.58407399505147,85.26838410785203,82.27804645858886,84.75251007080078,29825800
2022-08-01,82.88138074135452,83.37102490655924,81.51736818348343,82.6103286743164,20793200
2022-08-02,82.79393415773158,83.2398571752741,82.03323135637586,82.25182342529297,16722500
2022-08-03,82.5578367857368,82.5578367857368,79.38388289257819,79.5849838256836,23580800
2022-08-04,78.96416880154663,78.9903987731586,75.57162349813599,76.23614501953125,31821500
2022-08-05,75.5104338781209,78.42208141518375,75.44048282518796,77.33786010742188,17408000
2022-08-08,77.47777292193592,78.34339564120016,77.1367698303803,77.77505493164062,14458500
2022-08-09,78.73686191794228,80.1008742244463,78.64941975806877,79.20901489257812,19083400
2022-08-10,79.28770744891214,80.2582566699695,77.98490071838195,79.96096801757812,18302000
2022-08-11,81.08219935064972,83.25404999014526,80.7290592575854,82.2740707397461,18797900
2022-08-12,81.64724677189332,83.00685108953869,81.32058474269914,82.98919677734375,15058200
2022-08-15,79.92566199989155,81.86796648063145,79.15757477338663,81.50598907470703,20755200
2022-08-16,81.24995143835484,82.00921481719712,80.59663413646125,80.74671936035156,14038200
2022-08-17,80.57896851691234,82.2917262839598,80.26996756299029,81.40003204345703,13678000
2022-08-18,82.2387654264201,84.14574775756996,82.18578901741849,83.3246841430664,17770400
2022-08-19,83.13044516224473,84.04861743794055,82.81261370692111,83.059814453125,16128600
2022-08-22,82.47713844721109,83.42180248808266,81.09987301005313,82.99803161621094,16019900
2022-08-23,84.35763170734779,86.88262250237833,84.26933994618179,86.52064514160156,23764700
2022-08-24,86.52946757763988,87.37701586703771,85.95560486227356,87.03269958496094,17050300
2022-08-25,87.33289357745588,88.16278778183784,86.60894546375573,87.48297882080078,15305700
2022-08-26,87.20044043295373,88.2069111987314,86.00857584321814,86.40586853027344,15531400
2022-08-29,86.67956842223965,89.66364565063604,86.6442530618442,88.39232635498047,23059200
2022-08-30,86.83847591787918,87.06802237076188,84.59600126389672,85.02860260009766,17086800
2022-08-31,83.01567150863043,85.49651631659222,82.62720933046417,84.39293670654297,18340900
2022-09-01,83.35998349851018,83.93384621321093,81.47948636506294,82.8744125366211,16423000
2022-09-02,85.06391499545323,85.45237717361948,83.96916590828468,84.39293670654297,18206800
2022-09-06,84.89617472811743,85.27579964434776,83.43944830852526,83.8279037475586,19201500
2022-09-07,82.27408265210659,83.51008662822218,81.4883343805546,83.11280059814453,16274700
2022-09-08,83.57188659947258,84.24285820611047,82.74199251118536,83.7926025390625,18759200
2022-09-09,85.21401203954845,85.63778963237229,84.15457816106337,85.19635772705078,17158000
2022-09-12,86.2116459244422,87.57125689810485,85.53183706975295,86.17633056640625,16118900
2022-09-13,85.2934709409207,86.3264199544121,83.79260519836306,84.16340637207031,18229100
2022-09-14,84.92267437923027,87.01505735572391,84.88735901757126,86.22930908203125,22655700
2022-09-15,84.94914191602902,85.23165801604816,83.03332940228323,83.72196197509766,21092300
2022-09-16,83.93385218932612,84.17222242603059,81.22346088361665,82.2917251586914,37874700
2022-09-19,80.34943838725184,82.53893689547373,80.34060786302453,82.28290557861328,15342100
2022-09-20,81.86796215437866,82.04453221797134,80.90563712136493,81.61193084716797,14712500
2022-09-21,82.6095529844181,82.88323856553612,80.2258237797474,80.29644775390625,17332400
2022-09-22,81.40003347731603,81.80615672187102,79.9168221366478,79.96096801757812,16139400
2022-09-23,77.25057018046476,77.25057018046476,74.91098013642765,75.70555877685547,27738800
2022-09-26,74.95513928264809,76.12051924967253,74.0634449429978,74.14290618896484,22043400
2022-09-27,75.58196932934729,76.77383409442415,74.87567560559708,75.69673919677734,17307300
2022-09-28,76.0322263392573,78.8397332511359,75.85564955301973,78.4512710571289,19543300
2022-09-29,77.85092651904526,78.8927060238396,76.92391687803517,78.2923583984375,17896000
2022-09-30,77.8421034095485,78.61019737770606,77.08283996582031,77.08283996582031,21357600
2022-10-03,79.49305065217047,81.54129422589835,79.21053452943958,81.15283203125,23881300
2022-10-04,82.31820802590249,84.18988146119797,81.85029135100747,84.11042022705078,22133700
2022-10-05,84.53419971063414,88.27753993192454,84.45474521036812,87.50945281982422,34857700
2022-10-06,86.93560175836488,90.21102573453318,86.81200136195977,90.1050796508789,29124700
2022-10-07,90.21984968081082,91.21748330354758,88.44529163935466,89.19572448730469,24507600
2022-10-10,89.6018353384993,90.07858254644256,87.15630584471226,87.26224517822266,16786100
2022-10-11,85.83201251308701,88.07448718524705,85.41706548418318,86.52064514160156,17804100
2022-10-12,86.07921265547807,87.32405373317772,85.84084241491624,86.90027618408203,12635800
2022-10-13,86.12336104327551,90.44938800642039,85.99093013434508,89.93733215332031,22019100
2022-10-14,89.27519364967765,90.26399683656231,87.43883525158249,87.5712661743164,15222000
2022-10-17,89.23103383423697,90.02561251088733,88.72780179497765,88.83374786376953,14283200
2022-10-18,89.64599312227672,90.3611106612963,87.6065798527964,88.99267578125,14065400
2022-10-19,89.3899637002835,91.80900873318437,89.37230938721848,91.63243865966797,20921700
2022-10-20,92.10035885166918,92.70070655401912,91.29695623077376,91.75604248046875,17649000
2022-10-21,92.21512729370204,93.93671585860335,91.7383867377099,93.45996856689453,22814100
2022-10-24,93.28338628279012,95.06676807925201,92.80663905346684,94.11327362060547,17024200
2022-10-25,93.94553115404047,94.7577641553357,92.7624902732708,93.47760772705078,15719800
2022-10-26,93.81308643726649,95.19918199642335,93.58354001914398,94.59000396728516,17383800
2022-10-27,95.71125918822095,96.74420812480334,94.83721925506757,94.95199584960938,18214000
2022-10-28,96.63826777535519,98.18327937796228,95.45523355278831,97.73301696777344,28169400
2022-10-31,96.67358215538215,99.68415082368429,96.6206124849727,97.83013153076172,26401800
2022-11-01,99.2074089646075,99.38397903269482,97.68888213047775,98.8012924194336,22213100
2022-11-02,98.50994125519149,98.9690274527247,96.50583672158747,96.77069854736328,20654200
2022-11-03,95.86134512343845,98.72182171378958,95.62296814507505,98.0861587524414,17103700
2022-11-04,99.763604723581,100.20503660288888,97.8213071489127,99.15442657470703,17541500
2022-11-07,99.2427175272212,100.63763713527794,98.99551001882985,100.3286361694336,16008000
2022-11-08,100.1874057063358,101.22918545440648,99.41048110631986,100.64649200439453,14661000
2022-11-09,99.85189269380932,100.01080844447026,95.85252082717805,96.14386749267578,19522800
2022-11-10,97.28276426759358,97.73301995583236,94.9696586869696,97.55644989013672,20146700
2022-11-11,99.39280636686938,101.08790321468346,99.3133451237789,100.60232543945312,20518900
2022-11-14,100.23743552532106,102.02627921216617,100.11284012324629,100.8960189819336,20858300
2022-11-15,101.27870242592792,101.92837745298395,100.45102912506623,101.5723876953125,19373800
2022-11-16,100.95833219560653,101.68810828700886,99.55217611048411,100.48664855957031,13591000
2022-11-17,99.04487153481436,100.74471258195243,98.56428638909507,100.6201171875,12425900
2022-11-18,98.69778922842174,100.10394509457443,97.54972577744444,99.74795532226562,15415000
2022-11-21,97.88790390257435,98.96476794842845,95.65408168370804,98.76007843017578,20973000
2022-11-22,99.863638483899,101.87497471192495,99.16946223624618,101.61688232421875,17719100
2022-11-23,99.96154804219272,101.41219840899191,99.76575332484578,101.10961151123047,11546700
2022-11-25,101.34990294937631,101.99958481767929,100.62012694399046,100.75362396240234,7136000
2022-11-28,98.48419532982545,99.19616806461372,97.55862466365474,97.72771453857422,23015500
2022-11-29,98.43968569436021,99.49875328012233,97.70990979902933,98.37738800048828,14453200
2022-11-30,99.26736136351714,99.58775145124825,97.70101057793605,99.08936309814453,23158100
2022-12-01,99.35635990244408,99.73904769636006,98.05700308331859,98.6087875366211,14398300
2022-12-02,97.46072829787423,99.41866182582771,97.18483266452493,97.772216796875,15248400
2022-12-05,98.51980181443459,99.10718602202601,94.28354410549775,95.09341430664062,19287700
2022-12-06,94.24792517920125,95.2624915213336,91.80050506108664,92.45018005371094,21197000
2022-12-07,92.36120008576124,93.31346889543363,91.10634435990355,92.2455062866211,20061700
2022-12-08,94.58611748939555,95.0489062151662,92.29889227416805,92.93077087402344,21128800
2022-12-09,93.08205603700753,94.29241704145905,91.93399951581539,92.14759063720703,21298200
2022-12-12,92.40569307899659,94.55051971670585,92.1920951444162,94.41702270507812,20413200
2022-12-13,95.93888868352438,96.59746540586589,95.24470551193438,95.44940185546875,24305300
2022-12-14,96.10796959142547,96.38386522777827,94.11443638617808,94.7463150024414,17597300
2022-12-15,93.74064939729313,94.48822179676498,92.28999228555507,93.83854675292969,15365100
2022-12-16,92.28108876983592,93.96313330011395,91.78270042720358,93.1799545288086,54596600
2022-12-19,93.678352266026,94.51492041480776,92.89517341617912,93.59825134277344,13611100
2022-12-20,93.5982594062556,95.68079532101132,93.50926365381694,94.95101928710938,14680000
2022-12-21,96.3749615176912,96.64194874681033,95.36929672045656,96.1702651977539,13565400
2022-12-22,96.01898455635471,96.28597861100809,92.64599316294196,94.23014068603516,13213000
2022-12-23,95.18239312309781,96.77544198419204,95.13789864828226,96.7220458984375,11539400
2022-12-27,97.24713939399913,98.3151087910887,96.85555672601289,98.06591796875,11962100
2022-12-28,97.81672431736384,97.89681845511022,96.02788055168257,96.45506286621094,10702100
2022-12-29,96.1079731701187,97.64762609632893,96.1079731701187,97.1848373413086,10534000
2022-12-30,96.65976497682652,98.34180986940662,96.65976497682652,98.163818359375,11799600
2023-01-03,97.70102743419248,97.9146185995507,93.883050554968,94.79082489013672,15146200
2023-01-04,93.26896532901436,95.36929747303752,93.23336567352956,95.06670379638672,18058400
2023-01-05,94.63952140041373,97.85231754282941,94.6128233544007,97.19374084472656,15946600
2023-01-06,97.96800789821037,99.6678489529529,97.60311653429603,98.36849212646484,16348100
2023-01-09,99.3563627136074,99.3563627136074,95.947772126,96.53515625,17964600
2023-01-10,97.70991859210734,98.19050375519916,96.12577127114169,97.9769058227539,15104600
2023-01-11,98.77788788314876,99.18727376356081,97.08694147974909,99.11608123779297,16710400
2023-01-12,99.51655905209924,101.22530177863506,99.44535974100857,100.76251983642578,15357300
2023-01-13,100.6646261732271,101.00281272840137,99.81915639032133,100.70022583007812,12011400
2023-01-17,100.9316064535044,101.52788534715503,100.27302307639778,100.5044174194336,16542200
2023-01-18,100.7981140671462,101.56348964532926,98.25279654713084,98.43968963623047,16399700
2023-01-19,97.95911514492641,99.7924533715099,97.52303122295994,99.07157897949219,12928000
2023-01-20,99.10717907325085,100.95832053170253,98.43970076957321,100.87821960449219,16515600
2023-01-23,101.13629851986298,101.98176820893737,100.24632756717855,100.3531265258789,16584400
2023-01-24,97.14924524284352,101.47449839551795,93.33126853843952,101.28760528564453,13583000
2023-01-25,100.77142718615882,101.14521340575978,99.13387688752442,100.75362396240234,11914700
2023-01-26,102.09748094115467,104.82079020801444,101.75928759328454,104.80299377441406,21019700
2023-01-27,104.08211487027636,104.72289513291396,102.69376216118852,102.88955688476562,15179200
2023-01-30,102.42675612721493,102.78274587476369,100.70021705500396,101.06510162353516,18672100
2023-01-31,99.76575433447994,103.59263260333397,98.27950429585489,103.24554443359375,27861800
2023-02-01,103.085352162503,104.46480326704186,100.8693192773117,102.11528015136719,19464900
2023-02-02,102.21318628880383,102.40898103024269,97.74553405664003,98.92029571533203,24562100
2023-02-03,99.58775624091643,101.5545913357865,99.28516257019957,99.60555267333984,20226600
2023-02-06,99.9971340132107,100.64680898828426,98.18159250529915,99.43645477294922,13855200
2023-02-07,100.02383388685813,102.62254741463325,99.69454219308835,102.27545928955078,16013300
2023-02-08,102.39115424558487,103.08533045770045,101.32318509699708,101.38548278808594,18459700
2023-02-09,102.00848446305962,103.45023322228116,101.61689502725116,101.7681884765625,17439300
2023-02-10,103.69051920000479,106.4672242697067,103.37903071974203,106.0578384399414,24918600
2023-02-13,105.57358513939404,105.98612125904263,103.94137403896292,105.64533233642578,14536200
2023-02-14,104.93684185750924,105.65429328551218,104.04898570865394,104.40771484375,12079000
2023-02-15,103.7799180568062,104.11173677905028,102.36294209044988,104.09380340576172,13663400
2023-02-16,103.41223297054329,104.7305584576728,102.9548600465016,103.78890228271484,11360600
2023-02-17,102.40778952725545,102.40778952725545,99.52900063508393,99.79804229736328,20758300
2023-02-21,99.37653874919886,100.78454469583224,99.37653874919886,99.69939422607422,14469400
2023-02-22,99.08058864601152,99.52002814005934,97.43043775308824,98.40797424316406,13973800
2023-02-23,99.3047955842418,100.29129536121243,98.56043398694513,99.31375885009766,11289400
2023-02-24,98.04924933698015,99.51106223776047,97.77123071936603,99.3227310180664,14351000
2023-02-27,99.36758404289242,99.78012011172844,98.61425225122649,99.14337921142578,11710500
2023-02-28,99.76217669656076,99.86979747540373,97.95060472692765,98.56941223144531,18107000
2023-03-01,98.03130435928499,100.31819605141936,97.96852728910262,99.44828033447266,13200000
2023-03-02,99.20614463934973,100.17470419747058,98.80257188479402,99.9056625366211,10339900
2023-03-03,98.69496497607183,101.67240472632008,98.60527757388951,101.17018127441406,13006700
2023-03-06,100.43479050646414,102.09390482675954,100.32717657051974,102.06700134277344,14347400
2023-03-07,101.17017447257798,101.49302994060142,99.69939149255465,100.093994140625,11525300
2023-03-08,99.75321098356422,100.82042126828415,97.81607806502748,98.63218688964844,13509800
2023-03-09,99.4303510719259,100.65002577919886,97.78020012118517,97.86988067626953,12961200
2023-03-10,98.25550913567021,99.58280455916855,96.0941784265973,96.65917205810547,15795700
2023-03-13,94.47094707377028,96.73093566809017,93.01810410532471,95.54713439941406,20745600
2023-03-14,95.37672635335991,97.76226885472325,94.13014813690516,95.90585327148438,18263500
2023-03-15,92.2109690400356,93.44857733013427,89.87924000373033,91.1347885131836,25733800
2023-03-16,88.88375297484102,91.18857808445073,87.90621647223654,90.60564422607422,27465200
2023-03-17,90.22001379559596,91.12580313999376,88.91065853177292,89.5384292602539,43199500
2023-03-20,89.35011980223788,91.90606072170323,89.23353573632335,91.879150390625,32042100
2023-03-21,93.42167042548837,96.21077916265207,93.38579683028054,95.99554443359375,31592300
2023-03-22,95.78030899226431,96.12109788092143,93.77142872869683,93.79833221435547,14952700
2023-03-23,94.48889213162427,95.36777130828017,91.87018113682852,92.74009704589844,14385900
2023-03-24,91.00024148295076,93.13466862579389,90.49802494161996,92.84768676757812,13401600
2023-03-27,93.93283567803529,95.49330592246706,93.18848098500132,94.88346862792969,14805900
2023-03-28,94.56062696795253,96.54259675349448,94.3364221482009,96.0672836303711,11047600
2023-03-29,96.91029894262024,97.89680572347227,96.39911217535546,97.71743774414062,14219100
2023-03-30,98.24653993656715,98.26447330888017,97.32281047104983,98.1927261352539,11578200
2023-03-31,98.36313295891425,98.80257246374138,97.7981393098508,98.34519958496094,14418000
2023-04-03,101.69033822849634,104.79333213505097,101.44820003199074,104.14762115478516,28087700
2023-04-04,104.26420616337298,104.65880197403405,102.38985040452873,103.15214538574219,16365500
2023-04-05,103.44810122478054,104.92785438583896,102.51540836473275,104.91888427734375,16479500
2023-04-06,104.8023026125039,105.08928451116654,102.92794674140397,103.17906188964844,15778000
2023-04-10,102.93691439581819,104.19246273835229,102.38985409544397,102.7216796875,13006600
2023-04-11,103.09833827526924,104.21039220913875,102.57818147764773,103.4480972290039,11758500
2023-04-12,104.17452679073648,104.56015249761312,103.07143610874667,103.34048461914062,10919000
2023-04-13,102.77549867258581,103.93239648363904,102.35399247295531,103.82477569580078,12399700
2023-04-14,103.94135007574006,104.62293460602673,103.24183217142456,104.07587432861328,11530800
2023-04-17,103.57366142420722,104.4884209628794,102.61406502481638,102.86517333984375,13260400
2023-04-18,102.5871544786043,105.11618451502486,102.5064440295532,104.8740463256836,17436100
2023-04-19,104.10277394956296,104.83816541684806,103.82475534601998,104.5422134399414,10682600
2023-04-20,103.25079593408535,103.74404924959765,101.54684486345252,103.70817565917969,17038700
2023-04-21,104.47047797579083,104.82023695419245,103.36739407227441,104.04000854492188,14315300
2023-04-24,103.95929657232527,106.62285111511649,103.92342297755165,106.00404357910156,15831300
2023-04-25,105.42110505870058,105.59149606267934,103.69920690706057,104.49737548828125,12179800
2023-04-26,104.05795290974692,105.0085792753164,102.84724809955787,103.53779602050781,15566100
2023-04-27,103.69024774531206,104.93682599868215,103.02659655091402,104.77539825439453,16279200
2023-04-28,105.15205558163015,107.54656130328293,104.77539314405982,106.12958526611328,24381900
2023-05-01,104.02205791562092,105.19689572960837,102.64095551562568,102.8382568359375,17355000
2023-05-02,102.18358902777577,102.18358902777577,98.01337808589618,98.73979949951172,24324100
2023-05-03,97.82505238046157,98.4797266478367,96.64125116006583,96.79370880126953,16212300
2023-05-04,96.7668088978241,97.52910397424252,94.98214031332664,95.09872436523438,17177200
2023-05-05,97.34972456373163,98.13892297762972,96.43496517003031,97.46630859375,14968200
2023-05-08,99.09851439026447,99.52002047834854,97.78915927458677,97.85193634033203,11187800
2023-05-09,97.16139470408943,98.8563893891364,97.0448106642451,97.87885284423828,11370800
2023-05-10,98.41694481516451,98.65908984979112,95.69958352067766,96.62330627441406,14884800
2023-05-11,95.50229015289833,95.79824217893452,94.10325416391066,94.87451934814453,17165900
2023-05-12,95.34084499281705,95.96862252516006,93.96871273991445,94.86553192138672,12613300
2023-05-15,95.4444821515232,95.82441302943008,94.60320269240944,95.04645538330078,13715600
2023-05-16,94.6484247341602,94.81125323252374,92.28741495866866,92.73971557617188,14795200
2023-05-17,93.52673230340935,95.19120236339002,93.03824674998765,94.8203125,14064700
2023-05-18,94.5760720426265,95.80633040654975,94.19613423791458,95.67967987060547,12005600
2023-05-19,96.40337192127853,96.8375836344665,95.72492086424555,96.1229476928711,13359600
2023-05-22,95.74299231733885,96.82851795067934,94.87457595160232,94.95599365234375,12882000
2023-05-23,95.87868293492475,97.89594672502376,95.66158057103006,96.24957275390625,14394400
2023-05-24,97.13607674683463,98.15828054482996,96.54809147370341,97.32604217529297,16340300
2023-05-25,95.83347221817809,96.27672496107373,94.72080948626852,95.58018493652344,14316500
2023-05-26,96.31289551784953,96.7471002499379,94.82935003035466,94.95599365234375,12370300
2023-05-30,93.43626463364028,94.18708533308296,92.82113550301588,94.11471557617188,11938000
2023-05-31,92.53167375474551,93.21012477336824,92.03414024713125,92.43216705322266,24926100
2023-06-01,92.0431719023042,95.50779614723693,91.59991924769288,93.49958038330078,13551900
2023-06-02,95.12787961787431,96.00533711474354,94.5579763603257,95.67063903808594,14112000
2023-06-05,96.96421969268897,96.96421969268897,95.06455136038731,95.24547576904297,10628000
2023-06-06,94.2142197756264,96.1319699721478,94.06043922242606,96.02342224121094,12209800
2023-06-07,96.60237203953514,98.50203335745171,96.54809817094213,98.17637634277344,16027100
2023-06-08,98.39347604682726,98.72818099770215,95.79727484674659,97.86881256103516,13517100
2023-06-09,98.11306480165655,98.24875638890654,96.93708714913188,97.1451416015625,12251600
2023-06-12,95.71586991260847,96.8466216388289,95.48971956736438,96.2676773071289,14112000
2023-06-13,97.13608714835,98.00450358639107,96.14102707777548,96.2857666015625,13533800
2023-06-14,97.19940719104868,97.79644736343559,94.43132941395355,95.12787628173828,16627700
2023-06-15,95.43543694189023,96.81947582362251,95.38116307250785,95.7882308959961,16224100
2023-06-16,96.2134012352652,96.58428420418294,94.94695795051157,95.10073852539062,43128900
2023-06-20,94.69364883787101,94.77505962877724,92.3778720979726,92.9206314086914,17514100
2023-06-21,92.7216387897887,94.6484371893464,92.5678582159753,93.96094512939453,13285700
2023-06-22,93.02918984889146,93.97902392826028,92.85732030332215,93.4453125,12455300
2023-06-23,92.80304172981002,93.0111030602852,91.9255842880983,92.63117218017578,17933600
2023-06-26,92.45024586955627,94.9017213537684,92.45024586955627,94.34086608886719,14283400
2023-06-27,94.12375683784359,94.63033129713165,93.41816211040174,94.57605743408203,13227500
2023-06-28,94.35895177691486,95.72490156207878,93.35484386285155,95.344970703125,13084100
2023-06-29,95.58017109365022,96.54809415210956,95.10072663531521,96.52095031738281,11364400
2023-06-30,97.08182310441451,97.58839768582428,96.62047445259572,97.01850128173828,13544700
2023-07-03,97.23558725086231,98.11305157501886,96.85565637902954,97.20845031738281,7397000
2023-07-05,97.36225238145143,97.6245876323011,95.97821325579322,96.71094512939453,12491200
2023-07-06,95.06454563005515,95.63444885601704,92.65830980324304,93.1015625,17961400
2023-07-07,92.19697668933952,94.07854933236145,91.87131962029491,93.31868743896484,21929200
2023-07-10,93.14679766082682,94.75698688260134,92.94778426909104,94.70271301269531,14877600
2023-07-11,95.21832964289847,96.03247214936866,94.81125493888344,95.860595703125,12576500
2023-07-12,96.79233459692273,97.38032679487956,96.00532901797497,96.33098602294922,13238200
2023-07-13,95.8606044139064,96.09580269305005,93.46340949985277,94.56702423095703,26826800
2023-07-14,94.12376585243494,94.12376585243494,90.93956548508007,91.31045532226562,28181900
2023-07-17,91.11143996309441,91.97080839901436,90.65913933333447,91.7084732055664,18051300
2023-07-18,91.29235076904297,92.45023919218679,90.76768042056861,91.29235076904297,24617800
2023-07-19,91.40997561478595,92.63118614296576,91.1838252613615,91.92559814453125,15556500
2023-07-20,92.75781708616742,93.7709730153257,92.5949885779377,93.5448226928711,15740200
2023-07-21,94.22328065508488,94.42228715630804,93.4091380534968,93.97903442382812,17121500
2023-07-24,94.40419540333899,96.0324805588672,94.042353490826,95.45352935791016,15090900
2023-07-25,95.03740372084279,95.96914189041031,94.56701411443696,95.59825897216797,14116100
2023-07-26,95.08264056810813,95.63444789798719,94.65747686460524,95.06454467773438,15159600
2023-07-27,95.88773803863332,96.7832913954252,94.74793846535987,95.36306762695312,17677900
2023-07-28,95.08263500188693,95.12786782361331,92.55879676417798,94.2232666015625,17566400
2023-07-31,95.1550091118777,97.57029282894206,95.1550091118777,97.00943756103516,24197000
2023-08-01,96.74709867060672,97.0818036098625,95.46256658193805,96.4485855102539,14177400
2023-08-02,96.12294017173153,96.23148791536443,94.5941617010036,95.24547576904297,13484100
2023-08-03,95.78822398268836,97.58837850340377,95.25451256812056,96.90088653564453,16280400
2023-08-04,97.66075726744425,98.81864584791495,97.09086092280769,97.17227172851562,14279600
2023-08-07,97.6064763593845,98.07686597319973,96.3490811726686,96.97325134277344,12410800
2023-08-08,95.92392691038317,97.470794373412,94.83840116157592,97.45270538330078,14065600
2023-08-09,98.33919885555089,99.88606613019873,97.97735698334773,99.10810852050781,19919600
2023-08-10,99.67802213402197,100.98064334796474,98.9995711407908,99.61470031738281,15837200
2023-08-11,99.84084305375545,101.37866242747624,99.55137092805883,101.16156005859375,14047000
2023-08-14,101.0258785664945,101.29726173083586,100.21173597503098,101.24298095703125,12973400
2023-08-15,101.00585008987957,101.10617248409145,98.47044476300184,98.64373016357422,14909600
2023-08-16,98.7531708926021,99.71079124702548,96.92913742370843,96.98385620117188,13695100
2023-08-17,97.96883801247039,100.45864681165027,97.96883801247039,98.86261749267578,16709500
2023-08-18,98.16947312953025,100.50423356213018,98.15123585783459,100.35831451416016,16224000
2023-08-21,100.65017673874911,101.21562967166744,98.62549828651785,99.14534759521484,11092400
2023-08-22,99.5648775234177,100.06648957255439,98.45221585670458,98.58901977539062,10518800
2023-08-23,97.62226519509501,97.85939147758087,96.41840346897948,97.72258758544922,11435600
2023-08-24,97.0568065830225,98.28802762271974,96.73760215912094,96.99296569824219,10818500
2023-08-25,97.97796892190156,99.3459941752327,97.23923751170635,98.72582244873047,13579300
2023-08-28,98.90820241502227,100.35831249950648,98.8990872584249,99.55574035644531,10382100
2023-08-29,100.01174738298778,100.34006696960807,98.88084174743844,100.14854431152344,9665000
2023-08-30,100.72312230775769,101.36153118745925,100.30359547850597,101.12440490722656,11922100
2023-08-31,101.34330174625724,101.61690259092599,100.88729338034054,101.40714263916016,17479800
2023-09-01,102.32826567681334,103.80573515950758,102.32826567681334,103.5321273803711,14843500
2023-09-05,104.0611013633418,105.63889327475555,103.51389274924593,103.54125213623047,18304000
2023-09-06,103.49566716568226,104.50799938911405,103.26766297088119,104.43504333496094,13325500
2023-09-07,104.5627246945371,105.65714204179731,103.69630458299827,103.92430877685547,13248500
2023-09-08,104.45326800799621,105.83953724170689,104.2617453424444,105.43824768066406,14283200
2023-09-11,105.95810789849708,106.4141162804052,103.57774358828581,104.11583709716797,14383600
2023-09-12,105.19200237269284,107.31700294424363,105.1281614823007,107.15283966064453,20145800
2023-09-13,107.07989359692485,107.58149865159245,105.70274630933926,106.19523620605469,13472800
2023-09-14,107.20756613532897,108.21990523150171,107.00692134752748,108.09221649169922,15210700
2023-09-15,107.52675899954556,108.08308968461728,106.24993436236238,106.43233489990234,34568400
2023-09-18,107.18932756418127,107.83685862200694,106.43235199137575,107.2896499633789,14045300
2023-09-19,108.1834376519553,108.38407550744421,106.35028189617825,107.0069351196289,12562900
2023-09-20,106.2864265928081,107.63620740640849,106.08578180637515,106.15874481201172,11879900
2023-09-21,106.68771060474081,107.04339654101047,104.51710652807132,104.66303253173828,14400600
2023-09-22,105.52945164147714,106.41410895478015,104.70863521892097,104.82720184326172,13197300
2023-09-25,104.96399485458787,106.38674558649682,104.72687553104885,106.00370025634766,11316000
2023-09-26,105.33792344416327,106.45970698917395,105.21936378417631,106.16786193847656,11805400
2023-09-27,107.51764855009432,109.89801270135541,107.07076231394343,109.62440490722656,23976200
2023-09-28,109.42377153797162,110.08041774600493,107.79126073822837,108.9586410522461,16808100
2023-09-29,108.62119435470322,108.69415736520747,106.45971909406619,107.23493194580078,18813600
2023-10-02,107.18933045657671,107.42645676636387,104.47152436352808,105.45649719238281,14395000
2023-10-03,105.28322238828109,106.19523919494843,104.90929215764218,105.63890838623047,13297100
2023-10-04,104.01551055059363,104.05198509653303,100.77784838484007,101.68986511230469,19622200
2023-10-05,100.13943404159593,101.1426509959086,99.13621012914821,99.40069580078125,20128800
2023-10-06,96.42753765939315,98.74405416820602,95.86208474823475,97.74083709716797,25367500
2023-10-09,100.72313215756054,102.2097169560314,99.88407145886968,101.16089630126953,22369900
2023-10-10,101.2520956636863,101.64426314118182,100.4312861621643,100.73224639892578,13892000
2023-10-11,97.54930784758155,97.74083052441661,95.60671473270992,97.12065887451172,57939000
2023-10-12,98.12387122015276,98.35187539005716,96.75584620072637,97.1024169921875,31183000
2023-10-13,98.52517824065578,100.50425311608942,98.3518928142257,100.20329284667969,30276500
2023-10-16,100.77784947658674,100.9420127676342,99.52838404149576,100.27623748779297,18452000
2023-10-17,100.07559448657558,101.96346875714056,100.02999086880726,101.58953857421875,19775400
2023-10-18,101.98171451375718,103.41358055830396,101.87226999688905,103.01229095458984,23380300
2023-10-19,102.80252525893196,103.94254615302386,101.53482258135261,103.07612609863281,20972500
2023-10-20,102.98494674646705,103.34975489833677,101.04235325310569,101.30683898925781,22445300
2023-10-23,100.89640859920392,101.19737579084462,99.11797875430067,99.82022857666016,18185000
2023-10-24,100.04824014725526,100.15768466815196,98.60725889186335,98.85350036621094,16786100
2023-10-25,98.97204778212945,99.86582719670223,98.6163618309564,99.035888671875,22047300
2023-10-26,97.99619170873423,98.8078860157211,97.12977862630764,98.13299560546875,18768300
2023-10-27,99.30949917626616,100.19415649988032,95.72527322110759,96.26336669921875,23092000
2023-10-30,96.4366492662463,97.05682093501882,95.95328150169952,96.5643310546875,19379900
2023-10-31,96.2907305838302,96.81970197124865,95.34223232443232,96.53697204589844,22185200
2023-11-01,97.15713803272905,97.74082816464914,96.18128044109996,96.34544372558594,28984900
2023-11-02,96.56432255832104,99.5831024689174,96.21775872849298,99.51013946533203,25212700
2023-11-03,98.86260246447071,99.20916627326626,97.16625100380251,98.29714965820312,30555600
2023-11-06,98.65284044194064,98.74404071631338,96.46399906632047,96.55520629882812,19097300
2023-11-07,95.27839370506513,95.63407969106562,94.20221363102532,95.04126739501953,20272500
2023-11-08,94.60349461658171,95.67055247732775,93.8373969763115,93.8738784790039,19184100
2023-11-09,94.54876850216763,94.82237629218966,93.81003721049734,93.90123748779297,18380500
2023-11-10,94.78589790692575,95.22366899373122,93.85564391490027,94.62173461914062,17825500
2023-11-13,94.8953272392045,95.88942196423986,94.67643825174642,95.61581420898438,15308400
2023-11-14,95.99319143251661,96.47177375122823,95.59743783325452,95.9839859008789,18260500
2023-11-15,95.68026993832453,96.77549652377782,95.256906750932,95.40416717529297,20137600
2023-11-16,94.7046875101647,95.04521492934765,93.09406359680055,94.29972839355469,22469100
2023-11-17,94.85193771778339,97.0331851293406,94.5666294525306,96.60061645507812,22984900
2023-11-20,96.98716491087323,97.4473431583524,96.11282904936796,96.17725372314453,17458800
2023-11-21,95.91033754068582,96.36131020090296,94.99918669035594,96.14042663574219,14989000
2023-11-22,94.41017767916252,95.82752762521208,93.82115004207222,95.72628784179688,18072000
2023-11-24,95.73546987123605,97.06999086753862,95.63423712701099,96.24166870117188,9480800
2023-11-27,95.80910905124252,96.08521880650554,94.96238276702132,95.68025970458984,18013500
2023-11-28,95.93794066600087,96.55458473588094,95.60661182962878,95.6250228881836,20629500
2023-11-29,95.9655581413501,96.25087339837316,93.54502335224444,94.18927001953125,26802100
2023-11-30,94.8979532343943,96.15884408694542,93.7014870518706,94.55741882324219,29254700
2023-12-01,94.33654101512656,95.91955531466732,94.07884231925021,94.78751373291016,17845300
2023-12-04,93.99600785299823,95.12804945004895,93.49901449490984,94.2721176147461,21523900
2023-12-05,94.12485215018678,94.189276821568,92.30255029011089,92.44060516357422,22250300
2023-12-06,92.03563884073849,92.69829656387373,90.50784386553647,91.21652221679688,31154800
2023-12-07,91.90678975401582,92.80873508488165,90.27775500998925,90.58147430419922,29990700
2023-12-08,91.13369564537811,91.84237406782894,90.88520248512096,91.62149047851562,22074900
2023-12-11,91.85157752963131,91.90679667027507,90.72874152479129,91.6859130859375,22252300
2023-12-12,90.82078124450076,90.82078124450076,89.7163562344346,90.24095916748047,26084000
2023-12-13,90.2317529239971,91.14290390119778,89.88201997864809,91.04166412353516,19915400
2023-12-14,91.89758742762017,94.00520447879666,91.77794362047054,93.48980712890625,26165700
2023-12-15,92.57866022505516,92.9560097737911,92.3209615194614,92.86397552490234,55527000
2023-12-18,93.9960045428465,94.89795698059861,93.4345865296895,93.55423736572266,21610400
2023-12-19,93.87636276627228,94.97158924550956,93.68308874436502,94.78751373291016,18904700
2023-12-20,95.25690414272295,95.66186327686401,93.07565656350407,93.20450592041016,20988900
2023-12-21,93.38858160916699,93.88557499600121,92.78114290689294,93.62787628173828,19250900
2023-12-22,94.1616549853367,94.74148397399925,93.71068234441375,93.79351806640625,12927800
2023-12-26,94.55741568925485,94.82431989102585,93.98679920842777,94.00520324707031,16835100
2023-12-27,93.91317133248073,94.3825550797368,93.2689176158668,93.56343841552734,14558800
2023-12-28,93.31494284945951,93.51742239833324,92.15529171975896,92.21051788330078,16329300
2023-12-29,92.37618089113792,92.57865341509435,91.68591354260273,92.01724243164062,17746400
2024-01-02,92.88236431254258,94.88874150458159,92.81793964672416,94.20767974853516,23483000
2024-01-03,94.12486358598015,95.36735057634482,93.5634525367418,94.99920654296875,23490800
2024-01-04,95.79070493391202,96.24167764683322,93.92238238719,94.1708755493164,19395200
2024-01-05,94.95317773624089,95.1648628192927,93.9960061405197,94.45618438720703,15827400
2024-01-08,92.70752227683828,92.99283057239407,91.02326803415757,92.88238525390625,23370100
2024-01-09,93.22291369910991,93.22291369910991,91.29016639185578,91.73193359375,19496600
2024-01-10,91.85159057928645,91.85159057928645,90.3422063319719,90.82999420166016,18206100
2024-01-11,91.15211128612165,91.57547444597388,90.7103370635402,90.81157684326172,15833400
2024-01-12,92.16449399524497,92.63387774907625,91.27174711861463,91.9896240234375,18041700
2024-01-16,91.8699866627046,92.04485664678835,89.7623694095462,89.90962982177734,20235700
2024-01-17,88.90643983251552,90.15812528123526,88.88803579140043,89.25617980957031,18384000
2024-01-18,89.27458363447634,89.35741235193834,88.18856264547507,89.09051513671875,20940300
2024-01-19,89.01686050102705,89.29296317189574,88.73155230126773,89.2285385131836,20088400
2024-01-22,88.99847192702204,89.36661593627939,88.14254008974794,89.10891723632812,19955900
2024-01-23,89.09970857787702,90.65511327597197,89.02608539601994,90.11210632324219,15863400
2024-01-24,90.48943313163444,91.71350872286443,89.9556247806341,91.66748809814453,17330600
2024-01-25,92.3209612239002,94.04203046183875,91.68591999336665,93.99600982666016,22089500
2024-01-26,93.8487487583697,94.87034498427393,93.13087184757482,94.79671478271484,20817200
2024-01-29,94.77832633311557,94.98079888806365,93.74752440702115,94.91637420654297,18317500
2024-01-30,94.25370937963669,96.52698396024195,93.9683940993909,96.49937438964844,19610900
2024-01-31,96.39813737733174,96.52698672496707,94.58503395762524,94.6218490600586,22415300
2024-02-01,95.32132678670733,95.72628591220523,93.52663433827465,94.23530578613281,19240700
2024-02-02,95.48698835471738,95.71707748328296,93.51742597593702,93.8487548828125,21973400
2024-02-05,93.37016271346478,94.22609452647544,92.49582686030628,93.46220397949219,17190900
2024-02-06,93.94077325765838,94.83352004913648,93.4805950782789,94.10643768310547,13347900
2024-02-07,94.10645173448931,94.54822594223175,93.12167056444635,94.07884216308594,13826800
2024-02-08,94.18928276420623,96.10362600854677,93.97760469706802,95.68946838378906,19636900
2024-02-09,95.80912067398528,96.49018259202182,93.60026342920978,93.66468811035156,20410500
2024-02-12,94.02362339656817,95.16486349030613,93.87636298614375,94.95317840576172,18173100
2024-02-13,95.45479212406188,95.76132703323654,93.44834315298729,94.13573455810547,18917400
2024-02-14,94.62805544185711,95.32473787699894,93.28113181503745,93.67127227783203,17651300
2024-02-15,93.4483421993936,96.55090520552014,93.4483421993936,96.3558349609375,23196300
2024-02-16,96.61592862038103,97.19184827000005,96.16075762933417,96.3558349609375,20151400
2024-02-20,96.45799632023096,96.718097033749,95.35259840761339,95.44548797607422,17650000
2024-02-21,95.69630275720338,97.51697254955685,95.66843659180361,97.39620971679688,20991300
2024-02-22,96.75526226771814,97.91639968690434,96.09572997704242,97.31260681152344,20470700
2024-02-23,96.4951574293818,96.69022765706752,95.56624753353363,96.45800018310547,15975900
2024-02-26,96.34654602301207,97.47981735327832,95.72417802590546,96.8388671875,13360800
2024-02-27,97.23829914336193,97.67488797755414,96.46730214200213,96.63450622558594,16360000
2024-02-28,97.04323043679548,97.93498320108213,96.60664159566096,96.90389251708984,14810500
2024-02-29,97.23829727292836,97.60057159922124,96.81099953132704,97.08966827392578,17566100
2024-03-01,98.20436175690404,98.82672972701226,97.88852868637323,98.31582641601562,18460100
2024-03-04,98.14863349705556,98.32512157697379,96.63450566914837,96.94104766845703,18138000
2024-03-05,97.09896000455221,98.71526140085173,96.9038897573282,98.13005065917969,19952700
2024-03-06,99.0403871865825,99.92284885565232,98.60379835074048,99.17971801757812,20472800
2024-03-07,99.02180351524763,100.30370383712348,99.02180351524763,99.73706817626953,15195400
2024-03-08,99.60700653236891,100.69382935815091,99.17970176393966,100.67524719238281,16281500
2024-03-11,100.55451016059449,101.36266443330514,99.70919863645818,101.26976776123047,17577300
2024-03-12,101.30691345009384,101.51127476609985,100.35013736790229,100.61952209472656,14957200
2024-03-13,101.38124066790664,102.50522095998005,101.35337450077591,101.74351501464844,17122200
2024-03-14,102.02218902780861,103.61991539347474,101.89214219218657,103.54560089111328,22121000
2024-03-15,102.96967698718488,104.31660080355327,102.96967698718488,103.35981750488281,38264400
2024-03-18,103.84285089527455,104.8367843227515,103.20190072036162,104.31659698486328,16770500
2024-03-19,104.24228311970053,105.42199572162103,104.09365411538434,105.05043029785156,14878800
2024-03-20,104.70673221818662,105.33839127683865,104.15867165447852,104.95753479003906,16119700
2024-03-21,104.89251104687291,105.81213701049371,104.56739397807692,105.42198944091797,14878000
2024-03-22,105.41270544396706,105.60777568524465,104.79962146821985,105.42198944091797,14701900
2024-03-25,105.737821103503,107.54919266766788,105.737821103503,106.49952697753906,14011700
2024-03-26,106.50881488773962,106.80606577882283,105.34767748709892,105.7006607055664,13152300
2024-03-27,105.41270200612404,106.88037430982625,105.34767859448546,106.7967758178711,12415700
2024-03-28,107.31696860165161,108.17156408034535,106.88037977816091,107.97649383544922,18482100
2024-04-01,108.13440961750592,108.9053994822858,107.177626425321,108.67317199707031,13817000
2024-04-02,109.53705880236348,111.09762779043602,108.98900533763975,110.80037689208984,19919600
2024-04-03,110.98616617500943,111.23696874826132,110.28948369850676,110.81896209716797,16504300
2024-04-04,110.58673085887656,111.35772072061991,110.20587438285337,111.20909881591797,18467400
2024-04-05,111.45062173412448,113.46635467564961,111.13478865789703,112.74180603027344,21720600
2024-04-08,112.47241603870346,113.08549290732601,111.66426184817972,111.98009490966797,17513900
2024-04-09,112.39809592524982,113.00188876704566,111.7850120002516,112.56529998779297,14132300
2024-04-10,112.60246670081666,113.76360415304086,112.14730280391055,113.5127944946289,17409200
2024-04-11,113.96795542891456,113.96795542891456,111.78501154160759,113.1319351196289,17555900
2024-04-12,114.20947129538423,114.95260206271898,111.16264790594812,111.8128890991211,21556200
2024-04-15,112.4817107347368,113.03906241543548,110.95829887140802,111.17195129394531,15029500
2024-04-16,111.0604741061643,111.673558090126,109.53706231737674,110.25232696533203,18082200
2024-04-17,110.12227919781411,110.86540291768445,108.79393766423546,110.19658660888672,14538600
2024-04-18,110.54028603020615,111.20910234011053,109.58350989848985,110.09440612792969,13821400
2024-04-19,110.68891781107325,112.33308537509753,110.49384047659336,111.35772705078125,21572400
2024-04-22,110.78180121535108,112.92758090477082,110.01080426575146,111.9893798828125,16340700
2024-04-23,111.46919585436991,112.45383814990358,110.95829253856247,112.42597198486328,13929800
2024-04-24,111.74788227915919,112.63963508014288,110.90257072864118,112.44456481933594,12101200
2024-04-25,112.42597504687214,113.10408245841073,110.91185431327277,112.70465087890625,16041000
2024-04-26,110.54028596518019,110.63317554438547,107.95791739336231,109.57421875,27289500
2024-04-29,109.38843280717073,111.51563734803625,109.38843280717073,111.13478088378906,17309900
2024-04-30,110.64246301910859,111.65497144735173,109.59279734299133,109.86217498779297,21083300
2024-05-01,109.8714651853538,110.04796033957723,107.43772570890185,107.78141784667969,27777700
2024-05-02,107.99507600373687,108.92398598153983,107.66066784476615,107.97649383544922,25513600
2024-05-03,107.7535629272461,107.81858634553168,106.01649862872928,107.7535629272461,28023300
2024-05-06,108.37591896478258,109.9271968345814,108.12511640397894,108.45023345947266,31401300
2024-05-07,108.94255912988814,109.22123495309287,107.68853209950792,107.91146850585938,30122000
2024-05-08,107.48417588929097,108.63602231178078,107.20550713984488,107.89289855957031,18957200
2024-05-09,107.93933245195244,110.10369431822592,107.93004845518489,110.02009582519531,17564000
2024-05-10,110.11298823121945,110.22445997847814,109.22123551421173,109.57421875,13648100
2024-05-13,110.00152527278635,110.57745204910702,108.7939464725943,109.52778625488281,15060600
2024-05-14,109.36857207538583,110.25820140059126,109.07827333350316,110.1926498413086,15079100
2024-05-15,110.13646787242496,111.28830346656066,108.70369293384505,111.04483032226562,18244300
2024-05-16,111.00737460129467,111.7190823892374,110.0709196177959,110.37995147705078,15745200
2024-05-17,110.7826293158141,112.2154043221371,110.46423090075085,112.0374755859375,15104500
2024-05-20,112.12175939400538,112.2715884776192,111.01674221708814,111.12911224365234,11551300
2024-05-21,110.8762744259419,111.85954789803293,110.29566974867049,110.36122131347656,14495000
2024-05-22,109.99601517045593,109.99601517045593,107.65487742084318,108.14183807373047,17879300
2024-05-23,108.2541999100683,110.04283244463738,106.156542645852,106.29701232910156,15979800
2024-05-24,107.5424794185877,107.76723374314378,105.85686485192139,106.21271514892578,12212900
2024-05-28,106.30637242903558,107.79533964986209,105.88497052112172,107.56122589111328,13978300
2024-05-29,107.25218128272401,107.27091438216762,105.64147767060885,106.40937042236328,13902000
2024-05-30,106.07224939851609,106.87760122978297,105.78195064930976,106.74649810791016,14683700
2024-05-31,106.86825510305313,110.02410411472364,106.74651137148399,109.80872344970703,29037400
2024-06-03,108.90970864784092,108.96589365604868,106.53111232439781,107.17726135253906,19589300
2024-06-04,105.81940782029542,105.90368533517668,103.8715798377526,105.5103759765625,19412200
2024-06-05,105.71639780327514,105.99733714363565,104.39600005058288,105.9317855834961,14863500
2024-06-06,105.58529935114332,106.7933271367682,104.98596873348852,106.72777557373047,13154100
2024-06-07,106.55921834537051,107.59868399657262,105.51038614341766,105.5853042602539,13289200
2024-06-10,105.87559215677041,106.96188330555805,105.53846781022143,105.89432525634766,15239700
2024-06-11,105.34181770978573,105.51037989038507,104.23680055798654,105.04215240478516,12462400
2024-06-12,106.10034400380536,106.10034400380536,103.51572645554708,103.88094329833984,13606800
2024-06-13,103.79666794705129,103.81540104787005,102.7478429279071,103.0475082397461,14466900
2024-06-14,103.02876786308968,103.2066965853798,101.6896370325,102.17659759521484,13313400
2024-06-17,102.23279232854219,102.50436514039029,101.30570386367087,101.4742660522461,21147900
2024-06-18,102.10168554459105,103.6842967504422,101.88630489969782,102.429443359375,17762900
2024-06-20,102.92577335610754,105.46356557037393,102.6261008947537,104.63948059082031,17433200
2024-06-21,104.78930638323584,105.53846602824107,103.72174835205078,103.72174835205078,52212500
2024-06-24,104.54583623552134,107.25219062967011,104.54583623552134,106.80269622802734,16266700
2024-06-25,106.85887566783474,107.27091813500049,106.25017851713561,107.10235595703125,14188900
2024-06-26,107.12108318385839,107.5237591057536,105.95051447423096,107.13981628417969,15771800
2024-06-27,107.6829561076337,107.6829561076337,106.85887829760617,107.59867858886719,16812700
2024-06-28,108.49766978364025,109.13445942782349,107.39265267004532,107.80469512939453,24565900
2024-07-01,108.35721035005527,109.32175788502754,107.25219313207295,107.65486907958984,11972900
2024-07-02,108.53511908149007,108.57257813302563,106.27825945241179,106.9244155883789,13326700
2024-07-03,107.0087069907861,108.31038598077082,107.0087069907861,107.46757507324219,7732900
2024-07-05,107.32710333177623,107.34582928732328,105.52911152671727,106.16590118408203,12631000
2024-07-08,105.24818363594021,106.33447493508666,104.33982108448483,105.05152893066406,13350500
2024-07-09,104.04951545927011,105.38864639296472,103.59065451046955,103.89031982421875,11727000
2024-07-10,103.87157428837237,104.84548822761204,103.40334684515621,104.80802917480469,10004100
2024-07-11,104.34918003256698,106.11907939568047,103.88095253661983,106.05352783203125,13082700
2024-07-12,106.74650675964696,106.8963429936939,105.47292734858743,106.07225799560547,11684900
2024-07-15,107.00871465321529,108.77862125805298,106.36256553166247,107.88898468017578,13032500
2024-07-16,107.08361815464212,108.95652798557451,106.48428758031048,108.66622924804688,13614100
2024-07-17,109.3217626789992,110.67026026369422,109.14384107433014,110.1645736694336,13602800
2024-07-18,110.45486204344581,112.29967949735102,109.97727514770222,111.2508544921875,13033600
2024-07-19,111.05419948883115,111.32577230710794,108.50704778779838,108.6943359375,16157700
2024-07-22,107.86087477181518,108.57258249038672,107.29900326539925,107.94515228271484,12065900
2024-07-23,107.51438502917392,107.85150936551338,105.97859956122035,106.20335388183594,11251700
2024-07-24,106.54047379204249,107.87960462206416,105.88495820164758,107.7016830444336,14925200
2024-07-25,107.85152046937385,110.5297823368202,107.2802823486859,109.96791076660156,17021700
2024-07-26,109.34984791640233,110.52978322454747,109.068915701329,109.874267578125,11252500
2024-07-29,109.86491135550965,109.93046292631412,108.04818618666384,108.7224349975586,8861800
2024-07-30,108.9658998490953,111.06355696155137,108.84416327619827,110.66088104248047,12483900
2024-07-31,112.03747986375454,112.14985704005318,111.02610671082157,111.05419921875,15137700
2024-08-01,110.82945588267867,111.89701408876473,108.96591229761054,109.51841735839844,15051500
2024-08-02,108.60069520525431,111.31641632702423,108.08564206084469,109.45286560058594,20403800
2024-08-05,108.19801068548901,108.6568716313078,106.05352789541912,107.47693634033203,18025900
2024-08-06,107.1772663322716,108.28228346073146,106.40937355788995,106.90570068359375,13647800
2024-08-07,108.11372902342585,109.67761433413926,107.93580742823603,108.32911682128906,13660700
2024-08-08,108.7036928299017,110.60469524434798,108.37593502475309,110.39867401123047,13851000
2024-08-09,110.39868013759397,111.72844453203783,109.90236012731455,111.29767608642578,12151900
2024-08-12,111.95319395788218,112.53379146382603,110.52041185954234,111.43814086914062,13228900
2024-08-13,110.7638996071571,110.97928740728922,110.03346582819712,110.37059020996094,11585100
2024-08-14,110.59533395465722,112.2809558107166,110.15519896198701,111.39131927490234,12194500
2024-08-15,111.62731631283768,112.93002574132085,111.5045996572175,112.08043670654297,11579400
2024-08-16,111.38186909293292,111.84443141755837,111.07035649325327,111.55178833007812,10056000
2024-08-19,111.7689230470879,113.75130957435277,111.55180119598671,111.89163970947266,12417500
2024-08-20,112.00492105811223,112.00492105811223,108.09678537454828,108.1628646850586,15632000
2024-08-21,108.56877636724127,109.09741082142683,107.38878360193117,107.47373962402344,11752400
2024-08-22,107.40765979958803,108.56877584398295,107.2755011866786,108.30445861816406,10609500
2024-08-23,108.58765128518996,110.18300378215591,108.58765128518996,109.80540466308594,10381400
2024-08-26,111.16476283079547,112.2786763131796,110.37180393043678,112.15595245361328,13671000
2024-08-27,112.29754477483348,112.72234646947837,110.82491618511388,111.0892333984375,9991600
2024-08-28,110.4473220477395,110.99484041545553,109.74876835223186,109.99420166015625,10742900
2024-08-29,110.63613071526507,112.13708541955603,109.83373698882012,111.51404571533203,10753900
2024-08-30,110.24909143061056,111.41020034714184,109.77709429658215,111.33468627929688,13284700
2024-09-03,109.35227920865182,109.58827774686327,107.65309405479161,109.00300598144531,15725100
2024-09-04,108.8330901958624,109.64492576921333,107.59646012110635,107.6719741821289,12620600
2024-09-05,108.62541573336145,108.82365365736392,106.73742727378996,106.83182525634766,17200800
2024-09-06,107.22828872631521,107.78524900268965,105.47246628753544,106.33149719238281,13467700
2024-09-09,106.54862441738935,109.64492413848934,106.35038650620838,108.56877136230469,21645300
2024-09-10,108.65373566518288,108.93693681823737,103.99984377040342,104.61344146728516,20913400
2024-09-11,104.57568195521604,104.73615924935297,101.734257243612,103.5750503540039,19571900
2024-09-12,103.74496660605926,105.09487863378732,103.6128079909338,105.00048065185547,15919500
2024-09-13,105.22703513276026,106.17102933730341,104.71727739805446,104.92495727539062,10035400
2024-09-16,105.77455059501854,106.75629820293,105.43471211454764,106.3975830078125,11729000
2024-09-17,106.02942568650951,107.9646166304558,105.84062973192627,107.7852554321289,12202600
2024-09-18,107.719186227873,109.1540543427134,107.43598506734037,108.1628646850586,12569900
2024-09-19,109.6543842237804,110.99485443646674,108.73870857640426,109.50334167480469,12660600
2024-09-20,108.99357018823397,109.04077277938768,107.85133806293591,108.814208984375,36206200
2024-09-23,108.87086315449204,111.19308824279237,108.67262521791694,110.78717041015625,16066300
2024-09-24,111.24028652385122,111.54237161840395,110.28685745206315,110.49453735351562,11984900
2024-09-25,109.96588774786339,110.49452942328482,107.65310472499752,108.34221649169922,13816000
2024-09-26,104.9155101854035,107.12446026109028,104.9155101854035,106.4825439453125,16887900
2024-09-27,107.38878634812366,109.58828744530904,106.90734727097637,109.33341217041016,15964000
2024-09-30,108.99356700819956,110.81547606117054,108.52156991885064,110.65499877929688,13247600
2024-10-01,109.54109678577407,113.84570838494524,109.43725683911822,113.2132339477539,23235900
2024-10-02,115.1012134434661,115.94136770784799,113.46810030358304,114.71417236328125,17129700
2024-10-03,115.07290446171842,116.27177403140631,114.15722885547962,115.7148208618164,16524300
2024-10-04,116.30008335704603,118.17863701344905,115.5732109869851,117.83879852294922,19752300
2024-10-07,118.23527462077126,119.26422485107972,117.86711745560547,118.34855651855469,15714400
2024-10-08,116.94200888546746,117.07416750858025,114.46874847969546,115.20506286621094,14818500
2024-10-09,114.12890244888325,115.71481302393366,114.03450446746089,115.25225067138672,11144900
2024-10-10,116.26233789809486,116.7720884666911,115.4410602893925,116.24345397949219,10243300
2024-10-11,116.20569468859178,117.08360965904788,116.05465934854703,116.6871337890625,8294800
2024-10-14,116.337839491965,117.30071757852464,115.75256771592284,117.13079833984375,9808100
2024-10-15,114.0533738410095,115.12008464641364,113.07161905278538,113.60969543457031,15771300
2024-10-16,114.11945838305229,114.63865807444547,113.84569920050899,113.90234375,8426800
2024-10-17,113.99673649622284,114.77081141742404,113.00553974983298,113.60969543457031,11204900
2024-10-18,113.69466750229546,113.88346346768023,112.47691407988174,113.28874969482422,12898600
2024-10-21,114.20441643431288,114.67641351343912,113.01498177832563,113.35482025146484,10177800
2024-10-22,113.52474145474456,114.40265632521259,113.2226636069547,113.94009399414062,9201400
2024-10-23,113.25099335807299,113.98730773395557,112.71291691399689,113.53418731689453,8320300
2024-10-24,113.27931406260966,113.69467385217943,112.45803644289799,112.89227294921875,9905600
2024-10-25,113.46810185020662,113.68522368875101,112.63738953311956,112.79786682128906,10714600
2024-10-28,110.24908502507142,112.34475333073475,110.23020110762883,112.24091339111328,11844500
2024-10-29,111.93883475379157,112.49578787870867,110.51340148515159,110.71163940429688,14731000
2024-10-30,111.07036919719164,111.64619907560265,109.9564556711896,110.15469360351562,12303700
2024-10-31,110.58892737544967,112.02379546065293,110.14524892742823,110.2396469116211,20512000
2024-11-01,113.21323299637132,113.23210971282977,108.40829842091597,108.51213836669922,20939300
2024-11-04,109.56940179792261,112.05210384448802,109.43724319176955,111.96714782714844,14965400
2024-11-05,112.41082828067086,112.53354493087429,111.4007547997693,112.29754638671875,10436700
2024-11-06,114.3649053270741,115.08234297679468,112.61851739737278,114.22330474853516,20807700
2024-11-07,114.50649925195154,114.6952952109633,112.91114675051665,114.36489868164062,12184400
2024-11-08,114.20443177320239,114.6197843611892,112.95835960503229,114.3271484375,12836000
2024-11-11,114.22330009593264,114.80857910240489,113.34538518727643,113.72298431396484,11969700
2024-11-12,114.34600972521244,114.51592896167631,113.12825639757204,113.60969543457031,11972800
2024-11-13,113.81738827891618,115.21450296048353,112.14652159826448,114.66698455810547,15127900
2024-11-14,115.79005037809654,115.99942953520414,114.52421958420231,114.74311828613281,13041800
2024-11-15,114.59084888994177,115.3903164331597,113.38212076842366,113.55343627929688,19051700
2024-11-18,114.0102729479599,114.80022815776562,113.51535827574796,114.50518035888672,14239700
2024-11-19,113.97221403130771,113.97221403130771,112.49699666542779,112.90625,11584400
2024-11-20,113.42018653251256,114.6574659727134,112.91575956823054,114.51470184326172,11360900
2024-11-21,115.2380329196694,116.63710829546686,114.46710953755101,116.0470199584961,14675400
2024-11-22,115.9423239554936,117.26525746342568,115.77100845929381,115.91377258300781,13323400
2024-11-25,115.57115075632971,115.99943590015317,113.83896382905982,114.18159484863281,26580300
2024-11-26,113.7628287252686,113.90559286875863,112.16388629300937,112.2780990600586,14827300
2024-11-27,112.39229352250659,113.00142095896551,111.76414151867107,111.98304748535156,11079100
2024-11-29,111.77365492472957,112.78250879796094,111.30729164334709,112.26856231689453,9426500
2024-12-02,112.35423399457247,112.49699086799647,111.18357680349695,112.16387939453125,12687300
2024-12-03,112.99189530183139,112.99189530183139,111.6023395235525,111.9925537109375,11756600
2024-12-04,111.83075294941393,111.87834340837432,108.3663795666072,108.76611328125,19520600
2024-12-05,109.17536684977931,110.04146382858124,108.55672718796144,109.24198913574219,15751200
2024-12-06,109.01357758485932,109.23247628302465,108.02375551757316,108.09037780761719,16171100
2024-12-09,109.10875808418695,109.39428635157209,107.30994887900273,107.45271301269531,17412600
2024-12-10,108.10940443915915,108.38541313072747,106.35818589287211,107.23379516601562,20990900
2024-12-11,106.59613084984449,106.96731322457951,105.74907289095835,106.51998901367188,32392200
2024-12-12,106.2059139731581,106.95779829994989,105.43499781714362,106.42481994628906,14543300
2024-12-13,106.50094942039023,106.50094942039023,104.93055865493027,105.4920883178711,13106100
2024-12-16,104.8829678960134,105.07332247202287,102.94140204970905,103.23644256591797,20256100
2024-12-17,102.06579255862307,102.95092142955151,101.63750744032565,102.79864501953125,17554000
2024-12-18,102.37986987792723,103.5790783479389,101.18066140791557,101.28535461425781,17114500
2024-12-19,102.20855529282338,102.47504445269246,100.13373749790486,100.41926574707031,20565600
2024-12-20,100.3621608340923,101.01887148373147,99.78159202293294,100.76190185546875,40141200
2024-12-23,100.22891134035409,101.45667119591222,99.85772897254408,101.17115020751953,12285100
2024-12-24,101.38053239856158,102.01821120710892,100.60009672218335,101.26632690429688,7807000
2024-12-26,101.38053349057293,101.86592863028206,100.82852331934868,101.35198211669922,9652400
2024-12-27,101.17116037634455,102.77961504476048,100.66672611637468,101.34247589111328,11943900
2024-12-30,101.17114249840868,101.41859255056997,100.41925827541601,100.65719604492188,11080800
2024-12-31,101.04740700510153,102.69393951280759,100.67622467735167,102.3798599243164,12387800
2025-01-02,103.05561556857323,103.74087757306332,101.7231624777631,102.13241577148438,12685400
2025-01-03,102.78912837457116,103.25548442385146,102.27518186134407,102.6558837890625,14237900
2025-01-06,103.01753968579938,104.48323728892737,102.33227771433333,102.54166412353516,15623700
2025-01-07,103.68377235857663,104.74972899682477,103.0556131156504,103.50293731689453,12625900
2025-01-08,102.13241478030258,102.51311669702298,100.89514262756765,101.770751953125,17858100
2025-01-10,103.45533753913261,104.78779047824418,100.67622618068678,101.3995590209961,19304500
2025-01-13,101.9611053633351,104.3404834081731,101.9611053633351,104.01689147949219,17073400
2025-01-14,103.54100338574445,104.46420311762958,102.62732319805076,104.42613220214844,11191200
2025-01-15,104.74021262152021,106.33915477771055,104.18819523468773,106.12976837158203,14521100
2025-01-16,105.82521904892745,106.30109465251283,105.21609885724101,105.94894409179688,10366600
2025-01-17,105.67292832464283,107.42415420494282,105.4730614558173,106.90068817138672,19298500
2025-01-21,106.64372275002896,106.76744778951304,105.7681061448134,106.09170532226562,20416300
2025-01-22,105.83473068591391,106.18688124447719,104.12158288025017,104.24530792236328,15718000
2025-01-23,104.98765694770323,105.77761206902801,104.32143411121505,104.83538055419922,13726800
2025-01-24,104.9210433834321,105.36836757994196,103.17934432007502,103.41728210449219,14235900
2025-01-27,103.75038840448607,105.12090503707869,103.16030011433682,104.85441589355469,15926700
2025-01-28,105.08285483036616,105.52065951664868,102.58926404019826,102.82720184326172,15862000
2025-01-29,102.51311572478016,103.53148916710997,102.28469748142831,103.42679595947266,12345500
2025-01-30,103.96929135622784,104.5498601261413,103.45534487492978,104.28337097167969,14346300
2025-01-31,105.21609852711431,105.21609852711431,100.98080131172189,101.67558288574219,20376500
2025-02-03,101.4947495234679,102.12290881410706,100.23843820347513,101.92303466796875,14623200
2025-02-04,101.56136501646802,104.9591163539758,101.39004951788422,104.65455627441406,14835700
2025-02-05,104.44517033540548,104.70214721509777,103.83605017349909,104.57841491699219,13364400
2025-02-06,105.42547376602921,105.6919701927551,102.77960667874605,103.19837951660156,13411400
2025-02-07,103.5314838607169,104.43565176567115,103.0936792245296,103.63617706298828,10051600
2025-02-10,104.70214920752697,105.6729322148872,104.57841690706682,105.61582946777344,12142200
2025-02-11,106.21542879518077,107.08152584265112,105.47306404665484,106.28205108642578,12713100
2025-02-12,105.67708371729026,105.84993157546117,102.92112268040815,103.08436584472656,18244100
2025-02-13,102.89231913114472,104.10225417604192,102.28734794557859,103.8333740234375,15460000
2025-02-14,104.20788346443844,105.84994194098066,103.80457419795657,103.93901062011719,15733500
2025-02-18,104.31351048263407,106.57973486476887,104.01583088771959,105.76351165771484,20060300
2025-02-19,106.35888075310663,107.67443821510508,105.68669131681608,105.91716003417969,10964700
2025-02-20,106.17642802088709,107.95291558865782,105.58106149129577,107.54960632324219,16325800
2025-02-21,106.89662803158548,107.40556696909005,106.1668250682136,106.29166412353516,14710000
2025-02-24,106.5221159591171,107.41516202490104,105.93635416724618,106.84860229492188,13153500
2025-02-25,106.8774190334039,107.67443283083279,104.56317856435808,105.36980438232422,14497000
2025-02-26,105.37939986433899,105.50423890932623,104.20787627244815,105.11052703857422,10446400
2025-02-27,105.63867302607484,106.8678101035605,104.93767689450902,105.77310943603516,15293200
2025-02-28,105.73469593868535,107.14628554216347,104.9952883719898,106.90621948242188,18821700
2025-03-03,107.26151702668055,107.70324504207805,102.27775040084146,103.47808074951172,18706900
2025-03-04,102.13371065761605,104.63039635094316,101.73040141337358,103.2668228149414,19394900
2025-03-05,101.63436687603159,102.10490164347922,99.55059516728343,101.2502670288086,24822200
2025-03-06,101.24066209657384,103.81417062858223,100.21317962257619,103.34364318847656,17150200
2025-03-07,104.10225668429284,106.01318059737575,103.9966270247834,104.6880111694336,19625000
2025-03-10,104.93768143817438,108.09695186150383,104.74563150883981,107.35755157470703,22749100
2025-03-11,107.47277277758683,107.64562063511494,104.46714832159573,104.82244873046875,19904700
2025-03-12,104.71682456086629,105.75390443410868,104.11185336472012,104.79364013671875,14051500
2025-03-13,104.02543473188445,106.4164908186742,103.35324531739029,104.35192108154297,17767800
2025-03-14,104.6112011527099,107.72245561080894,104.0062299204159,107.45358276367188,15890100
2025-03-17,107.35754513611452,109.95025565781361,107.29032693225521,109.23966217041016,19908800
2025-03-18,109.55654377350196,109.98866707782851,108.09694535026688,109.12442779541016,15998700
2025-03-19,109.66217808070316,111.2178088550842,109.30688498513157,110.82410430908203,17315000
2025-03-20,110.16151225835274,111.84197463980996,109.67177545583954,111.29462432861328,16230800
2025-03-21,110.91053009033203,111.38105756058145,109.80622464583055,110.91053009033203,41102800
2025-03-24,111.08336642399378,112.26449465048535,110.98734146623678,111.19860076904297,14207500
2025-03-25,111.80356825388408,112.96548713109259,111.35224287880415,111.95720672607422,12081800
2025-03-26,113.00389743717089,114.44429381477272,113.00389743717089,113.57044982910156,14110800
2025-03-27,113.40720575956772,114.3386632485144,112.60058731114056,113.20555114746094,12740800
2025-03-28,113.40721878149215,113.75291453515091,112.58139085066682,113.05192565917969,10233400
2025-03-31,113.10953056767993,115.14529348137624,113.10953056767993,114.20423126220703,21652300
2025-04-01,114.48270809212376,114.54032160425595,113.24396629763665,114.30986022949219,12425400
2025-04-02,113.68568650238353,114.1178024940098,112.98469768696893,113.95455932617188,12614600
2025-04-03,109.82543189250487,110.86251178050262,107.7704668529516,107.96251678466797,21204600
2025-04-04,105.5042372572018,106.4260900709176,99.70424022711765,100.1939697265625,30841300
2025-04-07,96.40093992018934,101.59597370014559,94.54762938531168,98.84961700439453,35068500
2025-04-08,101.26947293791513,101.40390935479742,95.07577108820765,96.76583099365234,27147800
2025-04-09,95.42146298572283,102.34496748154783,94.23073001805048,101.59596252441406,30063300
2025-04-10,99.58900327605843,99.6562214796908,93.91384543728404,95.9592056274414,33999300
2025-04-11,96.3145094764317,99.80026614867558,94.8645083733973,99.04165649414062,22884600
2025-04-14,100.8565558507933,100.91416936302362,98.6383477151056,99.28172302246094,18020000
2025-04-15,99.52178606568698,101.22145788715173,98.90721753313329,99.00324249267578,13164900
2025-04-16,99.81946569269732,101.39429847400628,99.57939963059249,100.04993438720703,13607000
2025-04-17,100.53006266456418,104.23668310772526,100.30919867233592,102.67144775390625,17916500
2025-04-21,101.41351201371533,101.43271407592657,99.98272027633709,101.1638412475586,16926500
2025-04-22,101.92246085657663,104.61120405501416,101.92246085657663,103.99663543701172,13147000
2025-04-23,104.48635995015299,104.95689474920692,102.23934492277724,103.10358428955078,14235700
2025-04-24,103.67973645895941,104.55357315233607,102.70986747569147,104.31350708007812,9849600
2025-04-25,103.84298356897611,104.43835008820508,103.15159208244837,104.25589752197266,11245800
2025-04-28,104.42874143220658,104.90887357672247,103.40125893599198,104.31350708007812,13890900
2025-04-29,103.45887846385925,104.50557040939903,103.24761913579239,104.05424499511719,9483100
2025-04-30,103.15159036269044,103.15159036269044,100.01152929433648,101.4327163696289,20379300
2025-05-01,100.92377930296617,102.67146008506563,100.80855227251624,101.5767593383789,18610300
2025-05-02,103.43967867314106,104.66881588936896,100.39564239135231,101.98967742919922,16581900
2025-05-05,100.49165803831377,100.50126273242815,98.97443872258357,99.16648864746094,19624000
2025-05-06,99.76185422311934,101.76881035301628,99.36814968285509,100.54927062988281,16303400
2025-05-07,100.81814485982517,101.10622707475915,99.93470347917237,100.4532470703125,12332200
2025-05-08,101.15423608840204,103.12278079970336,101.15423608840204,101.85523223876953,19196500
2025-05-09,102.88271630029479,103.46847810816605,102.15291338247835,103.04595947265625,10992100
2025-05-12,105.88833530461821,106.05158579456435,104.01582295325927,104.82244873046875,14244600
2025-05-13,104.97609062569182,106.11880746142715,104.68800841166669,105.11052703857422,13350800
2025-05-14,104.5343771837758,104.5343771837758,103.64133104986804,104.16947937011719,15494900
2025-05-15,103.20035901133336,105.29363685777157,102.69642585962279,105.22579956054688,15004300
2025-05-16,105.2936436524603,105.52622763028089,104.13070897593472,104.84785461425781,14042500
2025-05-19,104.24700238195618,104.24700238195618,102.45415311277843,103.18098449707031,16802700
2025-05-20,103.10345782295856,103.42326541826678,101.54319246929157,101.70793914794922,12429300
2025-05-21,101.30091388210847,101.72732400308172,100.4384078782936,100.45779418945312,16716100
2025-05-22,99.87633213268603,100.27367021635106,98.74247682039787,99.78911590576172,13417400
2025-05-23,99.43052732575842,100.27365435455003,98.9169010207757,99.84724426269531,12061600
2025-05-27,100.29303333665305,100.6516061317405,99.72126288920884,100.32210540771484,13043600
2025-05-28,101.06832233005039,101.2039969231541,98.64555117646891,98.9556655883789,14292400
2025-05-29,99.12042316854105,99.67281475664451,98.60679681040943,99.51776123046875,13825300
2025-05-30,99.00412642891578,99.22701724010547,98.06409001497512,99.13980102539062,28645800
2025-06-02,100.54501120532584,100.64192058075736,99.0622763194604,99.86663818359375,17290500
2025-06-03,99.72126856237468,101.42690163423865,99.05258131506825,100.59346771240234,19194300
2025-06-04,100.7097520399455,101.67886052545778,99.13980102539062,99.13980102539062,15648500
2025-06-05,99.79879477604136,99.8666320740645,98.58740917297756,98.68431854248047,13924800
2025-06-06,99.58558649892743,101.27183313349495,99.50805604835381,101.04893493652344,15487800
2025-06-09,101.10708897751697,102.5801306063756,100.62253473998689,101.7273178100586,17087300
2025-06-10,102.80303093298025,104.32453097451338,102.65766317997547,103.9078140258789,17634800
2025-06-11,104.43113665077948,106.01078088368226,103.17129261168118,105.9332504272461,22648200
2025-06-12,105.55529571522099,106.78606764684805,104.87692272482809,106.34027862548828,17469400
2025-06-13,108.87934682522467,109.05378666431727,107.2609372809115,108.65645599365234,28540200
2025-06-16,108.36571775485719,109.6643270564626,107.69703048943366,109.00533294677734,22986100
2025-06-17,110.4299122832885,111.37964188084752,109.61586467999037,110.4783706665039,19451700
2025-06-18,111.0695298681772,111.68006558393269,109.45112038804743,109.69339752197266,17968900
2025-06-20,109.94536024294479,111.48624665698877,109.68370419195463,111.15674591064453,36273300
2025-06-23,113.09495457524564,113.33723169078277,107.72610020140846,108.28817749023438,26631100
2025-06-24,105.87510211023117,107.51289781778655,104.57650028779175,104.99320983886719,24828300
2025-06-25,104.77032280510122,105.86541277218186,104.37298476247835,105.02229309082031,17483200
2025-06-26,105.57467991463989,107.02834263102486,105.19672819987667,106.59223937988281,18304800
2025-06-27,106.5437968215284,106.6988503454803,105.02229668708586,106.00109100341797,22002100
2025-06-30,105.28394965126363,105.47776839893884,104.39237158201962,104.46990203857422,19199000
2025-07-01,104.78969127899254,106.2530470702201,103.83996916346457,105.86540222167969,15536900
2025-07-02,106.60193234936017,107.9199204680855,105.46807720704395,107.61949920654297,11892200
2025-07-03,107.43536880227055,108.99563407732639,107.20278483272446,108.73397064208984,11223600
2025-07-07,108.09435976061357,108.58860715114504,106.81513687442865,107.67764282226562,15415900
2025-07-08,107.4644375679824,110.9241545075964,107.42567234196552,110.6624984741211,17913400
2025-07-09,110.40084181930531,110.74002832562124,109.77091979688356,110.28455352783203,10652100
2025-07-10,110.1973326835177,111.70913966033532,109.57710380104322,111.37964630126953,14901700
2025-07-11,111.30211206116263,112.1840043634859,110.97261871329103,111.86419677734375,11683900
2025-07-14,111.67037023033019,111.67037023033019,109.7224601706443,110.40083312988281,13220300
2025-07-15,110.14888189220494,110.53651939917212,109.1216217963497,109.42205047607422,10959300
2025-07-16,109.39296085183982,109.99381076178989,108.6370574322415,108.76304626464844,11158900
2025-07-17,108.04590877120798,108.76305441240078,107.65826387748159,108.21066284179688,13151400
2025-07-18,107.67765285604386,108.27850282588928,104.02410943883655,104.44082641601562,32366600
2025-07-21,104.27607781047072,105.40993303196863,104.12102428822786,104.7121810913086,17010400
2025-07-22,104.64433622773014,106.0592337118755,104.28576343077877,105.1870346069336,13970900
2025-07-23,105.56498728177672,106.60193306217856,105.48745682869541,106.53409576416016,12002700
2025-07-24,106.27244088744028,107.52258433689845,105.75880717545196,107.3675308227539,15647200
2025-07-25,107.30939347388357,107.55167061246537,106.3112054522089,106.98958587646484,10548900
2025-07-28,107.57104168343983,108.64675269177111,107.41598077707704,107.99745178222656,12353000
2025-07-29,108.44324501371226,109.50926290841475,107.96838390850783,109.3929672241211,15928000
2025-07-30,108.93749234982809,109.13131109646395,107.82301607239378,108.44324493408203,12996900
2025-07-31,106.95081126319111,109.02470279599133,106.95081126319111,108.19126892089844,17233700
2025-08-01,108.54015612563701,109.06347562277384,105.49715591146874,106.25305938720703,19652000
2025-08-04,105.84603379348519,106.52440680036018,103.7818279128161,104.05318450927734,19129500
2025-08-05,103.90781377136695,104.48927738825077,102.79333752600816,103.92719268798828,21314300
2025-08-06,104.96414033212473,105.68128595286021,103.08407485080633,103.2197494506836,15321800
2025-08-07,103.8302892678961,104.7218673577944,102.61890358258492,102.67704772949219,13468300
2025-08-08,103.21005794196374,104.18885962273232,102.67704529557706,103.50079345703125,14417700
2025-08-11,103.80121054798994,104.20823433770178,102.27001736530904,102.56075286865234,13570700
2025-08-12,103.05499811125478,103.96596250056969,102.51229969738787,102.85148620605469,14109400
2025-08-13,102.7255050875512,104.27607727050781,102.47353479728595,104.27607727050781,17958700
2025-08-14,104.22762027221738,104.26637810505987,103.15190926491991,104.0628662109375,13683500
2025-08-15,103.86724922324527,105.20727767225166,103.63249350424832,104.16068267822266,19271900
2025-08-18,103.77920958007088,104.88449718842561,103.35861492943839,104.38565063476562,13040000
2025-08-19,103.87702753697705,105.10946897165667,103.8281256912634,105.07034301757812,16113600
2025-08-20,105.52027559905606,106.93856338685328,105.32465329988311,106.15605926513672,18959700
2025-08-21,106.04846417689045,107.17331104721137,105.59852692126454,106.84075164794922,12194900
2025-08-22,107.20265639990329,108.9730703319415,107.20265639990329,108.84590911865234,13586700
2025-08-25,108.47422241379935,109.47190808736983,108.12209630253625,109.29584503173828,9744900
2025-08-26,108.93393728899466,109.36430782035067,107.94602755875756,109.05130767822266,18143900
2025-08-27,108.98284252847807,110.50872479862804,108.98284252847807,110.28375244140625,15262600
2025-08-28,110.40113185373734,111.16406926831552,109.61862773172712,110.8706283569336,14189800
2025-08-29,111.23253781846655,112.27913279070275,111.09560071649264,111.79006958007812,14597900
2025-09-02,111.68247363253984,112.71928523765276,110.8510676777316,112.18132019042969,15206700
2025-09-03,111.47707342707002,111.92701070150105,109.02197393206504,109.4621353149414,14920100
2025-09-04,109.65776392463337,110.65544968398005,108.94372828692933,109.94142150878906,12864400
2025-09-05,109.15890647666285,109.33496952995232,106.63533853368457,106.84075164794922,16826700
2025-09-08,107.32981893274481,107.64281909909218,105.97999965208031,107.44718933105469,15440500
2025-09-09,108.1123126941091,110.04900630149459,108.1123126941091,108.22969055175781,14899500
2025-09-10,108.72853689092521,110.09790791473041,108.41552927118416,110.03922271728516,15837600
2025-09-11,108.96328418409082,110.30331259737805,108.44487837785454,109.68709564208984,11534500
2025-09-12,110.39135056172458,110.74347667695436,109.43278336748516,109.7066650390625,11105700
2025-09-15,109.72622213060235,110.00009633429147,108.88503281212152,109.89250183105469,12880500
2025-09-16,110.48916065280257,112.79753962492748,110.31309759687737,112.17153930664062,17208000
2025-09-17,112.02481793561441,112.96381840538344,111.55532143198607,112.76819610595703,13302000
2025-09-18,112.65082487964047,112.8268879444926,110.91954429402186,111.43795013427734,14628700
2025-09-19,111.40860461879606,111.48685652613011,110.17616319707892,110.35222625732422,38746500
2025-09-22,109.99031206295804,110.33266227722565,109.1197801531321,109.56971740722656,15611500
2025-09-23,110.25440538949279,112.24000072243238,110.01965715068778,111.4574966430664,25369100
2025-09-24,112.0639444255493,113.22791726150317,111.96613327536691,112.05416107177734,14756100
2025-09-25,112.13240556058528,113.36484686640543,111.90744067629603,113.0616226196289,15012600
2025-09-26,113.42354910951006,115.771054224055,113.38442315364114,114.65599060058594,18568900
2025-09-29,113.52135246473706,113.95173048719916,111.18363086547707,111.72160339355469,19189300
2025-09-30,110.87062679338135,111.00756389342513,109.49147243936548,110.28375244140625,18076200
2025-10-01,110.09789884379705,110.54783606633605,108.85568167097328,109.54036712646484,16614000
2025-10-02,109.52081626547348,110.61631307810582,108.60137504414647,108.8556900024414,13062600
2025-10-03,109.45234787482161,111.26188025905991,109.45234787482161,110.78260040283203,12950100
2025-10-06,110.811942836342,112.25956575657106,110.70434833331672,111.70203399658203,12036800
2025-10-07,111.57488052075732,112.00525853390788,109.29584416931891,111.76072692871094,11945000
2025-10-08,111.87810421856602,112.4943286776499,110.9293278004365,111.5259780883789,12301000
2025-10-09,111.92701077194054,112.98338913649347,110.2739746716223,110.44026184082031,10976200
2025-10-10,109.80446979335335,110.15659588806842,108.28837091541277,108.30793762207031,13811600
2025-10-13,109.10021898851849,109.8435971381859,108.88502998762696,109.78490447998047,10296500
2025-10-14,108.33728430066219,110.48915943830576,108.28837499468796,109.83381652832031,11167200
2025-10-15,110.33265869376197,111.08581272316219,108.54268562663296,109.16868591308594,12182900
2025-10-16,109.43277665973709,109.73600091191184,107.97537044368183,108.21990203857422,11782200
2025-10-17,109.18824678205839,110.44025483610798,108.74809288933457,109.78490447998047,13460100
2025-10-20,109.55015490988445,110.67500174297943,109.53059566572729,110.2348403930664,9523600
2025-10-21,110.42069196195318,110.88041257753997,109.54037668343724,110.24462890625,9202300
2025-10-22,110.9684405659551,112.66060257438927,110.60653856264305,112.20088195800781,12938800
2025-10-23,114.07888381990718,114.2940728303493,112.8366665266902,113.44310760498047,15001100
2025-10-24,113.80501308725131,113.92239094994473,112.66060691041326,112.86601257324219,9919400
2025-10-27,113.16922073300157,113.4528782825931,112.58234638945557,113.40397644042969,10975400
2025-10-28,112.96381511423425,113.63872471386321,112.4747519174045,112.51387786865234,9535200
2025-10-29,112.40628456818962,114.48969858493084,112.29869006673762,113.90281677246094,12570600
2025-10-30,113.88325805189164,113.97128584665982,112.02481638304766,112.18132019042969,16172900
2025-10-31,111.48685802493144,112.70951610904078,110.15660543241947,111.8585433959961,20213400
2025-11-03,111.99547896682066,112.47475883970789,111.15428961950117,111.27166748046875,12290300
2025-11-04,110.89997052706153,111.84875434601639,110.04900531986425,111.64334869384766,16860700
2025-11-05,111.59444073626622,112.6606024247043,111.18362942696528,111.19341278076172,12400900
2025-11-06,111.15428644574173,112.42585378445636,111.15428644574173,111.99547576904297,14219700
2025-11-07,112.68995422762184,114.93964818375095,112.38673739777889,114.65599060058594,17181100
2025-11-10,114.87117206413615,115.85907440036497,112.93447841994653,115.63410949707031,13048000
2025-11-11,116.23076366484545,118.1674497871952,116.23076366484545,117.15998077392578,16077100
2025-11-12,116.49485272257324,116.67091577303606,115.2135095268513,115.53629302978516,13790900
2025-11-13,116.03513132693413,117.14041892714476,115.6927885818516,116.19163513183594,17291900
2025-11-14,116.87244686746136,117.8887353636572,115.1062932109266,117.70126342773438,17064300
2025-11-17,117.38552169764868,117.90846178816332,115.55029315462276,116.11270141601562,16034900
2025-11-18,115.69830168794815,117.888736331486,114.92869114352331,117.4447250366211,15808500
2025-11-19,115.29375327419233,116.60604172062995,114.3860079315462,115.78709411621094,15919200
2025-11-20,116.408707853123,117.42498877850575,115.1852171506071,115.46148681640625,14401000
2025-11-21,115.43188565384565,115.81669090021714,114.10973583867872,115.52069091796875,15667600
2025-11-24,115.63909032972836,115.63909032972836,113.21185429092529,114.42547607421875,18034900
2025-11-25,113.64599157904323,114.35640356418065,112.66917886337103,112.98491668701172,14434600
2025-11-26,112.88625659268574,114.1985375288773,112.78758240073623,113.241455078125,11650600
2025-11-28,113.41906192601292,117.15858658847456,113.29079601103197,114.37614440917969,7240800
2025-12-01,114.55374295204415,115.84630108764226,114.55374295204415,115.0766830444336,12658100
2025-12-02,114.88921809084783,115.04708324638574,113.16252513788129,113.84333038330078,14607700
2025-12-03,114.40573490546087,116.40870498878743,114.33666749071055,116.2311019897461,16819100
2025-12-04,115.93510103769927,116.76391006156861,115.10629201382993,115.57989501953125,13686900
2025-12-05,115.19508677208725,117.1980493890323,114.85961861238273,114.98788452148438,12516900
2025-12-08,114.28734474807399,115.44176054687456,113.50786529061997,114.43534851074219,14904200
2025-12-09,115.34309108710077,118.86554441991682,115.33322216241953,116.67510986328125,23790800
2025-12-10,117.14871962735373,118.27353614463954,116.79351361897044,117.94792938232422,19845200
2025-12-11,117.52365595718771,118.75700806191198,117.48418778650247,117.94792938232422,14781800
2025-12-12,117.84926366942325,118.32286666589587,116.7343085399838,117.23751831054688,14459500
2025-12-15,117.42499492509607,117.44472524749287,115.29375877259989,116.19164276123047,16358700
2025-12-16,115.21481767475714,115.28388509197318,113.08358913795975,113.15265655517578,17638700
2025-12-17,113.67560151860383,116.05350810769643,113.63613334596256,115.84630584716797,18502200
2025-12-18,115.43188826880714,115.43188826880714,114.09000057442135,114.98788452148438,13705600
2025-12-19,115.19508563764711,116.00416431060746,114.41560621051228,115.1358871459961,45412800
2025-12-22,115.77722164532553,116.88230780760051,115.77722164532553,116.5764389038086,11768600
2025-12-23,116.89217662008511,118.43139758967328,116.74417286659772,117.82952117919922,12567600
2025-12-24,117.74073010922581,118.45114214395569,117.53352785372694,117.63219451904297,6137400
2025-12-26,117.30658757240157,117.95780111252107,116.95138155556984,117.5236587524414,8066100
2025-12-29,118.54980731774646,119.68449277406494,117.80979604551057,118.92474365234375,14782500
2025-12-30,119.48715192182848,120.17783362594038,119.02341032010088,119.37861633300781,11150500
2025-12-31,119.56609072636675,119.645027070368,118.27354008642878,118.73727416992188,10559900
2026-01-02,118.49059978063393,121.04610925583081,118.01699678802312,121.01651000976562,14175100
2026-01-05,123.54241067304274,124.25282267802316,120.75996867205853,123.69041442871094,30112200
2026-01-06,123.68055504442157,124.12456634567523,119.38849096567523,119.43782806396484,23328600
2026-01-07,118.20446913989147,118.52020697869004,116.6948398351087,116.91191101074219,20353000
2026-01-08,117.39538911339507,121.9834528842042,117.07965127821146,121.2730484008789,20232700
2026-01-09,121.58879088076311,123.19707936395015,121.46051744021162,122.95040893554688,16137700
2026-01-12,122.80240147695339,122.84186964764413,120.92770477195467,122.37812805175781,15314900
2026-01-13,123.33520752115764,125.44670567169717,123.14773559683472,124.85469818115234,21619700
2026-01-14,125.65390130486156,129.96570264290852,125.43683014660162,128.4659423828125,27593900
2026-01-15,127.41021728515625,128.4659589129329,126.59126963826562,127.41021728515625,17400000
2026-01-16,127.19313614676857,128.4264882192749,127.15366044933069,128.1600799560547,16592400
2026-01-20,129.75850742241903,130.18278839040843,128.3376983939911,128.72250366210938,16477300
2026-01-21,130.15319515904696,131.94894814141026,130.15319515904696,131.83055114746094,18879900
2026-01-22,131.2780145581945,132.39295473790614,130.09399942683189,131.8601531982422,16600100
2026-01-23,133.29083656970107,134.16898274194648,132.68896008834847,133.1724395751953,17758200
2026-01-26,135.10632010808388,135.1161965608048,132.3830839926767,133.04415893554688,16056100
2026-01-27,133.44868592421057,135.10630377962872,132.91588448655938,135.0076446533203,14517000
2026-01-28,135.8562009907484,136.17193129495084,134.84978147594126,135.74766540527344,15637300
2026-01-29,138.4511844795975,140.4442706895522,137.25729298858514,138.63864135742188,35760600
2026-01-30,136.89222281998863,140.31600948196575,135.99433887052737,139.51678466796875,29657700
2026-02-02,137.96769474381085,138.45117416466744,136.2212640353769,136.55673217773438,27735600
2026-02-03,136.793544109173,143.07870143659915,136.4679373562069,141.8157501220703,37577800
2026-02-04,142.20055727718952,145.87101428924865,142.20055727718952,145.6243438720703,29426200
2026-02-05,144.62781659622433,144.77581284046167,141.884842462186,144.1344757080078,18431700
2026-02-06,144.6672665207462,147.57798958994934,144.1443264224402,147.06491088867188,17216000
2026-02-09,147.27209524420377,149.53160461677265,146.6504960526817,149.19613647460938,21297300
2026-02-10,149.33428146677946,149.75854737153173,147.82465966871308,149.57107543945312,15800300
2026-02-11,151.91938464479432,154.83995408588135,151.52471798158845,153.4882049560547,23091500
2026-02-12,152.8525141182461,154.20334596774293,148.86955392329364,148.91920471191406,30652500
2026-02-13,149.53503667709694,150.63755397112487,146.9823556296224,147.44918823242188,20166000
2026-02-17,147.20088103709168,148.12461916232286,144.1714401084163,145.20443725585938,19766600
2026-02-18,147.1512117547303,149.96213457527915,146.61485893888485,149.66415405273438,19849700
2026-02-19,151.17391296007145,152.34596565632472,149.82308104142925,149.95220947265625,20305000
2026-02-20,149.47544461771784,149.79327938752533,145.47261494560635,146.28707885742188,25908600
2026-02-23,147.15121695350626,150.2501932791706,147.13136269897575,149.74362182617188,16073100
2026-02-24,149.40590636909334,149.7038868797102,147.0320197225123,148.25372314453125,14185500
2026-02-25,148.89935987129022,149.16752870809867,146.33675156146265,148.05508422851562,15225700
2026-02-26,146.8134999377823,149.94227252800187,145.78051802335915,147.53857421875,15632100
2026-02-27,149.98200583536115,152.61413431248826,148.24380378097783,151.47189331054688,30275100
2026-03-02,158.27571783411466,158.53395953870333,151.99831803716847,153.1802978515625,31493100
2026-03-03,154.38213258261683,154.99796304377034,149.2867277341108,150.80641174316406,25198900
2026-03-04,149.70389345621814,150.14092953686614,146.8631740879252,148.80996704101562,16764800
2026-03-05,149.9820092838136,151.30304469422904,148.46232523665645,149.74362182617188,22969300
2026-03-06,152.11750594783567,152.7631329506698,148.94902463171314,150.1905975341797,21136400
2026-03-09,150.99513118452776,152.8525193577848,148.4623194854107,149.42578125,25532700
2026-03-10,148.2438074071617,149.3860484370434,146.70425394729372,147.13136291503906,19617600
2026-03-11,146.9922966622343,150.78653536813772,146.66451961480584,150.55809020996094,15297400
2026-03-12,151.24344930814027,153.95504029024,150.607764586727,152.4949493408203,26054000
2026-03-13,153.25975221702967,155.83228746743393,151.94864404183042,155.06747436523438,22414100
2026-03-16,154.94829470435673,156.7162932647919,153.71664895698615,156.1699981689453,22835600
2026-03-17,157.1831271380657,159.36829238305089,155.74290562359263,157.73934936523438,21592200
2026-03-18,158.5836245978209,159.10010800410745,156.46797955848893,156.52757263183594,18947100
2026-03-19,157.19305147663275,158.48429028446628,153.79610994446438,157.09373474121094,27082700
2026-03-20,158.27571685943028,161.3448813824297,158.02740228334451,158.5935516357422,53942100
2026-03-23,155.0674825949629,160.3317546721225,153.9749075468967,160.04371643066406,25021300
2026-03-24,160.61980432865266,166.35089373485314,160.16289884783137,164.2650604248047,26131800
2026-03-25,162.76523571437266,163.8876224635627,161.83157047054226,162.1593475341797,17192300
2026-03-26,162.9837500460696,164.5630270982508,160.96743691898868,164.31471252441406,18625200
2026-03-27,164.46370369951495,170.07560677850861,163.68896347300407,169.8372344970703,30338300
2026-03-30,171.34697728498398,175.22069359950967,169.8968287100872,170.31399536132812,29813500
2026-03-31,171.50590682570027,173.20438516733364,164.8510793251324,168.51620483398438,32006700
2026-04-01,164.65244003535972,166.86740190025927,158.4545025086476,159.69607543945312,37927600
2026-04-02,163.38105866010596,165.77479957775347,158.51408403248303,159.60667419433594,25377700
2026-04-06,159.487489402714,162.64604346041736,158.4544923034983,162.2686004638672,16344300
2026-04-07,163.11288507606477,165.11927115752792,160.67940518515758,162.8049774169922,25227500
2026-04-08,152.48501476813874,155.2959375077992,149.96213025990082,155.16680908203125,31311200
2026-04-09,155.80250368747105,158.15652110139501,153.26969189141946,153.99476623535156,25868400
2026-04-10,153.0014954462256,154.07421618394392,150.89579278843675,151.4818115234375,21065000
2026-04-13,153.2299625378998,153.5775938501499,150.2601147579226,151.61094665527344,18685600
2026-04-14,149.05827765272088,149.0980013153962,145.73085634569497,148.23387145996094,18528200
2026-04-15,147.5981924772423,149.21719323350692,145.90964120778764,148.0054168701172,15626500
2026-04-16,148.5219186530788,151.7500082642809,148.3431394263767,150.9553985595703,15191000
2026-04-17,143.88339364446122,145.81031711382454,141.01287784947976,145.45274353027344,28947400
2026-04-20,146.38640659622348,148.36298082556593,145.36335180517733,146.6843719482422,16354400
2026-04-21,146.3764710712823,147.80676545067388,145.25409949638887,147.35980224609375,17515900
2026-04-22,148.362982781199,149.6641486885593,147.18100301621726,148.4921112060547,13738700
2026-04-23,148.83975888275486,150.2104449991002,147.4988541463299,149.51516723632812,12970400
2026-04-24,148.6311717290291,149.28672584587542,145.95930447127088,147.90609741210938,13735900
2026-04-27,148.15441024053547,150.16078107497748,146.97243044995622,147.19094848632812,13940800
2026-04-28,150.50842941760018,151.2831696813456,148.8198933339478,149.5449676513672,15173600
2026-04-29,150.99512988770653,153.90536941024126,149.99192931237258,153.62725830078125,14669100
2026-04-30,151.4023509728099,154.6403826360389,150.3197030948466,153.28955078125,22885900
2026-05-01,151.5811440344586,153.96495780190406,150.11112604973115,151.72019958496094,15458200
2026-05-04,151.64074192537495,153.42860988574816,148.51198436166095,152.65386962890625,14238500
2026-05-05,152.06784743638346,154.24307032010233,151.3824968040683,153.83584594726562,12494600
2026-05-06,148.0650192907908,149.31651926928876,146.09835698125573,147.6875762939453,20527000
2026-05-07,145.81031490363108,146.08842600263094,143.2179102511608,145.591796875,22509400
2026-05-08,144.8667215176822,145.51233331644596,142.9497252181697,143.59535217285156,19550100
2026-05-11,145.0355844956354,148.71063725771492,145.01571508552792,148.6708984375,14849500
2026-05-12,150.2303172466553,150.78653946738183,148.76029921246098,149.614501953125,16443100
2026-05-13,149.04834222252728,150.76667488570803,148.67089920812532,150.5481719970703,15772800
2026-05-14,150.87592785682824,152.08770418043682,150.240243158863,151.75,11331500
2026-05-15,153.75,158.0,153.0,157.9199981689453,27882400
2026-05-18,157.32000732421875,161.72999572753906,155.22999572753906,160.49000549316406,20065200
2026-05-19,161.5,163.32000732421875,159.63999938964844,162.5500030517578,20715600
2026-05-20,161.61000061035156,163.67999267578125,156.27000427246094,156.27999877929688,18509700
2026-05-21,158.4199981689453,159.38999938964844,153.4600067138672,155.2899932861328,17061700
2026-05-22,154.02999877929688,155.5500030517578,153.1699981689453,154.9199981689453,12948500
2026-05-26,153.5,154.5500030517578,149.47000122070312,149.80999755859375,13057800
2026-05-27,147.22999572753906,148.69000244140625,145.75,147.89999389648438,16241100
2026-05-28,149.33999633789062,150.2100067138672,146.8699951171875,146.9600067138672,14012500
2026-05-29,146.19000244140625,146.92999267578125,144.7100067138672,145.25999450683594,27959900
2026-06-01,147.02000427246094,149.64999389648438,147.0,149.3800048828125,16732100
2026-06-02,149.02999877929688,150.8300018310547,148.5,149.55999755859375,10462400
2026-06-03,150.61000061035156,154.91000366210938,150.02000427246094,152.52999877929688,14373000
2026-06-04,152.0500030517578,153.42999267578125,150.94000244140625,152.0399932861328,11799400
2026-06-05,152.00999450683594,152.1300048828125,149.3000030517578,149.9199981689453,16580300
